country,year,iso_code,pop,co2,co2_luc,co2_grow_prct,co2_luc_prct,co2_p_ener,co2_luc_p_ener,prim_ener_cons,region
Afghanistan,2014,AFG,32792528.0,8.697668075561523,8.776041030883789,-2.179384231567383,-1.9259870052337649,0.3266089856624603,0.32955202460289,26.630216598510746,Asia
Afghanistan,2015,AFG,33831767.0,9.384400367736816,9.696866035461426,7.8955888748168945,10.492491722106934,0.303177148103714,0.3132718503475189,30.953519821166992,Asia
Afghanistan,2016,AFG,34700613.0,8.605932235717773,8.944814682006836,-8.295339584350586,-7.755607604980469,0.3065298199653625,0.3186003267765045,28.075347900390625,Asia
Afghanistan,2017,AFG,35688941.0,9.311054229736328,14.564167976379396,8.193445205688477,62.82246017456055,0.2549757063388824,0.3988279700279236,36.51741790771485,Asia
Afghanistan,2018,AFG,36743040.0,10.191503524780272,13.07367992401123,9.45596694946289,-10.233938217163086,0.2192074358463287,0.2811996936798095,46.49251174926758,Asia
Afghanistan,2019,AFG,37856125.0,10.400110244750977,20.062664031982425,2.0468592643737793,53.45842742919922,0.2207550853490829,0.4258546829223633,47.11153030395508,Asia
Afghanistan,2020,AFG,39068977.0,11.11862564086914,16.71674156188965,6.908738613128662,-16.677356719970703,0.2370115667581558,0.3563445210456848,46.9117431640625,Asia
Afghanistan,2021,AFG,40000410.0,9.868841171264648,13.352206230163574,-11.240464210510254,-20.12674140930176,0.2074623703956604,0.280689537525177,47.569305419921875,Asia
Afghanistan,2022,AFG,40578847.0,10.169889450073242,21.54375267028809,3.0504941940307617,61.349761962890625,0.2254647761583328,0.477621465921402,45.10633087158203,Asia
Afghanistan,2023,AFG,41454762.0,10.516319274902344,26.189847946166992,3.4064292907714844,21.56586647033691,0.25612273812294,0.6378482580184937,41.05968475341797,Asia
Afghanistan,2024,AFG,42647502.0,10.825998306274414,29.07374382019043,2.9447436332702637,11.011505126953123,,,,Asia
Albania,2014,ALB,2903748.0,6.072488784790039,6.733584403991699,13.587498664855955,13.218498229980469,0.2358500063419342,0.2615263760089874,25.747249603271484,Europe
Albania,2015,ALB,2898634.0,4.712143898010254,5.963399887084961,-22.40176773071289,-11.437958717346191,0.1960319131612777,0.2480859607458114,24.037635803222656,Europe
Albania,2016,ALB,2897868.0,4.55503511428833,5.233314514160156,-3.3341288566589355,-12.242770195007324,0.1702116280794143,0.195557415485382,26.761011123657227,Europe
Albania,2017,ALB,2898245.0,5.343791961669922,6.116896152496338,17.316162109375,16.883777618408203,0.1824425160884857,0.2088370621204376,29.290279388427734,Europe
Albania,2018,ALB,2894229.0,5.194859981536865,5.8552961349487305,-2.7870118618011475,-4.276680946350098,0.1855760216712951,0.2091687768697738,27.9931640625,Europe
Albania,2019,ALB,2885011.0,4.94052791595459,5.226393699645996,-4.8958420753479,-10.740745544433594,0.1984334290027618,0.2099150419235229,24.897661209106445,Europe
Albania,2020,ALB,2871950.0,4.865033149719238,4.858584403991699,-1.528078317642212,-7.037532329559326,0.2303853929042816,0.2300800234079361,21.116933822631836,Europe
Albania,2021,ALB,2849641.0,5.1370110511779785,5.109897613525391,5.590462684631348,5.172550678253174,0.2015326768159866,0.200468972325325,25.48971939086914,Europe
Albania,2022,ALB,2827614.0,4.498281955718994,4.319808483123779,-12.433862686157228,-15.461933135986328,0.1739154309034347,0.1670151799917221,25.864765167236328,Europe
Albania,2023,ALB,2811660.0,4.417333126068115,4.112305164337158,-1.799553632736206,-4.803532600402832,0.1956004649400711,0.1820937395095825,22.583450317382812,Europe
Albania,2024,ALB,2791756.0,4.444447994232178,4.024406909942627,0.6138324737548828,-2.1374404430389404,,,,Europe
Algeria,2014,DZA,39205035.0,152.43466186523438,155.23577880859375,7.701587677001953,7.006359100341797,0.2602991759777069,0.2650823891162872,585.61328125,Africa
Algeria,2015,DZA,40019528.0,160.3216094970703,162.77407836914062,5.173993110656738,4.8560380935668945,0.2596224844455719,0.2635939717292785,617.5181884765625,Africa
Algeria,2016,DZA,40850719.0,158.30831909179688,161.08226013183594,-1.255786418914795,-1.039367914199829,0.2565792202949524,0.2610751092433929,616.995849609375,Africa
Algeria,2017,DZA,41689302.0,165.2516326904297,168.07342529296875,4.385948181152344,4.340124130249023,0.2649134993553161,0.2694371044635772,623.794677734375,Africa
Algeria,2018,DZA,42505033.0,174.461181640625,179.34844970703125,5.5730462074279785,6.708395481109619,0.2605376839637756,0.2678362429141998,669.6197509765625,Africa
Algeria,2019,DZA,43294551.0,182.42498779296875,184.90182495117188,4.564797878265381,3.0964136123657227,0.2627281546592712,0.2662952840328216,694.348876953125,Africa
Algeria,2020,DZA,44042094.0,171.13853454589844,172.73910522460938,-6.186908721923828,-6.577932834625244,0.2637368440628052,0.2662034630775451,648.8988037109375,Africa
Algeria,2021,DZA,44761099.0,182.0358123779297,185.4950256347656,6.36751651763916,7.38450288772583,0.2572481334209442,0.2621366083621979,707.6273193359375,Africa
Algeria,2022,DZA,45477391.0,192.778564453125,195.6962432861328,5.901443958282471,5.499458312988281,0.2625524699687958,0.2665261626243591,734.247802734375,Africa
Algeria,2023,DZA,46164222.0,202.84664916992188,205.5241546630859,5.222618579864502,5.022025108337402,0.2585574388504028,0.2619703114032745,784.5322265625,Africa
Algeria,2024,DZA,46814302.0,198.20318603515625,200.74237060546875,-2.289152145385742,-2.326631546020508,0.2607481777667999,0.2640886306762695,760.1326293945312,Africa
Andorra,2014,AND,73755.0,0.4616639912128448,0.4575236737728119,-3.07692289352417,-3.306490182876587,,,,Europe
Andorra,2015,AND,72195.0,0.4653280079364776,0.4607113599777221,0.7936477661132812,0.6967306137084961,,,,Europe
Andorra,2016,AND,72197.0,0.4726560115814209,0.4685889780521393,1.5748023986816406,1.7098784446716309,,,,Europe
Andorra,2017,AND,73780.0,0.4726560115814209,0.4674164652824402,0.0,-0.2502202987670898,,,,Europe
Andorra,2018,AND,75181.0,0.498304009437561,0.4902065694332123,5.426359176635742,4.875755310058594,,,,Europe
Andorra,2019,AND,76492.0,0.4909760057926178,0.4919652938842773,-1.4705896377563477,0.3587722778320312,,,,Europe
Andorra,2020,AND,77397.0,0.3773919939994812,0.3719692826271057,-23.134326934814453,-24.391151428222656,,,,Europe
Andorra,2021,AND,78379.0,0.4140320122241974,0.4103313684463501,9.708738327026367,10.313236236572266,,,,Europe
Andorra,2022,AND,79722.0,0.4234080016613006,0.4180585741996765,2.264559268951416,1.8831610679626465,,,,Europe
Andorra,2023,AND,80869.0,0.4180980026721954,0.4122722446918487,-1.2541115283966064,-1.3840913772583008,,,,Europe
Andorra,2024,AND,81955.0,0.4246630072593689,0.4186906814575195,1.5702009201049805,1.556849479675293,,,,Europe
Angola,2014,AGO,27160767.0,26.09214782714844,128.6487579345703,1.4873981475830078,-6.178629398345947,0.2527644038200378,1.246268630027771,103.2271499633789,Africa
Angola,2015,AGO,28157802.0,27.50522804260254,138.711669921875,5.4157257080078125,7.822000980377197,0.253526359796524,1.2785592079162598,108.4906005859375,Africa
Angola,2016,AGO,29183072.0,25.465633392333984,117.15609741210938,-7.415294647216797,-15.539836883544922,0.2619692087173462,1.2052042484283447,97.20850372314452,Africa
Angola,2017,AGO,30234836.0,23.600984573364254,113.74996185302734,-7.322221755981445,-2.9073476791381836,0.2813851833343506,1.3561955690383911,83.87429809570312,Africa
Angola,2018,AGO,31297160.0,23.27804946899414,99.2865219116211,-1.3683080673217771,-12.71511936187744,0.2555866837501526,1.0901391506195068,91.0769271850586,Africa
Angola,2019,AGO,32375633.0,22.21007537841797,84.3017578125,-4.587900638580322,-15.09244441986084,0.2335311621427536,0.8864033818244934,95.10540771484376,Africa
Angola,2020,AGO,33451139.0,16.549341201782227,70.41219329833984,-25.48723793029785,-16.476011276245117,0.2168362587690353,0.922569453716278,76.32183074951172,Africa
Angola,2021,AGO,34532427.0,19.21856117248535,70.30109405517578,16.128862380981445,-0.1577794551849365,0.2233396917581558,0.8169719576835632,86.0508041381836,Africa
Angola,2022,AGO,35635028.0,21.08900451660156,73.51608276367188,9.732473373413086,4.573166370391846,0.2180706560611724,0.7601923942565918,96.70720672607422,Africa
Angola,2023,AGO,36749909.0,21.674816131591797,72.1619873046875,2.7778029441833496,-1.841902732849121,0.2200437188148498,0.7325918078422546,98.50231170654295,Africa
Angola,2024,AGO,37885854.0,22.33358383178711,72.33656311035156,3.0393242835998535,0.2419233322143554,,,,Africa
Anguilla,2014,AIA,13748.0,0.1209120005369186,,6.451618671417236,,,,,North America
Anguilla,2015,AIA,14235.0,0.1355679929256439,,12.121212005615234,,,,,North America
Anguilla,2016,AIA,14344.0,0.1392319947481155,,2.7027010917663574,,,,,North America
Anguilla,2017,AIA,14450.0,0.1282400041818618,,-7.894730567932129,,,,,North America
Anguilla,2018,AIA,14747.0,0.1319040060043335,,2.8571367263793945,,,,,North America
Anguilla,2019,AIA,14845.0,0.1428959965705871,,8.333337783813477,,,,,North America
Anguilla,2020,AIA,14864.0,0.1355679929256439,,-5.128204822540283,,,,,North America
Anguilla,2021,AIA,14503.0,0.1392319947481155,,2.7027010917663574,,,,,North America
Anguilla,2022,AIA,14202.0,0.1428959965705871,,2.6315808296203613,,,,,North America
Anguilla,2023,AIA,14435.0,0.1426070034503936,,-0.2022445201873779,,,,,North America
Anguilla,2024,AIA,14623.0,0.1480849981307983,,3.841328620910645,,,,,North America
Antigua and Barbuda,2014,ATG,88784.0,0.5679199695587158,0.5300709009170532,1.9736886024475095,-0.7818341255187988,0.191078633069992,0.1783441752195358,2.972179412841797,North America
Antigua and Barbuda,2015,ATG,89421.0,0.5789120197296143,0.5383148789405823,1.9354820251464844,1.5552639961242676,0.1908004730939865,0.177420288324356,3.0341224670410156,North America
Antigua and Barbuda,2016,ATG,89980.0,0.5935680270195007,0.5552425384521484,2.5316476821899414,3.1445741653442383,0.1927719861268997,0.1803251057863235,3.0791196823120117,North America
Antigua and Barbuda,2017,ATG,90483.0,0.6008960008621216,0.5842980742454529,1.234567165374756,5.2329421043396,0.2052934765815735,0.1996228545904159,2.9270098209381104,North America
Antigua and Barbuda,2018,ATG,90942.0,0.6155520081520081,0.5832721590995789,2.4390220642089844,-0.1755714416503906,0.2109908312559127,0.1999263763427734,2.9174349308013916,North America
Antigua and Barbuda,2019,ATG,91377.0,0.6375359892845154,0.602215051651001,3.5714268684387207,3.247690200805664,0.2106367349624633,0.1989669799804687,3.0267083644866943,North America
Antigua and Barbuda,2020,ATG,91864.0,0.6155520081520081,0.5800111889839172,-3.448277711868286,-3.687036037445069,0.2104889750480651,0.1983357518911361,2.9243905544281006,North America
Antigua and Barbuda,2021,ATG,92358.0,0.6338719725608826,0.5988075137138367,2.97619104385376,3.240680694580078,0.2084693908691406,0.1969372928142547,3.040599822998047,North America
Antigua and Barbuda,2022,ATG,92850.0,0.6418319940567017,0.6117871999740601,1.2557744979858398,2.1675944328308105,0.2101314961910247,0.2002950310707092,3.0544302463531494,North America
Antigua and Barbuda,2023,ATG,93331.0,0.6405329704284668,0.6126866340637207,-0.2023875713348388,0.1470208168029785,0.2127007097005844,0.2034538239240646,3.0114285945892334,North America
Antigua and Barbuda,2024,ATG,93782.0,0.6651399731636047,0.6388325095176697,3.841638565063477,4.267418384552002,,,,North America
Argentina,2014,ARG,43024071.0,188.5391845703125,366.3091735839844,-0.5200684070587158,25.08653450012207,0.18986676633358,0.3688884973526001,993.0078125,South America
Argentina,2015,ARG,43477011.0,191.8087921142578,303.17913818359375,1.7341852188110352,-17.234086990356445,0.1899111866950988,0.3001796901226043,1009.9921264648438,South America
Argentina,2016,ARG,43900312.0,190.02049255371097,297.87921142578125,-0.9323358535766602,-1.7481207847595217,0.1889394521713256,0.2961845397949219,1005.7216796875,South America
Argentina,2017,ARG,44288898.0,187.06800842285156,267.747802734375,-1.5537679195404053,-10.115313529968262,0.1876331567764282,0.2685566544532776,996.9880981445312,South America
Argentina,2018,ARG,44654876.0,182.48345947265625,295.87225341796875,-2.4507462978363037,10.504091262817385,0.18506421148777,0.3000566065311432,986.0548095703124,South America
Argentina,2019,ARG,44973469.0,180.4276580810547,342.2071533203125,-1.126563549041748,15.660440444946287,0.1949182897806167,0.3696907162666321,925.657958984375,South America
Argentina,2020,ARG,45191960.0,164.6127166748047,293.6573486328125,-8.765256881713867,-14.18725872039795,0.1905301660299301,0.3398922085762024,863.9719848632812,South America
Argentina,2021,ARG,45312282.0,190.19692993164065,348.08184814453125,15.54206657409668,18.533336639404297,0.2005900293588638,0.3671023845672607,948.1873779296876,South America
Argentina,2022,ARG,45407904.0,183.7681427001953,333.00115966796875,-3.380066156387329,-4.332518577575684,0.1835402846336364,0.3325882852077484,1001.241455078125,South America
Argentina,2023,ARG,45538402.0,178.40699768066406,323.701416015625,-2.9173433780670166,-2.7927041053771973,0.1776500642299652,0.3223280310630798,1004.2608032226562,South America
Argentina,2024,ARG,45696153.0,171.05926513671875,315.46484375,-4.1185197830200195,-2.5444984436035156,0.1739990413188934,0.3208863437175751,983.1046142578124,South America
Armenia,2014,ARM,2922433.0,5.6041131019592285,6.2473649978637695,1.246333122253418,-1.5924632549285889,0.1388769894838333,0.1548175811767578,40.35306930541992,Asia
Armenia,2015,ARM,2921179.0,5.469203948974609,6.132974147796631,-2.407318353652954,-1.8310308456420896,0.1483196765184402,0.1663205027580261,36.87443161010742,Asia
Armenia,2016,ARM,2918796.0,5.206676959991455,5.785735607147217,-4.800093173980713,-5.661827087402344,0.1408111155033111,0.1564713716506958,36.976322174072266,Asia
Armenia,2017,ARM,2914966.0,5.5365891456604,5.9973368644714355,6.336331367492676,3.657293319702149,0.1390579491853714,0.1506301909685135,39.81497573852539,Asia
Armenia,2018,ARM,2909971.0,5.822122097015381,6.153860569000244,5.157196521759033,2.609884738922119,0.1490341871976852,0.1575260013341903,39.06568145751953,Asia
Armenia,2019,ARM,2903975.0,6.284110069274902,6.49112606048584,7.935047149658203,5.480551719665527,0.1518704891204834,0.1568735241889953,41.378082275390625,Asia
Armenia,2020,ARM,2890893.0,6.79518985748291,6.9529619216918945,8.132898330688477,7.114887237548828,0.1518904417753219,0.1554170697927475,44.73744201660156,Asia
Armenia,2021,ARM,2870339.0,7.350704193115234,7.4897894859313965,8.175110816955566,7.720851898193359,0.1602940708398819,0.1633270531892776,45.85761642456055,Asia
Armenia,2022,ARM,2880880.0,7.69877290725708,7.794183254241943,4.7351837158203125,4.0641188621521,0.1507913619279861,0.1526601165533065,51.0557975769043,Asia
Armenia,2023,ARM,2943398.0,7.430227756500244,7.486214160919189,-3.4881532192230225,-3.95127534866333,0.1574990898370742,0.1586858332157135,47.17632293701172,Asia
Armenia,2024,ARM,2973843.0,7.430715084075928,7.455007553100586,0.0065565109252929,-0.4168510437011719,,,,Asia
Aruba,2014,ABW,103381.0,0.8720319867134094,,1.276600360870361,,0.1757650524377823,,4.961349964141846,North America
Aruba,2015,ABW,104200.0,0.8976799845695496,,2.9411792755126953,,0.1761553436517715,,5.095956325531006,North America
Aruba,2016,ABW,104989.0,0.8830239772796631,,-1.6326546669006348,,0.1766219288110733,,4.999515056610107,North America
Aruba,2017,ABW,105737.0,0.8903520107269287,,0.8298754692077637,,0.1716313511133194,,5.1875834465026855,North America
Aruba,2018,ABW,106447.0,0.8683679699897766,,-2.4691343307495117,,0.1770323812961578,,4.905136585235596,North America
Aruba,2019,ABW,107089.0,0.8317279815673828,,-4.219407081604004,,0.1779954731464386,,4.67274808883667,North America
Aruba,2020,ABW,107411.0,0.8207359910011292,,-1.3215839862823486,,0.1796623021364212,,4.5682148933410645,North America
Aruba,2021,ABW,107565.0,0.8610399961471558,,4.910719394683838,,0.1783577650785446,,4.827600479125977,North America
Aruba,2022,ABW,107792.0,0.8883810043334961,,3.175342082977295,,0.1798415929079055,,4.9397969245910645,North America
Aruba,2023,ABW,107946.0,0.8865839838981628,,-0.2022802829742431,,0.1820463687181472,,4.870100021362305,North America
Aruba,2024,ABW,108076.0,0.920643985271454,,3.841710090637207,,,,,North America
Australia,2014,AUS,23595599.0,392.6095886230469,476.27691650390625,-1.3171494007110596,-15.294694900512695,0.2506352365016937,0.304047018289566,1566.4581298828125,Oceania
Australia,2015,AUS,23947997.0,400.5891723632813,438.6661071777344,2.03244686126709,-7.896840572357178,0.2501140832901001,0.2738879919052124,1601.6258544921875,Oceania
Australia,2016,AUS,24329963.0,409.6663208007813,505.0890808105469,2.26595401763916,15.142035484313965,0.2549437582492828,0.3143272995948791,1606.8890380859375,Oceania
Australia,2017,AUS,24731044.0,413.4078369140625,503.28228759765625,0.9133100509643556,-0.3577172756195068,0.258052796125412,0.314153254032135,1602.028076171875,Oceania
Australia,2018,AUS,25119700.0,414.7805786132813,465.7263793945313,0.3320574760437011,-7.462203502655029,0.2551070153713226,0.286440759897232,1625.908203125,Oceania
Australia,2019,AUS,25482714.0,414.9253234863281,454.1058654785156,0.0348925590515136,-2.495139837265014,0.2469363361597061,0.2702540159225464,1680.292724609375,Oceania
Australia,2020,AUS,25743787.0,398.5469055175781,492.4983520507813,-3.9473116397857666,8.454524993896484,0.2513838112354278,0.3106437623500824,1585.4119873046875,Oceania
Australia,2021,AUS,25956417.0,388.4722900390625,446.3272399902344,-2.527838945388794,-9.37488079071045,0.2444262653589248,0.2808285355567932,1589.322998046875,Oceania
Australia,2022,AUS,26200987.0,384.0784301757813,428.1367492675781,-1.1310577392578125,-4.07559871673584,0.231262519955635,0.2577910423278808,1660.789794921875,Oceania
Australia,2023,AUS,26451126.0,384.3160705566406,428.8910217285156,0.0618696212768554,0.1761794090270996,0.2318821549415588,0.2587770223617553,1657.376708984375,Oceania
Australia,2024,AUS,26713206.0,386.7323913574219,428.3882141113281,0.6287336349487305,-0.1172304153442382,0.231283500790596,0.2561955749988556,1672.1141357421875,Oceania
Austria,2014,AUT,8547812.0,64.15873718261719,64.1197509765625,-5.313146114349365,-5.382758140563965,0.1624727249145507,0.1623740047216415,394.8892517089844,Europe
Austria,2015,AUT,8644037.0,66.35778045654297,65.6677017211914,3.4275054931640625,2.4141550064086914,0.167408138513565,0.1656672060489654,396.38323974609375,Europe
Austria,2016,AUT,8737920.0,67.21873474121094,66.19050598144531,1.297450065612793,0.7961392402648926,0.1640877723693847,0.1615777611732483,409.6510925292969,Europe
Austria,2017,AUT,8798779.0,69.60147857666016,68.91455078125,3.544759750366211,4.115462303161621,0.1666827201843261,0.1650376617908477,417.5686645507813,Europe
Austria,2018,AUT,8841653.0,66.56651306152344,66.17977905273438,-4.360490798950195,-3.968358039855957,0.1629925668239593,0.1620456129312515,408.4021301269531,Europe
Austria,2019,AUT,8880876.0,67.95123291015625,67.2562484741211,2.080202102661133,1.6265869140625,0.1587792485952377,0.157155305147171,427.96038818359375,Europe
Austria,2020,AUT,8921402.0,62.17982864379883,61.37931442260742,-8.493447303771973,-8.738118171691895,0.155393585562706,0.1533930301666259,400.14410400390625,Europe
Austria,2021,AUT,8967053.0,65.7513427734375,65.22815704345703,5.743849277496338,6.27058744430542,0.1618157029151916,0.1605281382799148,406.3347778320313,Europe
Austria,2022,AUT,9064678.0,61.454139709472656,61.2166748046875,-6.53553581237793,-6.149923801422119,0.1609491556882858,0.1603272408246994,381.8233337402344,Europe
Austria,2023,AUT,9130434.0,56.90895462036133,56.50947189331055,-7.396059989929199,-7.689416408538818,0.1444535255432129,0.1434395164251327,393.9602966308594,Europe
Austria,2024,AUT,9120815.0,56.36765670776367,55.69970703125,-0.9511709213256836,-1.4329731464385986,0.1367030143737793,0.1350831091403961,412.3366088867187,Europe
Azerbaijan,2014,AZE,9631136.0,34.34476089477539,37.38976287841797,2.341771125793457,2.5967836380004883,0.2184207290410995,0.2377859055995941,157.2412872314453,Asia
Azerbaijan,2015,AZE,9752859.0,34.683326721191406,40.50861358642578,0.9857892990112304,8.34144401550293,0.2018512636423111,0.2357534766197204,171.82615661621094,Asia
Azerbaijan,2016,AZE,9868434.0,34.726966857910156,44.40670394897461,0.1258254051208496,9.62287139892578,0.2040454298257827,0.2609206736087799,170.1923370361328,Asia
Azerbaijan,2017,AZE,9968510.0,34.698280334472656,40.7308349609375,-0.0826120376586914,-8.277731895446777,0.2078314423561096,0.2439644932746887,166.95396423339844,Asia
Azerbaijan,2018,AZE,10039782.0,34.57623291015625,39.47676086425781,-0.3517389297485351,-3.078937530517578,0.1962699890136718,0.2240875512361526,176.16668701171875,Asia
Azerbaijan,2019,AZE,10110483.0,37.7525520324707,41.50309753417969,9.18642234802246,5.1329851150512695,0.2030901908874511,0.2232662588357925,185.89059448242188,Asia
Azerbaijan,2020,AZE,10181736.0,36.23716354370117,39.52333068847656,-4.014003276824951,-4.770159721374512,0.1959522813558578,0.213722214102745,184.9285125732422,Asia
Azerbaijan,2021,AZE,10234372.0,38.29964447021485,41.142799377441406,5.6916117668151855,4.097497463226318,0.193873718380928,0.2082658410072326,197.5494384765625,Asia
Azerbaijan,2022,AZE,10295307.0,41.17457580566406,44.02000045776367,7.506418228149414,6.993198394775391,0.1958024948835373,0.2093336731195449,210.28628540039065,Asia
Azerbaijan,2023,AZE,10318209.0,42.74819564819336,45.4937744140625,3.8218259811401367,3.3479690551757812,0.1966038793325424,0.2092311382293701,217.43310546875,Asia
Azerbaijan,2024,AZE,10336577.0,39.83013916015625,42.48430252075195,-6.826150417327881,-6.615126132965088,0.1913515329360962,0.2041026502847671,208.1516571044922,Asia
Bahamas,2014,BHS,382312.0,2.0628321170806885,2.046453952789306,3.4926533699035645,2.5277256965637207,0.1668942868709564,0.1655692160129547,12.360112190246582,North America
Bahamas,2015,BHS,385355.0,2.2313759326934814,2.2093186378479004,8.170509338378906,7.958388328552246,0.1888494044542312,0.1869826316833496,11.815635681152344,North America
Bahamas,2016,BHS,388060.0,2.2460319995880127,2.2221059799194336,0.6568193435668945,0.5787849426269531,0.1815708875656128,0.1796367168426513,12.369999885559082,North America
Bahamas,2017,BHS,390496.0,2.520832061767578,2.502035856246948,12.234914779663086,12.597501754760742,0.1708870530128479,0.169612854719162,14.75145149230957,North America
Bahamas,2018,BHS,392718.0,2.4548799991607666,2.4296717643737793,-2.6162803173065186,-2.892202138900757,0.2019677758216858,0.199893832206726,12.154809951782228,North America
Bahamas,2019,BHS,394684.0,2.520832061767578,2.494487762451172,2.6865720748901367,2.667689323425293,0.2001260966062545,0.1980346739292144,12.59621810913086,North America
Bahamas,2020,BHS,395874.0,2.05184006690979,2.0262653827667236,-18.60464859008789,-18.770282745361328,0.1957900077104568,0.193349614739418,10.4798002243042,North America
Bahamas,2021,BHS,396381.0,2.726016044616699,2.701430559158325,32.85713195800781,33.32066345214844,0.2045992910861969,0.2027540355920791,13.32368278503418,North America
Bahamas,2022,BHS,397542.0,2.9619829654693604,2.9399256706237793,8.656108856201172,8.828485488891602,0.238920658826828,0.2371414750814438,12.397350311279297,North America
Bahamas,2023,BHS,399452.0,2.956121921539306,2.9355669021606445,-0.1978754997253418,-0.1482605934143066,0.2418572604656219,0.2401755303144455,12.222590446472168,North America
Bahamas,2024,BHS,401282.0,3.069679021835327,3.050442934036255,3.84141206741333,3.913247585296631,,,,North America
Bahrain,2014,BHR,1312857.0,30.97074508666992,30.970781326293945,-0.8246481418609619,-0.8246481418609619,0.1534657478332519,0.1534659266471862,201.8088531494141,Asia
Bahrain,2015,BHR,1369656.0,32.52061462402344,32.52061462402344,5.004298686981201,5.00417947769165,0.1597348749637603,0.1597348749637603,203.5911865234375,Asia
Bahrain,2016,BHR,1429609.0,31.635435104370117,31.63547134399414,-2.7218997478485107,-2.7217864990234375,0.155733123421669,0.1557333022356033,203.13877868652344,Asia
Bahrain,2017,BHR,1482003.0,32.91658020019531,32.91665267944336,4.04970645904541,4.049825668334961,0.1575001329183578,0.1575004905462265,208.9939727783203,Asia
Bahrain,2018,BHR,1497634.0,32.698486328125,32.69852066040039,-0.6625652313232422,-0.6626784801483154,0.1554817408323288,0.1554819047451019,210.30435180664065,Asia
Bahrain,2019,BHR,1485675.0,37.61614227294922,37.616180419921875,15.03940773010254,15.039384841918944,0.1626565307378769,0.1626566797494888,231.26121520996097,Asia
Bahrain,2020,BHR,1483081.0,37.42927169799805,37.42930603027344,-0.4967868328094482,-0.4967868328094482,0.1659476161003112,0.1659477800130844,225.54872131347656,Asia
Bahrain,2021,BHR,1501762.0,36.26512908935547,36.26516342163086,-3.110247850418091,-3.110247850418091,0.1544383317232132,0.1544384956359863,234.81947326660156,Asia
Bahrain,2022,BHR,1533460.0,37.82683944702149,37.82687759399414,4.306375980377197,4.306364059448242,0.1524736583232879,0.1524738073348999,248.0876922607422,Asia
Bahrain,2023,BHR,1569674.0,38.78669357299805,38.78672790527344,2.5374889373779297,2.5374889373779297,0.1498190313577652,0.1498191654682159,258.8902893066406,Asia
Bahrain,2024,BHR,1607059.0,39.003456115722656,39.00349044799805,0.5588650703430176,0.5588650703430176,,,,Asia
Bangladesh,2014,BGD,157964931.0,67.55188751220703,78.1763916015625,4.306626319885254,4.537665843963623,0.212054967880249,0.2454068213701248,318.5583801269531,Asia
Bangladesh,2015,BGD,159383179.0,76.94612884521484,89.59843444824219,13.906705856323242,14.610600471496582,0.199807271361351,0.2326617091894149,385.1017456054687,Asia
Bangladesh,2016,BGD,160811934.0,81.76116180419922,93.21435546875,6.257665157318115,4.035699367523193,0.2114324271678924,0.2410501092672348,386.7011413574219,Asia
Bangladesh,2017,BGD,162186146.0,86.53086853027344,98.15934753417967,5.833709239959717,5.304968357086182,0.2147353142499923,0.2435925751924514,402.96527099609375,Asia
Bangladesh,2018,BGD,163523109.0,86.60810852050781,103.69165802001952,0.089263916015625,5.636048316955566,0.2012794017791748,0.2409819960594177,430.2879943847656,Asia
Bangladesh,2019,BGD,164913060.0,94.80768585205078,110.99710083007812,9.467447280883787,7.045352458953857,0.1964673697948455,0.2300162464380264,482.56201171875,Asia
Bangladesh,2020,BGD,166298024.0,95.72908782958984,109.97267150878906,0.9718656539916992,-0.922936201095581,0.2092680782079696,0.2404051721096038,457.4471740722656,Asia
Bangladesh,2021,BGD,167658855.0,98.53028106689452,111.7748031616211,2.926170825958252,1.6387104988098145,0.2000735104084015,0.2269675582647323,492.4703979492187,Asia
Bangladesh,2022,BGD,169384891.0,102.14740753173828,116.00879669189452,3.671085834503174,3.787970542907715,0.1994388848543167,0.2265027165412902,512.1739501953125,Asia
Bangladesh,2023,BGD,171466986.0,104.52667236328124,118.92208862304688,2.32924222946167,2.511262893676758,0.2063057273626327,0.2347181439399719,506.65911865234375,Asia
Bangladesh,2024,BGD,173562366.0,108.31787872314452,123.1196746826172,3.627026081085205,3.529691696166992,0.2047316282987594,0.2327084988355636,529.072509765625,Asia
Barbados,2014,BRB,278355.0,1.367624044418335,1.2349138259887695,-11.18355941772461,-13.705623626708984,0.2132583707571029,0.1925644427537918,6.412990570068359,North America
Barbados,2015,BRB,278999.0,1.3346480131149292,1.1803569793701172,-2.411186695098877,-4.4178667068481445,0.1958218067884445,0.1731839627027511,6.815625190734863,North America
Barbados,2016,BRB,279604.0,1.3714549541473389,1.2398440837860107,2.7578115463256836,5.0397515296936035,0.1976378709077835,0.1786716729402542,6.939231872558594,North America
Barbados,2017,BRB,280177.0,1.399243950843811,1.2828021049499512,2.026247978210449,3.464794158935547,0.213213711977005,0.1954705566167831,6.562636375427246,North America
Barbados,2018,BRB,280719.0,1.446876049041748,1.3425618410110474,3.4041285514831543,4.65853214263916,0.1959698498249054,0.1818411946296692,7.383156299591064,North America
Barbados,2019,BRB,281216.0,1.391916036605835,1.273312211036682,-3.798526525497437,-5.158019065856934,0.1934565156698227,0.176972284913063,7.194981575012207,North America
Barbados,2020,BRB,281706.0,1.25553297996521,1.160232424736023,-9.798222541809082,-8.88076400756836,0.2228076159954071,0.2058954834938049,5.635054588317871,North America
Barbados,2021,BRB,282157.0,1.190119981765747,1.1074235439300537,-5.2099761962890625,-4.551577568054199,0.2208047807216644,0.2054619789123535,5.389919281005859,North America
Barbados,2022,BRB,282324.0,1.3149830102920532,1.233715534210205,10.491633415222168,11.404132843017578,0.2345372140407562,0.2200425267219543,5.606713771820068,North America
Barbados,2023,BRB,282347.0,1.3167330026626587,1.240924835205078,0.1330852508544922,0.5843639373779297,0.2330143898725509,0.2195990830659866,5.65086555480957,North America
Barbados,2024,BRB,282476.0,1.365170955657959,1.2952618598937988,3.678655624389648,4.378747940063477,,,,North America
Belarus,2014,BLR,9472704.0,63.69921112060547,66.2701644897461,-0.7055819034576416,-2.290642261505127,0.2160300314426422,0.2247491925954818,294.8627624511719,Europe
Belarus,2015,BLR,9487289.0,58.82780838012695,62.091041564941406,-7.64750862121582,-6.306195259094238,0.2203605473041534,0.232584148645401,266.96160888671875,Europe
Belarus,2016,BLR,9499066.0,58.18806457519531,62.025115966796875,-1.087486743927002,-0.1061737537384033,0.2133012115955352,0.2273667901754379,272.797607421875,Europe
Belarus,2017,BLR,9495793.0,59.44437026977539,62.730613708496094,2.1590471267700195,1.1374354362487793,0.2139518558979034,0.2257796823978424,277.8399353027344,Europe
Belarus,2018,BLR,9480031.0,62.17066955566406,64.2143783569336,4.586303234100342,2.365291118621826,0.2023925483226776,0.2090457081794738,307.1786193847656,Europe
Belarus,2019,BLR,9435415.0,62.17063522338867,62.36420440673828,-5.364418029785156e-05,-2.8812408447265625,0.2013360410928726,0.2019629031419754,308.7904052734375,Europe
Belarus,2020,BLR,9350943.0,59.12289810180664,58.11101150512695,-4.902214050292969,-6.81992769241333,0.2063306868076324,0.2027993351221084,286.5444030761719,Europe
Belarus,2021,BLR,9251368.0,60.861080169677734,59.15428161621094,2.939939498901367,1.7953038215637207,0.1946155279874801,0.1891576945781707,312.72467041015625,Europe
Belarus,2022,BLR,9173240.0,57.120548248291016,54.22060012817383,-6.1460137367248535,-8.34035873413086,0.1881972998380661,0.1786427348852157,303.51416015625,Europe
Belarus,2023,BLR,9115679.0,55.73606491088867,52.82794952392578,-2.423793077468872,-2.568495273590088,0.1836250573396682,0.174044132232666,303.53192138671875,Europe
Belarus,2024,BLR,9056696.0,55.818416595458984,52.296871185302734,0.1477479934692382,-1.0052919387817385,0.1779602766036987,0.1667328923940658,313.6566162109375,Europe
Belgium,2014,BEL,11210113.0,97.0809555053711,100.36459350585938,-5.5779337882995605,-4.536396026611328,0.1491600275039672,0.154205173254013,650.8510131835938,Europe
Belgium,2015,BEL,11275332.0,101.32749938964844,105.73751831054688,4.374229907989502,5.353415012359619,0.1541274636983871,0.1608354747295379,657.4266357421875,Europe
Belgium,2016,BEL,11332707.0,99.8162841796875,102.67652130126952,-1.4914095401763916,-2.894902229309082,0.1406835615634918,0.1447148472070694,709.50927734375,Europe
Belgium,2017,BEL,11376583.0,99.28218841552734,103.35106658935548,-0.5350768566131592,0.6569623947143555,0.1386540532112121,0.1443365067243576,716.04248046875,Europe
Belgium,2018,BEL,11428608.0,100.2563705444336,103.97957611083984,0.9812235832214355,0.6081342697143555,0.1403747349977493,0.1455878019332885,714.2052612304688,Europe
Belgium,2019,BEL,11490623.0,99.7987289428711,103.68399810791016,-0.456470251083374,-0.2842664718627929,0.1351609975099563,0.1404229551553726,738.3692626953125,Europe
Belgium,2020,BEL,11540102.0,91.25455474853516,94.6321792602539,-8.561408996582031,-8.730202674865723,0.1374510526657104,0.1425385475158691,663.9058227539062,Europe
Belgium,2021,BEL,11570843.0,94.92807006835938,97.8793487548828,4.025578498840332,3.431367874145508,0.128579244017601,0.1325767338275909,738.2845458984375,Europe
Belgium,2022,BEL,11641814.0,88.91497039794922,92.43592834472656,-6.334376335144043,-5.561363697052002,0.1280359923839569,0.1331061273813247,694.452880859375,Europe
Belgium,2023,BEL,11712891.0,84.70336151123047,88.4144058227539,-4.736667633056641,-4.350602626800537,0.1302011609077453,0.1359055638313293,650.5576782226562,Europe
Belgium,2024,BEL,11738761.0,85.4561996459961,89.29556274414062,0.8888006210327148,0.9966135025024414,0.1326720416545868,0.1386326998472213,644.1161499023438,Europe
Belize,2014,BLZ,348934.0,0.5019680261611938,7.349141597747803,6.2015533447265625,56.275917053222656,0.1808997094631195,2.6484904289245605,2.774841547012329,North America
Belize,2015,BLZ,356341.0,0.6851680278778076,10.0112943649292,36.496341705322266,36.223995208740234,0.2149772644042968,3.1411283016204834,3.1871650218963623,North America
Belize,2016,BLZ,364717.0,0.6741759777069092,6.857395648956299,-1.6042768955230713,-31.503402709960938,0.2112393379211425,2.148625612258911,3.1915266513824463,North America
Belize,2017,BLZ,373215.0,0.6668480038642883,6.345058441162109,-1.086956262588501,-7.471304893493652,0.185503214597702,1.765062928199768,3.5948057174682617,North America
Belize,2018,BLZ,380232.0,0.6595399975776672,5.48638391494751,-1.095902919769287,-13.532966613769531,0.1902630180120468,1.5827032327651978,3.4664642810821533,North America
Belize,2019,BLZ,385833.0,0.7694399952888489,8.87559986114502,16.66313362121582,61.77503967285156,0.1768364012241363,2.039833068847656,4.35114049911499,North America
Belize,2020,BLZ,390819.0,0.6536359786987305,7.92993688583374,-15.050429344177246,-10.654640197753906,0.1889321208000183,2.2921319007873535,3.4596338272094727,North America
Belize,2021,BLZ,395355.0,0.6936299800872803,6.751504421234131,6.1186909675598145,-14.860552787780762,0.193013310432434,1.8787107467651367,3.5936901569366455,North America
Belize,2022,BLZ,402741.0,0.7237610220909119,5.755055904388428,4.343962669372559,-14.758909225463867,0.1922043561935424,1.528331637382507,3.765580892562866,North America
Belize,2023,BLZ,411112.0,0.7664510011672974,7.398584365844727,5.8983564376831055,28.55799102783203,0.2068653404712677,1.9968799352645872,3.7050721645355225,North America
Belize,2024,BLZ,417077.0,0.7960270047187805,7.172998905181885,3.858828544616699,-3.0490338802337646,,,,North America
Benin,2014,BEN,11030008.0,4.7740159034729,32.20257568359375,4.556334018707275,-1.5942811965942385,0.2303279936313629,1.5536508560180664,20.727033615112305,Africa
Benin,2015,BEN,11360681.0,5.318237781524658,17.453956604003906,11.39967441558838,-45.79949951171875,0.2335831075906753,0.7665976881980896,22.768075942993164,Africa
Benin,2016,BEN,11697845.0,5.310542106628418,35.6707763671875,-0.1447081565856933,104.37071228027344,0.1912903040647506,1.284892201423645,27.761688232421875,Africa
Benin,2017,BEN,12039777.0,5.555002212524414,59.9708251953125,4.603302478790283,68.12312316894531,0.188636228442192,2.0364835262298584,29.448225021362305,Africa
Benin,2018,BEN,12383349.0,5.6684489250183105,54.55925369262695,2.042245864868164,-9.023672103881836,0.1749438345432281,1.6838477849960327,32.40153503417969,Africa
Benin,2019,BEN,12726760.0,5.272597789764404,28.799325942993164,-6.9834113121032715,-47.21458435058594,0.1746832877397537,0.9541332125663756,30.183757781982425,Africa
Benin,2020,BEN,13070169.0,5.540919780731201,40.66438674926758,5.088984966278076,41.199100494384766,0.1746629178524017,1.281837821006775,31.72350311279297,Africa
Benin,2021,BEN,13413423.0,5.805787086486816,51.16423797607422,4.7801971435546875,25.820755004882812,0.2356070429086685,2.076317310333252,24.641822814941406,Africa
Benin,2022,BEN,13759507.0,6.092278003692627,48.59222412109375,4.934573173522949,-5.026978492736816,0.240461379289627,1.917928457260132,25.335784912109375,Africa
Benin,2023,BEN,14111035.0,5.927823066711426,49.01921081542969,-2.699398994445801,0.8787155151367188,0.2214901000261306,1.831578016281128,26.76337623596191,Africa
Benin,2024,BEN,14462721.0,6.066339015960693,50.15290832519531,2.336704730987549,2.312755584716797,,,,Africa
Bermuda,2014,BMU,63551.0,0.6668480038642883,,24.657535552978516,,0.2239177227020263,,2.9780938625335693,North America
Bermuda,2015,BMU,63482.0,0.5422719717025757,,-18.681318283081055,,0.2163309156894683,,2.506678342819214,North America
Bermuda,2016,BMU,63466.0,0.6155520081520081,,13.513517379760742,,0.1932169795036316,,3.1858067512512207,North America
Bermuda,2017,BMU,63603.0,0.6412000060081482,,4.166662693023682,,0.2039416432380676,,3.1440365314483643,North America
Bermuda,2018,BMU,63852.0,0.6961600184440613,,8.571434020996094,,0.2258588522672653,,3.0822789669036865,North America
Bermuda,2019,BMU,64130.0,0.5935680270195007,,-14.73684310913086,,0.2213480621576309,,2.6816046237945557,North America
Bermuda,2020,BMU,64404.0,0.4360159933567047,,-26.543212890625,,0.2205823063850402,,1.9766589403152464,North America
Bermuda,2021,BMU,64672.0,0.5166239738464355,,18.487380981445312,,0.2234405577182769,,2.312131643295288,North America
Bermuda,2022,BMU,64772.0,0.530726969242096,,2.7298450469970703,,0.2247906476259231,,2.3609836101531982,North America
Bermuda,2023,BMU,64721.0,0.529653012752533,,-0.2023637294769287,,0.2275885790586471,,2.3272390365600586,North America
Bermuda,2024,BMU,64660.0,0.5500010251998901,,3.8417577743530273,,,,,North America
Bhutan,2014,BTN,733151.0,1.3323349952697754,9.45011043548584,4.993331432342529,-16.92918586730957,0.302776426076889,2.1475608348846436,4.400392055511475,Asia
Bhutan,2015,BTN,740623.0,1.4338979721069336,10.38109302520752,7.622933387756348,9.8515625,0.3113636374473572,2.2542014122009277,4.605219841003418,Asia
Bhutan,2016,BTN,747878.0,1.5602699518203735,9.696914672851562,8.813179016113281,-6.590616703033447,0.3075515329837799,1.9114006757736208,5.0731987953186035,Asia
Bhutan,2017,BTN,754343.0,1.6492869853973389,9.855730056762695,5.705225467681885,1.6377925872802734,0.3061351776123047,1.829387903213501,5.387446880340576,Asia
Bhutan,2018,BTN,759766.0,1.6819159984588623,10.11809253692627,1.9783735275268557,2.662038803100586,0.2734438776969909,1.6449872255325315,6.1508636474609375,Asia
Bhutan,2019,BTN,764830.0,1.5648809671401978,8.953702926635742,-6.958431243896484,-11.507999420166016,0.2493920624256134,1.4269343614578247,6.274782657623291,Asia
Bhutan,2020,BTN,770013.0,1.213662028312683,7.814541339874268,-22.44381332397461,-12.722796440124512,0.1335912495851516,0.8601689338684082,9.084891319274902,Asia
Bhutan,2021,BTN,775450.0,1.4546819925308228,14.411465644836426,19.858909606933594,84.41857147216797,0.099306508898735,0.983824908733368,14.648405075073242,Asia
Bhutan,2022,BTN,780921.0,1.5495929718017578,11.979389190673828,6.524515151977539,-16.875988006591797,0.0984699875116348,0.7612388134002686,15.736702919006348,Asia
Bhutan,2023,BTN,786386.0,1.629647970199585,9.507761001586914,5.166196823120117,-20.632339477539062,0.1103443130850792,0.643775463104248,14.768754005432127,Asia
Bhutan,2024,BTN,791530.0,1.6574159860610962,8.193991661071777,1.7039299011230469,-13.817858695983888,,,,Asia
Bolivia,2014,BOL,10848889.0,19.90032196044922,89.02930450439453,11.939752578735352,-22.403478622436523,0.2465612739324569,1.1030564308166504,80.71146392822266,South America
Bolivia,2015,BOL,11014707.0,19.899728775024418,75.03970336914062,-0.002986192703247,-15.71347713470459,0.2350054532289505,0.8861799240112305,84.677734375,South America
Bolivia,2016,BOL,11180020.0,21.249603271484375,62.29457473754883,6.783390045166016,-16.98451042175293,0.2384348213672638,0.6989870071411133,89.12122344970703,South America
Bolivia,2017,BOL,11344591.0,22.181583404541016,113.89036560058594,4.385864734649658,82.82549285888672,0.2366865426301956,1.2152565717697144,93.71713256835938,South America
Bolivia,2018,BOL,11508370.0,22.50887107849121,129.8479461669922,1.4754891395568848,14.011359214782717,0.2348778545856475,1.3549505472183228,95.83224487304688,South America
Bolivia,2019,BOL,11671386.0,22.609254837036133,95.4397201538086,0.4459619522094726,-26.49886703491211,0.2364321649074554,0.9980434775352478,95.62681579589844,South America
Bolivia,2020,BOL,11816301.0,18.320192337036133,95.8230209350586,-18.970382690429688,0.401616096496582,0.2315455377101898,1.2110894918441772,79.121337890625,South America
Bolivia,2021,BOL,11937369.0,21.766603469848633,111.18633270263672,18.812095642089844,16.033004760742188,0.2297533005475998,1.173606514930725,94.73902893066406,South America
Bolivia,2022,BOL,12077156.0,23.48820686340332,122.07794952392578,7.909369468688965,9.795820236206056,0.227345660328865,1.1816097497940063,103.31495666503906,South America
Bolivia,2023,BOL,12244161.0,24.620519638061523,130.3097686767578,4.820775985717773,6.7430853843688965,0.2338504046201706,1.2377071380615234,105.28319549560548,South America
Bolivia,2024,BOL,12413318.0,28.708663940429688,139.64813232421875,16.604625701904297,7.16627836227417,,,,South America
Bonaire Sint Eustatius and Saba,2014,BES,24491.0,0.117247998714447,,3.2258033752441406,,,,,North America
Bonaire Sint Eustatius and Saba,2015,BES,24638.0,0.1282400041818618,,9.375011444091797,,,,,North America
Bonaire Sint Eustatius and Saba,2016,BES,24567.0,0.1319040060043335,,2.8571367263793945,,,,,North America
Bonaire Sint Eustatius and Saba,2017,BES,24821.0,0.1392319947481155,,5.555558204650879,,,,,North America
Bonaire Sint Eustatius and Saba,2018,BES,25184.0,0.1319040060043335,,-5.263155937194824,,,,,North America
Bonaire Sint Eustatius and Saba,2019,BES,25652.0,0.1392319947481155,,5.555558204650879,,,,,North America
Bonaire Sint Eustatius and Saba,2020,BES,26476.0,0.1319040060043335,,-5.263155937194824,,,,,North America
Bonaire Sint Eustatius and Saba,2021,BES,27347.0,0.1392319947481155,,5.555558204650879,,,,,North America
Bonaire Sint Eustatius and Saba,2022,BES,28654.0,0.1465599983930587,,5.263161659240723,,,,,North America
Bonaire Sint Eustatius and Saba,2023,BES,29920.0,0.1462640017271042,,-0.2019643783569336,,,,,North America
Bonaire Sint Eustatius and Saba,2024,BES,30699.0,0.151881992816925,,3.8409948348999023,,,,,North America
Bosnia and Herzegovina,2014,BIH,3564831.0,19.311786651611328,17.37532615661621,-11.41831874847412,-5.352127552032471,0.3197903931140899,0.2877239286899566,60.388885498046875,Europe
Bosnia and Herzegovina,2015,BIH,3518541.0,18.46049118041992,17.921480178833008,-4.408156871795654,3.1432747840881348,0.3002444207668304,0.2914778590202331,61.48487854003906,Europe
Bosnia and Herzegovina,2016,BIH,3472997.0,21.734071731567383,21.536361694335938,17.732894897460938,20.170665740966797,0.3448894619941711,0.3417520821094513,63.01750183105469,Europe
Bosnia and Herzegovina,2017,BIH,3428684.0,22.152509689331055,20.08363151550293,1.9252657890319824,-6.745475769042969,0.3363948762416839,0.3049781322479248,65.85269927978516,Europe
Bosnia and Herzegovina,2018,BIH,3386999.0,22.07869529724121,20.609506607055664,-0.3332078456878662,2.618420124053955,0.352656602859497,0.329189658164978,62.606781005859375,Europe
Bosnia and Herzegovina,2019,BIH,3345532.0,20.81037712097168,21.00167655944824,-5.744534492492676,1.9028544425964355,0.35201296210289,0.3552488386631012,59.11821365356445,Europe
Bosnia and Herzegovina,2020,BIH,3299352.0,20.831811904907227,20.7366943359375,0.102996826171875,-1.2617170810699463,0.3662906885147095,0.3646182119846344,56.87234878540039,Europe
Bosnia and Herzegovina,2021,BIH,3244912.0,21.267650604248047,19.963119506835938,2.0921707153320312,-3.730458021163941,0.3262821137905121,0.3062683641910553,65.1817855834961,Europe
Bosnia and Herzegovina,2022,BIH,3204802.0,20.742835998535156,19.86142349243164,-2.4676620960235596,-0.5094170570373535,0.2289974689483642,0.2192668169736862,90.5810775756836,Europe
Bosnia and Herzegovina,2023,BIH,3185072.0,19.881309509277344,19.165143966674805,-4.153365135192871,-3.5056889057159424,0.2334691137075424,0.2250590622425079,85.15605926513672,Europe
Bosnia and Herzegovina,2024,BIH,3164256.0,19.425931930541992,18.804372787475582,-2.2904813289642334,-1.8824398517608645,,,,Europe
Botswana,2014,BWA,2172053.0,6.85016393661499,8.125235557556152,20.962345123291016,-42.19757843017578,0.3560715019702911,0.4223497211933136,19.238170623779297,Africa
Botswana,2015,BWA,2203276.0,5.417540073394775,5.347447395324707,-20.913719177246097,-34.187171936035156,0.2310949563980102,0.2281050235033035,23.442916870117188,Africa
Botswana,2016,BWA,2234784.0,6.340872764587402,6.198307037353516,17.043399810791016,15.911507606506348,0.2457014620304107,0.2401771694421768,25.807226181030273,Africa
Botswana,2017,BWA,2266749.0,7.066343784332275,6.71368408203125,11.44118309020996,8.314800262451172,0.2987608313560486,0.2838505804538727,23.652175903320312,Africa
Botswana,2018,BWA,2299149.0,7.643490791320801,7.038784503936768,8.167552947998047,4.842352867126465,0.3259981572628021,0.3002071678638458,23.44642448425293,Africa
Botswana,2019,BWA,2332082.0,7.485551834106445,6.8987627029418945,-2.0663201808929443,-1.989293098449707,0.3280972242355346,0.3023778200149536,22.815040588378903,Africa
Botswana,2020,BWA,2365895.0,6.192160129547119,5.637393951416016,-17.27851104736328,-18.283981323242188,0.281651884317398,0.256418228149414,21.985153198242188,Africa
Botswana,2021,BWA,2401448.0,6.683135986328125,6.211432456970215,7.928991317749023,10.182690620422363,0.288090169429779,0.2677564322948456,23.198070526123047,Africa
Botswana,2022,BWA,2439895.0,7.395754814147949,7.0574212074279785,10.662948608398438,13.619863510131836,0.2525546550750732,0.2410010248422622,29.28377914428711,Africa
Botswana,2023,BWA,2480242.0,7.248676776885986,6.995677947998047,-1.9886791706085205,-0.8748650550842285,0.307372897863388,0.2966447472572326,23.58268165588379,Africa
Botswana,2024,BWA,2521145.0,7.461598873138428,7.265391826629639,2.9373884201049805,3.855443000793457,,,,Africa
Brazil,2014,BRA,200085126.0,556.5255126953125,1874.425537109375,4.6949028968811035,3.6851048469543457,0.155643805861473,0.524221658706665,3575.63525390625,South America
Brazil,2015,BRA,201675534.0,528.1735229492188,1872.297119140625,-5.0944623947143555,-0.1135528087615966,0.1493940651416778,0.5295798778533936,3535.438232421875,South America
Brazil,2016,BRA,203218108.0,491.7448425292969,1752.0494384765625,-6.8971099853515625,-6.422466278076172,0.1424746811389923,0.5076264142990112,3451.454345703125,South America
Brazil,2017,BRA,204703440.0,497.2545471191406,1619.4608154296875,1.120448112487793,-7.567625999450684,0.1429866701364517,0.4656796157360077,3477.62890625,South America
Brazil,2018,BRA,206107265.0,476.6005554199219,1638.6298828125,-4.153609275817871,1.1836647987365725,0.1367036402225494,0.4700092673301697,3486.3779296875,South America
Brazil,2019,BRA,207455459.0,476.7237548828125,1714.41650390625,0.0258445739746093,4.624998569488525,0.1336476504802703,0.4806300401687622,3567.01904296875,South America
Brazil,2020,BRA,208660845.0,447.9993896484375,1817.2388916015625,-6.025367736816406,5.997514724731445,0.1309009939432144,0.5309792757034302,3422.42919921875,South America
Brazil,2021,BRA,209550291.0,496.5619812011719,2048.131591796875,10.839879989624023,12.705683708190918,0.1386580318212509,0.5719122886657715,3581.19873046875,South America
Brazil,2022,BRA,210306411.0,480.0582885742187,2132.762451171875,-3.3235907554626465,4.132091999053955,0.1286427229642868,0.5715230107307434,3731.717529296875,South America
Brazil,2023,BRA,211140731.0,483.991943359375,2086.059326171875,0.8194088935852051,-2.1897852420806885,0.125589981675148,0.5413068532943726,3853.746337890625,South America
Brazil,2024,BRA,211998565.0,483.0115356445313,2082.67822265625,-0.2025604248046875,-0.1620888710021972,0.1232469826936721,0.5314236879348755,3919.053955078125,South America
British Virgin Islands,2014,VGB,32988.0,0.2161760032176971,,1.7241358757019043,,0.2916709184646606,,0.7411640286445618,North America
British Virgin Islands,2015,VGB,34523.0,0.2235040068626403,,3.3898353576660156,,0.3004445135593414,,0.74391108751297,North America
British Virgin Islands,2016,VGB,33904.0,0.2271679937839508,,1.6393423080444336,,0.3013285100460052,,0.7538881897926331,North America
British Virgin Islands,2017,VGB,32724.0,0.1795359998941421,,-20.96773910522461,,0.2532365322113037,,0.7089656591415405,North America
British Virgin Islands,2018,VGB,34682.0,0.1575520038604736,,-12.244897842407228,,0.2353711575269699,,0.6693768501281738,North America
British Virgin Islands,2019,VGB,36423.0,0.1832000017166137,,16.27906608581543,,0.2398345321416854,,0.7638599872589111,North America
British Virgin Islands,2020,VGB,37161.0,0.1795359998941421,,-1.9999980926513672,,0.2395065128803253,,0.7496079802513123,North America
British Virgin Islands,2021,VGB,37833.0,0.1832000017166137,,2.0408153533935547,,0.239449605345726,,0.7650879621505737,North America
British Virgin Islands,2022,VGB,38346.0,0.1857610046863556,,1.3979315757751465,,0.2391888052225113,,0.7766290903091431,North America
British Virgin Islands,2023,VGB,39009.0,0.1853850036859512,,-0.202411413192749,,0.2421839237213134,,0.7654719352722168,North America
British Virgin Islands,2024,VGB,39498.0,0.1925069987773895,,3.841733932495117,,,,,North America
Brunei,2014,BRN,416757.0,8.830991744995117,10.543619155883787,15.80026149749756,14.351797103881836,0.1993235945701599,0.2379791438579559,44.30480194091797,Asia
Brunei,2015,BRN,422223.0,6.933290004730225,8.412996292114258,-21.489112854003903,-20.20770263671875,0.1416167318820953,0.171840637922287,48.9581298828125,Asia
Brunei,2016,BRN,427571.0,7.632907867431641,8.955061912536621,10.09070873260498,6.443202495574951,0.1492539793252945,0.1751074194908142,51.14039611816406,Asia
Brunei,2017,BRN,432787.0,9.3093843460083,10.561848640441896,21.963787078857425,17.942773818969727,0.181306391954422,0.2056989818811416,51.34614181518555,Asia
Brunei,2018,BRN,437811.0,9.341090202331545,10.228656768798828,0.340580940246582,-3.154677152633667,0.1753225773572921,0.1919813007116317,53.27944564819336,Asia
Brunei,2019,BRN,442690.0,9.564188957214355,10.443108558654783,2.3883581161499023,2.09658145904541,0.1776050180196762,0.1939264088869094,53.85089111328125,Asia
Brunei,2020,BRN,447411.0,11.15709114074707,11.94239616394043,16.654861450195312,14.356708526611328,0.1905544102191925,0.2039667963981628,58.55068588256836,Asia
Brunei,2021,BRN,451722.0,11.70884132385254,12.406319618225098,4.9452900886535645,3.884685039520264,0.2106939554214477,0.223244696855545,55.5727424621582,Asia
Brunei,2022,BRN,455374.0,12.237037658691406,12.982369422912598,4.511094093322754,4.643189907073975,0.2283699512481689,0.2422794699668884,53.58427429199219,Asia
Brunei,2023,BRN,458959.0,12.502692222595217,13.291733741760254,2.170896530151367,2.382957935333252,0.2304455935955047,0.2449889630079269,54.25442123413086,Asia
Brunei,2024,BRN,462734.0,12.052462577819824,12.893863677978516,-3.6010563373565674,-2.99336314201355,,,,Asia
Bulgaria,2014,BGR,7223450.0,45.169063568115234,40.288177490234375,6.07302188873291,13.315427780151367,0.213514506816864,0.1904424875974655,211.5503387451172,Europe
Bulgaria,2015,BGR,7177515.0,48.12712478637695,42.070899963378906,6.548857688903809,4.424929618835449,0.2142025679349899,0.1872477382421493,224.680419921875,Europe
Bulgaria,2016,BGR,7127436.0,45.34375,39.28573226928711,-5.78337287902832,-6.620174407958984,0.2127642035484314,0.1843384653329849,213.1173858642578,Europe
Bulgaria,2017,BGR,7075642.0,47.44584274291992,41.36814880371094,4.635906219482422,5.300688743591309,0.2174674272537231,0.1896103918552398,218.1744842529297,Europe
Bulgaria,2018,BGR,7024745.0,43.503326416015625,37.79844284057617,-8.309507369995117,-8.62911319732666,0.1988140195608139,0.1727422028779983,218.81417846679688,Europe
Bulgaria,2019,BGR,6975466.0,42.19498062133789,36.51962661743164,-3.0074656009674072,-3.383249044418335,0.199454978108406,0.1726276874542236,211.55140686035156,Europe
Bulgaria,2020,BGR,6933656.0,36.57102966308594,30.31332015991211,-13.328486442565918,-16.99444580078125,0.1871848404407501,0.1551554352045059,195.37388610839844,Europe
Bulgaria,2021,BGR,6877222.0,42.36503219604492,34.71478271484375,15.84315299987793,14.519906044006348,0.190935268998146,0.15645632147789,221.8816375732422,Europe
Bulgaria,2022,BGR,6825862.0,46.931793212890625,39.548866271972656,10.779547691345217,13.92514705657959,0.2045937031507492,0.1724086999893188,229.3902130126953,Europe
Bulgaria,2023,BGR,6795805.0,34.500946044921875,26.948894500732425,-26.487041473388672,-31.859254837036133,0.175017774105072,0.1367074102163314,197.1282501220703,Europe
Bulgaria,2024,BGR,6757686.0,31.621824264526367,23.78885269165039,-8.34505558013916,-11.726051330566406,0.164873719215393,0.1240332052111625,191.79421997070312,Europe
Burkina Faso,2014,BFA,18229466.0,2.8675200939178467,34.944889068603516,2.0876646041870117,2.2620201110839844,0.2363552898168563,2.8803319931030273,12.132243156433104,Africa
Burkina Faso,2015,BFA,18777488.0,3.743772029876709,33.53022003173828,30.55783462524414,-4.048275947570801,0.2420752346515655,2.168090581893921,15.465323448181152,Africa
Burkina Faso,2016,BFA,19334854.0,3.987637042999267,33.125850677490234,6.513881683349609,-1.205986738204956,0.2698466777801513,2.2416536808013916,14.777416229248049,Africa
Burkina Faso,2017,BFA,19894413.0,4.621631145477295,37.51171112060547,15.898990631103516,13.239992141723633,0.2692765891551971,2.1855976581573486,17.163137435913086,Africa
Burkina Faso,2018,BFA,20438289.0,5.226245880126953,35.18948745727539,13.082289695739746,-6.1906633377075195,0.2709935009479522,1.824660062789917,19.285503387451172,Africa
Burkina Faso,2019,BFA,20961956.0,5.618020057678223,33.908424377441406,7.496273517608643,-3.640472888946533,0.2810866832733154,1.6965419054031372,19.986787796020508,Africa
Burkina Faso,2020,BFA,21478691.0,5.6180877685546875,33.66252899169922,0.0012159347534179,-0.7251739501953125,0.2793861329555511,1.6740292310714722,20.10868453979492,Africa
Burkina Faso,2021,BFA,21995249.0,6.328719139099121,34.305301666259766,12.648987770080566,1.9094586372375488,0.2757499516010284,1.494723558425903,22.9509334564209,Africa
Burkina Faso,2022,BFA,22509038.0,6.54219388961792,34.6347770690918,3.373110294342041,0.9604215621948242,0.2872463464736938,1.5206997394561768,22.77555274963379,Africa
Burkina Faso,2023,BFA,23025777.0,6.308441162109375,34.365482330322266,-3.573006391525269,-0.7775187492370605,0.2685317099094391,1.4628372192382812,23.49234962463379,Africa
Burkina Faso,2024,BFA,23548782.0,6.507662773132324,34.95265197753906,3.1580209732055664,1.7086029052734375,,,,Africa
Burundi,2014,BDI,10799789.0,0.3551259934902191,5.1348137855529785,-18.55207061767578,3.1595945358276367,0.1971825212240219,2.851088285446167,1.8010014295578003,Africa
Burundi,2015,BDI,11047581.0,0.3554080128669739,5.261760711669922,0.0794053077697753,2.4722695350646973,0.1937520503997802,2.86846923828125,1.834344506263733,Africa
Burundi,2016,BDI,11239459.0,0.4286879897117615,5.454853534698486,20.61855697631836,3.66973876953125,0.2094162702560424,2.6647236347198486,2.0470616817474365,Africa
Burundi,2017,BDI,11506764.0,0.5164980292320251,5.792511463165283,20.483434677124023,6.190049648284912,0.2134800553321838,2.3941731452941895,2.4194204807281494,Africa
Burundi,2018,BDI,11859444.0,0.645097017288208,5.548224925994873,24.89825439453125,-4.217278957366943,0.2062562704086303,1.7739288806915283,3.127647876739502,Africa
Burundi,2019,BDI,12255339.0,0.6851680278778076,5.61881685256958,6.2116265296936035,1.2723326683044434,0.2148359715938568,1.761792778968811,3.189260959625244,Africa
Burundi,2020,BDI,12617041.0,0.7394300103187561,5.528717517852783,7.919514179229736,-1.603531837463379,0.2051636427640915,1.534008264541626,3.6040987968444824,Africa
Burundi,2021,BDI,12965487.0,0.7716770172119141,5.3583455085754395,4.361057281494141,-3.0815839767456055,0.2183463275432586,1.516146183013916,3.534188032150269,Africa
Burundi,2022,BDI,13321102.0,0.8775230050086975,5.390214920043945,13.716363906860352,0.5947589874267578,0.2409860342741012,1.4802650213241575,3.641385316848755,Africa
Burundi,2023,BDI,13689455.0,0.9007160067558289,5.27465295791626,2.6430130004882812,-2.1439194679260254,0.2374109029769897,1.390294075012207,3.7939116954803462,Africa
Burundi,2024,BDI,14047788.0,0.9166640043258668,5.211641311645508,1.7705917358398438,-1.194608211517334,,,,Africa
Cambodia,2014,KHM,15396771.0,6.702343940734863,51.88389587402344,19.13715553283691,24.057579040527344,0.2428435385227203,1.8798898458480835,27.59943389892578,Asia
Cambodia,2015,KHM,15623253.0,8.186074256896973,50.28129577636719,22.137487411499023,-3.088819980621338,0.256096214056015,1.5730187892913818,31.964841842651367,Asia
Cambodia,2016,KHM,15852802.0,10.643549919128418,58.99388122558594,30.02018928527832,17.327678680419922,0.2681067287921905,1.4860321283340454,39.69892883300781,Asia
Cambodia,2017,KHM,16073374.0,12.087145805358888,60.60389709472656,13.563108444213867,2.7291178703308105,0.2878090441226959,1.443049430847168,41.99710464477539,Asia
Cambodia,2018,KHM,16274522.0,13.937508583068848,67.92460632324219,15.308523178100586,12.079608917236328,0.2823089063167572,1.375835657119751,49.36970901489258,Asia
Cambodia,2019,KHM,16481305.0,18.626279830932617,75.74890899658203,33.641387939453125,11.519098281860352,0.3113719820976257,1.266280174255371,59.82002258300781,Asia
Cambodia,2020,KHM,16725484.0,20.990795135498047,71.90694427490234,12.694513320922852,-5.071979522705078,0.3463851809501648,1.1865915060043335,60.599578857421875,Asia
Cambodia,2021,KHM,16974309.0,20.775381088256836,53.32833480834961,-1.026231050491333,-25.837017059326172,0.3238767981529236,0.8313595056533813,64.14593505859375,Asia
Cambodia,2022,KHM,17201721.0,20.86513328552246,61.70016098022461,0.4320144653320312,15.69863510131836,0.316977709531784,0.937332808971405,65.82524108886719,Asia
Cambodia,2023,KHM,17423884.0,21.41150283813477,63.84066390991211,2.618575096130371,3.469204902648926,0.2676852345466614,0.7981320023536682,79.98760223388672,Asia
Cambodia,2024,KHM,17638804.0,21.8826904296875,65.30387878417969,2.200627326965332,2.2919774055480957,,,,Asia
Cameroon,2014,CMR,22059894.0,8.775174140930176,35.358848571777344,11.740374565124512,-19.546669006347656,0.2456096112728119,0.98966383934021,35.7281379699707,Africa
Cameroon,2015,CMR,22763418.0,9.849950790405272,42.4957160949707,12.247932434082031,20.184112548828125,0.2731191515922546,1.178320050239563,36.064666748046875,Africa
Cameroon,2016,CMR,23454165.0,9.964923858642578,40.73098373413086,1.1672496795654297,-4.152727127075195,0.284094363451004,1.161217451095581,35.07610321044922,Africa
Cameroon,2017,CMR,24128609.0,9.581727981567385,47.460819244384766,-3.845447301864624,16.522645950317383,0.2771916687488556,1.3730032444000244,34.56715393066406,Africa
Cameroon,2018,CMR,24806377.0,9.843862533569336,38.329776763916016,2.735781669616699,-19.23912239074707,0.2623665034770965,1.02159583568573,37.519508361816406,Africa
Cameroon,2019,CMR,25506095.0,9.605290412902832,35.284584045410156,-2.423572540283203,-7.9447150230407715,0.2640790939331054,0.9700822234153748,36.37277603149414,Africa
Cameroon,2020,CMR,26210566.0,9.716266632080078,37.36488342285156,1.155376434326172,5.895781517028809,0.2569893598556518,0.9882785081863404,37.808048248291016,Africa
Cameroon,2021,CMR,26915765.0,9.733522415161133,34.36520004272461,0.1775860786437988,-8.028083801269531,0.2699147760868072,0.9529617428779602,36.061466217041016,Africa
Cameroon,2022,CMR,27632770.0,9.792434692382812,35.60765838623047,0.6052613258361816,3.6154627799987793,0.2684450447559356,0.9761309623718262,36.478363037109375,Africa
Cameroon,2023,CMR,28372690.0,9.694864273071287,32.818294525146484,-0.9963929653167723,-7.833611965179443,0.2729561328887939,0.923989713191986,35.518028259277344,Africa
Cameroon,2024,CMR,29123748.0,9.631583213806152,33.08506774902344,-0.6527245044708252,0.8128762245178223,,,,Africa
Canada,2014,CAN,35634265.0,564.938232421875,720.202880859375,-0.6421923637390137,1.9024133682250977,0.1409120112657547,0.1796395480632782,4009.155517578125,North America
Canada,2015,CAN,35962236.0,563.0025634765625,725.9655151367188,-0.342637300491333,0.8001446723937988,0.1399997770786285,0.1805231720209121,4021.453125,North America
Canada,2016,CAN,36353345.0,553.70703125,693.3831176757812,-1.651066541671753,-4.4881463050842285,0.1393661797046661,0.174522191286087,3973.036865234375,North America
Canada,2017,CAN,36808498.0,566.6602783203125,729.884521484375,2.3393750190734863,5.26425838470459,0.140728011727333,0.1812641471624374,4026.634765625,North America
Canada,2018,CAN,37294996.0,575.0907592773438,716.2936401367188,1.487743854522705,-1.8620610237121584,0.1408676654100418,0.1754551082849502,4082.4892578125,North America
Canada,2019,CAN,37782934.0,579.0070190429688,698.9672241210938,0.6809830665588379,-2.418893575668335,0.1426129639148712,0.1721598953008651,4059.98876953125,North America
Canada,2020,CAN,38171903.0,524.2079467773438,646.3289184570312,-9.464323043823242,-7.530874252319336,0.1366924494504928,0.1685366928577423,3834.9443359375,North America
Canada,2021,CAN,38454058.0,537.4786376953125,672.7169189453125,2.531576156616211,4.082751274108887,0.1391717940568924,0.1741896569728851,3861.979736328125,North America
Canada,2022,CAN,38821259.0,547.6576538085938,661.6423950195312,1.8938422203063965,-1.6462445259094238,0.1381396949291229,0.166890874505043,3964.52099609375,North America
Canada,2023,CAN,39299098.0,545.478515625,666.91064453125,-0.3979027271270752,0.7962465286254883,0.1403030157089233,0.1715366840362548,3887.8603515625,North America
Canada,2024,CAN,39742429.0,533.340087890625,645.2866821289062,-2.2252798080444336,-3.242415189743042,0.1372396647930145,0.1660458743572235,3886.195068359375,North America
Cape Verde,2014,CPV,512334.0,0.4909760057926178,0.5259305834770203,-0.7407426834106445,-3.573828935623169,0.1325554251670837,0.1419925838708877,3.703929901123047,Africa
Cape Verde,2015,CPV,512405.0,0.4946399927139282,0.5118607878684998,0.7462739944458008,-2.6752114295959473,0.134730651974678,0.1394212692975998,3.6713249683380127,Africa
Cape Verde,2016,CPV,512556.0,0.531279981136322,0.5751380324363708,7.407402992248535,12.362194061279297,0.1381168514490127,0.1495186239480972,3.8465981483459473,Africa
Cape Verde,2017,CPV,512899.0,0.5715839862823486,0.6050363183021545,7.586205005645752,5.1984429359436035,0.1392873674631118,0.1474392563104629,4.103631019592285,Africa
Cape Verde,2018,CPV,513418.0,0.5715839862823486,0.5838950872421265,0.0,-3.494209051132202,0.1686830669641494,0.172316238284111,3.3885083198547363,Africa
Cape Verde,2019,CPV,514116.0,0.6302080154418945,0.6339452266693115,10.256409645080566,8.571779251098633,0.1746883392333984,0.1757242828607559,3.6076133251190186,Africa
Cape Verde,2020,CPV,514683.0,0.5202879905700684,0.5207642912864685,-17.441862106323242,-17.85342788696289,0.1934899240732193,0.1936670541763305,2.688966989517212,Africa
Cape Verde,2021,CPV,516655.0,0.5899040102958679,0.5883651375770569,13.380277633666992,12.981081008911133,0.2104524075984954,0.2099034041166305,2.803027868270874,Africa
Cape Verde,2022,CPV,519750.0,0.5976499915122986,0.597943127155304,1.3130903244018557,1.6278982162475586,0.2003139108419418,0.2004121541976928,2.983566999435425,Africa
Cape Verde,2023,CPV,522335.0,0.5714929699897766,0.5732517242431641,-4.376644134521484,-4.129385948181152,0.1866726726293563,0.187247171998024,3.0614709854125977,Africa
Cape Verde,2024,CPV,524878.0,0.5937860012054443,0.5966072678565979,3.9008378982543945,4.074215888977051,,,,Africa
Central African Republic,2014,CAF,4623187.0,0.1319040060043335,4.603705883026123,28.57142639160156,-32.842491149902344,0.1566007137298584,5.46566915512085,0.8422949910163879,Africa
Central African Republic,2015,CAF,4629322.0,0.1941919922828674,4.482757568359375,47.22222137451172,-2.62719988822937,0.1703674495220184,3.9327878952026367,1.13984215259552,Africa
Central African Republic,2016,CAF,4713663.0,0.2381599992513656,4.895800590515137,22.641504287719727,9.214043617248535,0.1955100297927856,4.019054889678955,1.2181471586227417,Africa
Central African Republic,2017,CAF,4793512.0,0.2857919931411743,33.911930084228516,20.000003814697266,592.6738891601562,0.228330060839653,27.093528747558594,1.2516616582870483,Africa
Central African Republic,2018,CAF,4878663.0,0.2711359858512878,56.53387069702149,-5.128204822540283,66.7079086303711,0.2109339237213134,43.981292724609375,1.2854071855545044,Africa
Central African Republic,2019,CAF,4944708.0,0.3114399909973144,42.8645133972168,14.864862442016602,-24.179059982299805,0.2330742478370666,32.07877731323242,1.3362265825271606,Africa
Central African Republic,2020,CAF,5026629.0,0.3334240019321441,29.90707015991211,7.058823108673096,-30.228836059570312,0.2380452305078506,21.351900100708008,1.4006749391555786,Africa
Central African Republic,2021,CAF,5112103.0,0.3664000034332275,23.682228088378903,9.89011573791504,-20.813947677612305,0.2569167613983154,16.605789184570312,1.4261428117752075,Africa
Central African Republic,2022,CAF,5098038.0,0.3773919939994812,35.11170959472656,2.999997138977051,48.261844635009766,0.2687284350395202,25.00189208984375,1.4043619632720947,Africa
Central African Republic,2023,CAF,5152415.0,0.3892790079116821,44.83382034301758,3.1497716903686523,27.6890869140625,0.2702265977859497,31.12238311767578,1.4405651092529297,Africa
Central African Republic,2024,CAF,5330691.0,0.3946810066699981,50.65933609008789,1.3876914978027344,12.993574142456056,,,,Africa
Chad,2014,TCD,14188680.0,2.1827800273895264,27.417884826660156,4.83243465423584,-32.74406051635742,0.5246855020523071,6.590571403503418,4.160168170928955,Africa
Chad,2015,TCD,14647626.0,2.3518741130828857,27.23615074157715,7.746732234954834,-0.6628274917602539,0.5575573444366455,6.456857204437256,4.218174457550049,Africa
Chad,2016,TCD,15114652.0,2.3815829753875732,19.3145751953125,1.2632012367248535,-29.08477783203125,0.571638822555542,4.6359758377075195,4.1662373542785645,Africa
Chad,2017,TCD,15622756.0,2.34076189994812,15.997589111328123,-1.714026927947998,-17.173492431640625,0.3485168516635895,2.3818864822387695,6.716352462768555,Africa
Chad,2018,TCD,16156535.0,2.383510112762451,13.196304321289062,1.8262386322021484,-17.510669708251953,0.3470372855663299,1.9213720560073853,6.868167400360107,Africa
Chad,2019,TCD,16685223.0,2.2997848987579346,11.759683609008787,-3.512674570083618,-10.886531829833984,0.3271667957305908,1.6729294061660769,7.029396057128906,Africa
Chad,2020,TCD,17224686.0,2.3564460277557373,11.22131061553955,2.4637579917907715,-4.578125476837158,0.3183891177177429,1.516157627105713,7.401151180267334,Africa
Chad,2021,TCD,17828274.0,2.6701419353485107,11.05165195465088,13.312255859375,-1.511937379837036,0.3237670958042145,1.3400640487670898,8.24710750579834,Africa
Chad,2022,TCD,18455319.0,2.800400972366333,10.349522590637209,4.878354072570801,-6.353157997131348,0.3386520147323608,1.2515661716461182,8.269257545471191,Africa
Chad,2023,TCD,19319075.0,2.84839391708374,9.866382598876951,1.7137885093688965,-4.668235778808594,0.3350192308425903,1.160453200340271,8.502181053161621,Africa
Chad,2024,TCD,20299131.0,2.8314011096954346,9.379884719848633,-0.5965828895568848,-4.93086576461792,,,,Africa
Chile,2014,CHL,17864192.0,77.5862045288086,115.15825653076172,-5.073899269104004,-2.4434447288513184,0.1894500106573104,0.2811934351921081,409.533935546875,South America
Chile,2015,CHL,18047630.0,81.7784652709961,117.02867126464844,5.403351783752441,1.6242146492004397,0.1974229514598846,0.2825211584568023,414.2297973632813,South America
Chile,2016,CHL,18267225.0,84.25049591064453,120.35965728759766,3.0228376388549805,2.8463006019592285,0.1941687911748886,0.2773881554603576,433.90338134765625,South America
Chile,2017,CHL,18558868.0,84.1346206665039,116.73733520507812,-0.1375317573547363,-3.0095815658569336,0.1868218183517456,0.2592164874076843,450.3468933105469,South America
Chile,2018,CHL,18893185.0,84.44264221191406,113.95323181152344,0.3661036491394043,-2.3849308490753174,0.1803259849548339,0.2433454245328903,468.2776794433594,South America
Chile,2019,CHL,19197748.0,91.97705078125,119.134765625,8.922517776489258,4.54707145690918,0.1940531134605407,0.2513504326343536,473.9787292480469,South America
Chile,2020,CHL,19370621.0,80.17822265625,114.26434326171876,-12.828010559082031,-4.088163375854492,0.1812028735876083,0.2582375407218933,442.4776611328125,South America
Chile,2021,CHL,19456323.0,83.63031005859375,106.37257385253906,4.305517673492432,-6.906586647033691,0.1753781735897064,0.2230701744556427,476.85699462890625,South America
Chile,2022,CHL,19553033.0,85.74378204345703,103.2862777709961,2.527165412902832,-2.9013991355895996,0.17029370367527,0.2051344215869903,503.5053405761719,South America
Chile,2023,CHL,19658833.0,77.60421752929688,90.57308959960938,-9.492897987365724,-12.308692932128906,0.1559904068708419,0.1820588260889053,497.4935302734375,South America
Chile,2024,CHL,19764774.0,78.72554016113281,88.31683349609375,1.4449357986450195,-2.491086721420288,0.1517654508352279,0.1702553182840347,518.731689453125,South America
China,2014,CHN,1387951970.0,9976.02734375,9843.4345703125,0.3385066986083984,-1.224517822265625,0.2872529625892639,0.283435046672821,34729.06640625,Asia
China,2015,CHN,1396134171.0,9858.0400390625,9830.0693359375,-1.182711124420166,-0.1357793807983398,0.2805681526660919,0.2797721028327942,35135.98828125,Asia
China,2016,CHN,1404052628.0,9748.1748046875,9603.5576171875,-1.1144697666168213,-2.304273843765259,0.2763267159461975,0.2722273170948028,35277.7109375,Asia
China,2017,CHN,1412354730.0,10000.013671875,9814.3740234375,2.583444118499756,2.1951913833618164,0.2728562653064728,0.2677909731864929,36649.3828125,Asia
China,2018,CHN,1419008954.0,10346.7900390625,10168.7900390625,3.4677624702453613,3.6111831665039062,0.2693787515163421,0.2647445201873779,38409.8203125,Asia
China,2019,CHN,1423520357.0,10713.5146484375,10480.94921875,3.544342517852783,3.069782257080078,0.2665801346302032,0.2607932984828949,40188.72265625,Asia
China,2020,CHN,1426106093.0,10896.5205078125,10632.8369140625,1.708173751831055,1.4491796493530271,0.2626053988933563,0.2562506794929504,41493.890625,Asia
China,2021,CHN,1426437269.0,11284.4013671875,10996.1025390625,3.5596728324890137,3.41644287109375,0.2573575377464294,0.2507824301719665,43847.1796875,Asia
China,2022,CHN,1425179562.0,11711.8076171875,11414.1171875,3.787589073181152,3.8014888763427734,0.2630891799926758,0.2564019858837127,44516.4921875,Asia
China,2023,CHN,1422584930.0,12172.0087890625,11859.8662109375,3.929376602172851,3.9052486419677734,0.2585827112197876,0.2519515454769134,47072.01171875,Asia
China,2024,CHN,1419321284.0,12289.037109375,11969.6201171875,0.961458683013916,0.9254217147827148,0.250862717628479,0.2443422824144363,48987.1015625,Asia
Christmas Island,2014,CXR,,0.0,,,,,,,Asia
Christmas Island,2015,CXR,,0.0,,,,,,,Asia
Christmas Island,2016,CXR,,0.0,,,,,,,Asia
Christmas Island,2017,CXR,,0.0,,,,,,,Asia
Christmas Island,2018,CXR,,0.0,,,,,,,Asia
Christmas Island,2019,CXR,,0.0,,,,,,,Asia
Christmas Island,2020,CXR,,0.0,,,,,,,Asia
Christmas Island,2021,CXR,,0.0,,,,,,,Asia
Christmas Island,2022,CXR,,0.0,,,,,,,Asia
Christmas Island,2023,CXR,,0.0,,,,,,,Asia
Christmas Island,2024,CXR,,0.0,,,,,,,Asia
Colombia,2014,COL,46565426.0,92.04168701171876,186.4838104248047,6.474161148071289,-15.343880653381348,0.1802668273448944,0.3652349412441253,510.58587646484375,South America
Colombia,2015,COL,46969938.0,91.0265884399414,171.48553466796875,-1.1028647422790527,-8.042669296264648,0.1804644465446472,0.3399780094623565,504.4018249511719,South America
Colombia,2016,COL,47437513.0,91.5828857421875,137.64578247070312,0.6111383438110352,-19.73330307006836,0.1668696701526641,0.2507990598678589,548.828857421875,South America
Colombia,2017,COL,48131076.0,83.45881652832031,229.6971893310547,-8.870733261108398,66.87557983398438,0.1503152400255203,0.4137009084224701,555.2252807617188,South America
Colombia,2018,COL,49024463.0,90.81068420410156,205.0991973876953,8.808982849121094,-10.708874702453612,0.1589599102735519,0.3590166568756103,571.2804565429688,South America
Colombia,2019,COL,49907987.0,98.9619140625,164.24244689941406,8.976066589355469,-19.920486450195312,0.1724868416786193,0.2862682938575744,573.7360229492188,South America
Colombia,2020,COL,50629997.0,92.3051528930664,124.28032684326172,-6.726586818695068,-24.3311767578125,0.1782597452402115,0.2400102019309997,517.8126831054688,South America
Colombia,2021,COL,51188174.0,103.73352813720705,115.38124084472656,12.38107681274414,-7.160496711730957,0.1833346784114837,0.2039204090833664,565.8150634765625,South America
Colombia,2022,COL,51737944.0,89.43694305419922,102.8017807006836,-13.78203010559082,-10.902511596679688,0.1425910741090774,0.1638989001512527,627.2268676757812,South America
Colombia,2023,COL,52321152.0,89.99234008789062,101.58567810058594,0.6209969520568848,-1.1829614639282229,0.1462558507919311,0.1650973707437515,615.3076782226562,South America
Colombia,2024,COL,52886360.0,92.65938568115234,107.19066619873048,2.9636263847351074,5.5174946784973145,0.1504484862089157,0.174042522907257,615.8878173828125,South America
Comoros,2014,COM,711512.0,0.1648799926042556,0.1936057657003402,-10.000001907348633,-13.786911964416504,0.2362558841705322,0.2774169147014618,0.6978873610496521,Africa
Comoros,2015,COM,726685.0,0.1795359998941421,0.196317121386528,8.888888359069824,1.400458812713623,0.2383254319429397,0.2606015503406524,0.7533228993415833,Africa
Comoros,2016,COM,741745.0,0.2051839977502823,0.2160660773515701,14.28571891784668,10.059714317321776,0.2321329265832901,0.244444265961647,0.8839073181152344,Africa
Comoros,2017,COM,756672.0,0.263808012008667,0.3041486144065857,28.57142639160156,40.7664909362793,0.232204258441925,0.2677121758460998,1.1361031532287598,Africa
Comoros,2018,COM,771597.0,0.2857919931411743,0.3269753754138946,8.333337783813477,7.505130767822266,0.3467215001583099,0.3966849446296692,0.8242696523666382,Africa
Comoros,2019,COM,786582.0,0.3114399909973144,0.339652806520462,8.974361419677734,3.877186775207519,0.3430254459381103,0.3740995228290558,0.9079209566116332,Africa
Comoros,2020,COM,802172.0,0.3700639903545379,0.3889702558517456,18.82352828979492,14.519953727722168,0.3456782698631286,0.3633386790752411,1.0705446004867554,Africa
Comoros,2021,COM,818178.0,0.498304009437561,0.5118974447250366,34.65346145629883,31.603240966796875,0.3096999824047088,0.3181484043598175,1.6089894771575928,Africa
Comoros,2022,COM,834191.0,0.5316709876060486,0.5490017533302307,6.696116924285889,7.248389720916748,0.3081692457199096,0.3182145357131958,1.7252565622329712,Africa
Comoros,2023,COM,850390.0,0.5421299934387207,0.5648468136787415,1.967191696166992,2.8861641883850098,0.3047135174274444,0.3174818754196167,1.7791465520858765,Africa
Comoros,2024,COM,866632.0,0.5516499876976013,0.5781773924827576,1.7560362815856934,2.3600339889526367,,,,Africa
Congo,2014,COG,4975887.0,5.4710869789123535,20.91349220275879,-7.118171691894531,-33.593772888183594,0.1978850662708282,0.756425142288208,27.647802352905273,Africa
Congo,2015,COG,5097583.0,5.636681079864502,29.146812438964844,3.026711940765381,39.36846160888672,0.2035056054592132,1.0523107051849363,27.69791603088379,Africa
Congo,2016,COG,5222545.0,5.727210998535156,24.443435668945312,1.6060829162597656,-16.136842727661133,0.2172451764345169,0.9271909594535828,26.362892150878903,Africa
Congo,2017,COG,5351013.0,5.6509480476379395,27.635351181030273,-1.3315916061401367,13.05837631225586,0.2951762974262237,1.4435278177261353,19.144315719604492,Africa
Congo,2018,COG,5483128.0,6.544666767120361,21.88513946533203,15.815377235412598,-20.807451248168945,0.3679414987564087,1.2303837537765503,17.787248611450195,Africa
Congo,2019,COG,5616656.0,7.2935967445373535,19.888853073120117,11.443365097045898,-9.12165069580078,0.504309892654419,1.3751987218856812,14.462530136108398,Africa
Congo,2020,COG,5752792.0,7.677297115325928,27.841827392578125,5.260777473449707,39.98708724975586,0.6431257128715515,2.3323044776916504,11.937475204467772,Africa
Congo,2021,COG,5892187.0,7.392859935760498,25.17828369140625,-3.704911470413208,-9.566699981689451,0.603542685508728,2.0555198192596436,12.24910831451416,Africa
Congo,2022,COG,6035104.0,8.72751522064209,26.48212432861328,18.053293228149418,5.178427696228027,0.6686439514160156,2.028883695602417,13.052559852600098,Africa
Congo,2023,COG,6182890.0,8.274272918701172,25.502363204956055,-5.193251609802246,-3.699702024459839,0.6212047934532166,1.9146324396133425,13.319717407226562,Africa
Congo,2024,COG,6332969.0,8.839770317077637,26.16638565063477,6.834399700164795,2.603769302368164,,,,Africa
Cook Islands,2014,COK,17556.0,0.0806080028414726,0.0806080028414726,0.0,0.0,0.1798414587974548,0.1798414587974548,0.4482170045375824,Oceania
Cook Islands,2015,COK,17471.0,0.076944001019001,0.076944001019001,-4.5454559326171875,-4.5454559326171875,0.1848015785217285,0.1848015785217285,0.4163601100444793,Oceania
Cook Islands,2016,COK,17360.0,0.076944001019001,0.076944001019001,0.0,0.0,0.1780004799365997,0.1780004799365997,0.4322685003280639,Oceania
Cook Islands,2017,COK,17066.0,0.076944001019001,0.076944001019001,0.0,0.0,0.1665430068969726,0.1665430068969726,0.4620067775249481,Oceania
Cook Islands,2018,COK,16623.0,0.076944001019001,0.076944001019001,0.0,0.0,0.1632477045059204,0.1632477045059204,0.4713328182697296,Oceania
Cook Islands,2019,COK,16151.0,0.0806080028414726,0.0806080028414726,4.761910438537598,4.761910438537598,0.1705909818410873,0.1705909818410873,0.4725220501422882,Oceania
Cook Islands,2020,COK,15664.0,0.0659520030021667,0.0659520030021667,-18.18181800842285,-18.18181800842285,0.2003650516271591,0.2003650516271591,0.3291592001914978,Oceania
Cook Islands,2021,COK,15205.0,0.0732799991965293,0.0732799991965293,11.111116409301758,11.111116409301758,0.2111298590898513,0.2111298590898513,0.3470849692821502,Oceania
Cook Islands,2022,COK,14747.0,0.076944001019001,0.076944001019001,4.999995231628418,4.999995231628418,0.1856859922409057,0.1856859922409057,0.4143770039081573,Oceania
Cook Islands,2023,COK,14244.0,0.0765810012817382,0.0765810012817382,-0.4717707633972168,-0.4717707633972168,0.1749902367591858,0.1749902367591858,0.4376301169395447,Oceania
Cook Islands,2024,COK,13750.0,0.0800829976797103,0.0800829976797103,4.572939872741699,4.572939872741699,,,,Oceania
Costa Rica,2014,CRI,4767126.0,7.701872825622559,9.82288932800293,1.5603065490722656,-12.81605339050293,0.1886436939239502,0.240594208240509,40.82762145996094,North America
Costa Rica,2015,CRI,4818045.0,7.352825164794922,12.127126693725586,-4.531991481781006,23.457849502563477,0.1786481142044067,0.294647067785263,41.15814208984375,North America
Costa Rica,2016,CRI,4867003.0,7.828941822052002,10.379451751708984,6.4752936363220215,-14.411288261413574,0.1799244731664657,0.238540232181549,43.51237869262695,North America
Costa Rica,2017,CRI,4913177.0,7.986782073974609,10.702832221984863,2.0161032676696777,3.1155824661254883,0.1778239905834198,0.238296240568161,44.91397476196289,North America
Costa Rica,2018,CRI,4957813.0,7.966997146606445,8.919270515441895,-0.2477228641510009,-16.664386749267578,0.1727126687765121,0.1933565586805343,46.12862014770508,North America
Costa Rica,2019,CRI,4999549.0,7.66039514541626,8.622671127319336,-3.8484036922454834,-3.3253848552703857,0.1655332446098327,0.1863270401954651,46.27708053588867,North America
Costa Rica,2020,CRI,5034323.0,6.754069805145264,7.486649990081787,-11.831307411193848,-13.174814224243164,0.166648119688034,0.1847236007452011,40.528926849365234,North America
Costa Rica,2021,CRI,5059991.0,7.665438175201416,6.667144298553467,13.493609428405762,-10.946226119995115,0.1695175766944885,0.1474407762289047,45.21913528442383,North America
Costa Rica,2022,CRI,5081764.0,8.010137557983398,6.344666004180908,4.496800899505615,-4.836833477020264,0.172548159956932,0.1366718709468841,46.4226188659668,North America
Costa Rica,2023,CRI,5105526.0,8.472529411315918,7.482772350311279,5.772578716278076,17.938005447387695,0.1842920482158661,0.1627631485462188,45.97338104248047,North America
Costa Rica,2024,CRI,5129909.0,8.760451316833496,7.773955345153809,3.398299217224121,3.8913726806640625,,,,North America
Cote d'Ivoire,2014,CIV,24527393.0,9.90322494506836,447.0901489257813,2.308475971221924,106.3844223022461,0.2091251909732818,9.441147804260254,47.35548782348633,Africa
Cote d'Ivoire,2015,CIV,25246347.0,9.554744720458984,178.51028442382812,-3.518855571746826,-60.0728645324707,0.1981752812862396,3.7024877071380615,48.21360778808594,Africa
Cote d'Ivoire,2016,CIV,25989404.0,11.979472160339355,297.94976806640625,25.377201080322266,66.90901184082031,0.2179778963327407,5.42147970199585,54.957275390625,Africa
Cote d'Ivoire,2017,CIV,26733376.0,12.00190544128418,467.1820983886719,0.1872658729553222,56.79895782470703,0.2235648483037948,8.702410697937012,53.68421936035156,Africa
Cote d'Ivoire,2018,CIV,27464175.0,10.415200233459473,249.8448181152344,-13.220441818237305,-46.52089309692383,0.1931939721107483,4.634429454803467,53.910587310791016,Africa
Cote d'Ivoire,2019,CIV,28193014.0,10.538744926452637,254.91001892089844,1.186203956604004,2.0273327827453613,0.1834869682788849,4.438162803649902,57.43593215942383,Africa
Cote d'Ivoire,2020,CIV,28915452.0,11.018607139587402,307.7653503417969,4.553318023681641,20.734893798828125,0.197780430316925,5.524288654327393,55.71131134033203,Africa
Cote d'Ivoire,2021,CIV,29639737.0,13.665820121765137,166.5425567626953,24.024927139282227,-45.88650894165039,0.2063131928443908,2.514296770095825,66.23822784423828,Africa
Cote d'Ivoire,2022,CIV,30395004.0,14.504321098327637,228.912109375,6.135749816894531,37.44962310791016,0.1852913796901703,2.9243314266204834,78.2784423828125,Africa
Cote d'Ivoire,2023,CIV,31165653.0,14.052435874938965,245.730224609375,-3.1155169010162354,7.346975803375244,0.1812271624803543,3.1690585613250732,77.54045104980469,Africa
Cote d'Ivoire,2024,CIV,31934229.0,14.828584671020508,252.3996734619141,5.523228645324707,2.7141332626342773,,,,Africa
Croatia,2014,HRV,4219485.0,17.649938583374023,17.23967933654785,-4.083418846130371,1.2330889701843262,0.1838367730379104,0.1795636266469955,96.00875091552734,Europe
Croatia,2015,HRV,4183732.0,17.79389190673828,16.953039169311523,0.8156061172485352,-1.662677526473999,0.1954945772886276,0.1862564533948898,91.01988220214844,Europe
Croatia,2016,HRV,4136438.0,18.07927703857422,14.773799896240234,1.603841781616211,-12.854570388793944,0.1908494532108307,0.1559560000896453,94.7305679321289,Europe
Croatia,2017,HRV,4079198.0,18.713125228881836,14.998379707336426,3.5059332847595215,1.5201210975646973,0.1974304169416427,0.1582384556531906,94.78340911865234,Europe
Croatia,2018,HRV,4024868.0,17.69451141357422,15.20119571685791,-5.443310737609863,1.352250576019287,0.1802611351013183,0.154860720038414,98.16043853759766,Europe
Croatia,2019,HRV,3986338.0,17.82042121887207,17.079193115234375,0.7115721702575684,12.354278564453123,0.1859913170337677,0.1782551258802414,95.81319427490234,Europe
Croatia,2020,HRV,3953956.0,16.870105743408203,14.54145050048828,-5.332737922668457,-14.858680725097656,0.1846179664134979,0.1591343283653259,91.3784637451172,Europe
Croatia,2021,HRV,3924607.0,17.402971267700195,13.93360424041748,3.1586408615112305,-4.180097579956055,0.1770176440477371,0.1417282968759536,98.31208038330078,Europe
Croatia,2022,HRV,3907031.0,17.585163116455078,14.63395881652832,1.046895980834961,5.026376247406006,0.1887481957674026,0.1570717990398407,93.16732025146484,Europe
Croatia,2023,HRV,3896023.0,18.46759796142578,15.7327880859375,5.018055438995361,7.5087666511535645,0.1756736189126968,0.1496586501598358,105.12448120117188,Europe
Croatia,2024,HRV,3875325.0,18.4648494720459,15.845419883728027,-0.0148773193359375,0.7159113883972168,0.1790206730365753,0.1536247432231903,103.14366912841795,Europe
Cuba,2014,CUB,11285780.0,27.366439819335938,17.697620391845703,-1.891249418258667,4.117131233215332,0.2151745408773422,0.1391513496637344,127.1825180053711,North America
Cuba,2015,CUB,11275069.0,29.091232299804688,17.747636795043945,6.30258321762085,0.2826094627380371,0.228029578924179,0.1391136050224304,127.57656860351562,North America
Cuba,2016,CUB,11265615.0,27.772245407104492,34.202640533447266,-4.533964157104492,92.7165985107422,0.2793257534503937,0.3440009355545044,99.42601013183594,North America
Cuba,2017,CUB,11247824.0,24.55916976928711,23.03205108642578,-11.569375038146973,-32.66001892089844,0.2321637123823166,0.2177274972200393,105.78384399414062,North America
Cuba,2018,CUB,11227116.0,23.01947021484375,31.09225273132324,-6.269347667694092,34.99557876586914,0.2182100117206573,0.2947348654270172,105.49227142333984,North America
Cuba,2019,CUB,11202847.0,22.486915588378903,21.991945266723633,-2.3134946823120117,-29.26872444152832,0.2388393878936767,0.2335821986198425,94.1507797241211,North America
Cuba,2020,CUB,11176349.0,21.280834197998047,18.120559692382812,-5.363482475280762,-17.603652954101562,0.2529124021530151,0.2153540849685669,84.14310455322266,North America
Cuba,2021,CUB,11122169.0,22.548866271972656,18.2894287109375,5.958569049835205,0.9319186210632324,0.2960353493690491,0.2401148527860641,76.16950225830078,North America
Cuba,2022,CUB,11059822.0,23.25853729248047,21.407888412475582,3.147268295288086,17.05061149597168,0.2708308696746826,0.2492812126874923,85.87846374511719,North America
Cuba,2023,CUB,11019932.0,23.47027015686035,22.653087615966797,0.910341739654541,5.816543102264404,0.2787587642669678,0.2690530121326446,84.19563293457031,North America
Cuba,2024,CUB,10979781.0,24.44023323059082,24.343542098999023,4.132735729217529,7.462358474731445,,,,North America
Curacao,2014,CUW,165041.0,6.796720027923584,,14.576900482177734,,,,,North America
Curacao,2015,CUW,166621.0,7.331664085388184,,7.870614528656006,,,,,North America
Curacao,2016,CUW,167787.0,6.203152179718018,,-15.392303466796877,,,,,North America
Curacao,2017,CUW,168525.0,4.9683837890625,,-19.905494689941406,,,,,North America
Curacao,2018,CUW,181590.0,4.323520183563232,,-12.979352951049805,,,,,North America
Curacao,2019,CUW,189555.0,2.3962559700012207,,-44.576271057128906,,,,,North America
Curacao,2020,CUW,185029.0,2.0078721046447754,,-16.207944869995117,,,,,North America
Curacao,2021,CUW,185324.0,2.1397759914398193,,6.569337844848633,,,,,North America
Curacao,2022,CUW,185350.0,2.2093920707702637,,3.2534241676330566,,,,,North America
Curacao,2023,CUW,185437.0,2.204922914505005,,-0.2022743225097656,,,,,North America
Curacao,2024,CUW,185482.0,2.289628028869629,,3.8416266441345215,,,,,North America
Cyprus,2014,CYP,1201806.0,6.929789066314697,7.566628932952881,5.3452253341674805,61.714317321777344,0.2449173480272293,0.2674249708652496,28.294397354125977,Europe
Cyprus,2015,CYP,1219504.0,6.952476978302002,5.622775077819824,0.3273963928222656,-25.689828872680664,0.2382251918315887,0.1926632076501846,29.18447494506836,Europe
Cyprus,2016,CYP,1237114.0,7.349925994873047,7.454826354980469,5.716657638549805,32.58268737792969,0.2315890043973922,0.2348943203687667,31.7369384765625,Europe
Cyprus,2017,CYP,1254274.0,7.469282150268555,8.087655067443848,1.6239047050476074,8.488845825195312,0.2291494160890579,0.2481204271316528,32.59568405151367,Europe
Cyprus,2018,CYP,1270743.0,7.324203014373779,6.5345377922058105,-1.942342519760132,-19.203550338745117,0.2256229072809219,0.2012971937656402,32.46214294433594,Europe
Cyprus,2019,CYP,1286669.0,7.324481964111328,6.521259784698486,0.003814697265625,-0.2031981945037841,0.2254137545824051,0.2006942927837371,32.493499755859375,Europe
Cyprus,2020,CYP,1302250.0,6.903172969818115,6.357639789581299,-5.752062797546387,-2.509021759033203,0.2440895289182663,0.2248000204563141,28.281314849853516,Europe
Cyprus,2021,CYP,1317311.0,6.95078182220459,6.134955883026123,0.6896734237670898,-3.5026192665100098,0.2329195737838745,0.2055813819169998,29.841983795166016,Europe
Cyprus,2022,CYP,1331376.0,7.070777893066406,6.17764139175415,1.726365089416504,0.6957769393920898,0.223233014345169,0.1950356215238571,31.674427032470703,Europe
Cyprus,2023,CYP,1344981.0,7.188088893890381,6.28176212310791,1.659095287322998,1.6854405403137207,0.2238230556249618,0.1956018060445785,32.11505126953125,Europe
Cyprus,2024,CYP,1358287.0,7.299327850341797,6.395236015319824,1.547551155090332,1.8064022064208984,0.2188863754272461,0.1917751878499984,33.34756851196289,Europe
Czechia,2014,CZE,10517223.0,104.2325668334961,98.1166534423828,-2.3217320442199707,-1.0511696338653564,0.2171797305345535,0.20443657040596,479.9368896484375,Europe
Czechia,2015,CZE,10524418.0,104.9897003173828,100.30136108398438,0.7263898849487305,2.2266387939453125,0.2230425029993057,0.2130824774503708,470.7161254882813,Europe
Czechia,2016,CZE,10531946.0,106.63642120361328,103.18035125732422,1.568460464477539,2.870345115661621,0.2296346426010131,0.2221922129392624,464.3742980957031,Europe
Czechia,2017,CZE,10541343.0,107.73553466796876,102.6239242553711,1.0307073593139648,-0.5392730236053467,0.2196076512336731,0.209188163280487,490.5819091796875,Europe
Czechia,2018,CZE,10548934.0,106.32205200195312,100.65370178222656,-1.3119876384735107,-1.9198477268218992,0.2174167335033416,0.2058255821466446,489.0242614746094,Europe
Czechia,2019,CZE,10554872.0,100.99749755859376,95.30972290039062,-5.007952690124512,-5.309277534484863,0.2113338708877563,0.199432373046875,477.9049377441406,Europe
Czechia,2020,CZE,10550129.0,91.66145324707033,86.03538513183594,-9.243833541870115,-9.730731964111328,0.2071129083633422,0.1944005489349365,442.5675964355469,Europe
Czechia,2021,CZE,10530683.0,96.62940979003906,90.93807983398438,5.41989803314209,5.6984663009643555,0.2071787416934967,0.1949762254953384,466.4059753417969,Europe
Czechia,2022,CZE,10673216.0,95.0396728515625,89.26190948486328,-1.6451895236968994,-1.843196153640747,0.2117932736873626,0.1989176869392395,448.7379150390625,Europe
Czechia,2023,CZE,10809722.0,83.23224639892578,77.49651336669922,-12.42368221282959,-13.18076229095459,0.2023922950029373,0.1884449273347854,411.2421875,Europe
Czechia,2024,CZE,10735857.0,75.62300109863281,69.94185638427734,-9.142189979553224,-9.74838161468506,0.1925118565559387,0.1780494898557663,392.8225708007813,Europe
Democratic Republic of Congo,2014,COD,78403248.0,5.065957069396973,850.2811889648438,29.197704315185547,-16.79302406311035,0.1573373526334762,26.40784454345703,32.198055267333984,Africa
Democratic Republic of Congo,2015,COD,81035532.0,3.2743799686431885,668.211181640625,-35.365028381347656,-21.412914276123047,0.1414230912923813,28.860578536987305,23.153078079223633,Africa
Democratic Republic of Congo,2016,COD,83956416.0,2.6594040393829346,712.5715942382812,-18.781448364257812,6.638681888580322,0.1337753981351852,35.84432601928711,19.87961769104004,Africa
Democratic Republic of Congo,2017,COD,87083400.0,2.920245885848999,727.8073120117188,9.808290481567385,2.1381258964538574,0.1378480792045593,34.355613708496094,21.184524536132812,Africa
Democratic Republic of Congo,2018,COD,90047647.0,3.774204969406128,591.3687133789062,29.242706298828125,-18.746524810791016,0.1446735858917236,22.6684627532959,26.087726593017575,Africa
Democratic Republic of Congo,2019,COD,92947450.0,4.118092060089111,510.5823974609375,9.11151123046875,-13.66090202331543,0.1442838460206985,17.88905906677246,28.541601181030273,Africa
Democratic Republic of Congo,2020,COD,95990000.0,4.304789066314697,550.0568237304688,4.533576965332031,7.731258869171143,0.147836834192276,18.890277862548828,29.118513107299805,Africa
Democratic Republic of Congo,2021,COD,99148930.0,4.292236804962158,740.4339599609375,-0.2915799617767334,34.610450744628906,0.1391674131155014,24.00712776184082,30.842256546020508,Africa
Democratic Republic of Congo,2022,COD,102396974.0,5.8923659324646,768.8211059570312,37.27960586547851,3.8338541984558105,0.1583625674247741,20.662750244140625,37.20807266235352,Africa
Democratic Republic of Congo,2023,COD,105789733.0,5.8810858726501465,675.0614624023438,-0.191432237625122,-12.195253372192385,0.1453483700752258,16.683837890625,40.46200180053711,Africa
Democratic Republic of Congo,2024,COD,109276264.0,5.9044508934021,654.1005859375,0.3972887992858886,-3.1050264835357666,,,,Africa
Denmark,2014,DNK,5643795.0,37.57138442993164,39.26536178588867,-10.036688804626465,-15.814172744750977,0.1845683753490448,0.1928899884223938,203.56350708007812,Europe
Denmark,2015,DNK,5683698.0,35.110572814941406,37.13420104980469,-6.5496978759765625,-5.427580833435059,0.1764575690031051,0.1866278648376464,198.97459411621097,Europe
Denmark,2016,DNK,5728196.0,36.916561126708984,39.26738357543945,5.14371395111084,5.744528770446777,0.1831165254116058,0.1947772800922393,201.6014709472656,Europe
Denmark,2017,DNK,5765164.0,34.66461944580078,37.799171447753906,-6.1000823974609375,-3.739011287689209,0.1707748919725418,0.1862172186374664,202.9842987060547,Europe
Denmark,2018,DNK,5793824.0,34.60895538330078,36.77800750732422,-0.1605808734893798,-2.7015507221221924,0.1729433238506317,0.1837822347879409,200.11732482910156,Europe
Denmark,2019,DNK,5814618.0,30.95028305053711,32.615535736083984,-10.57146167755127,-11.317831039428713,0.1427582800388336,0.1504392623901367,216.8020172119141,Europe
Denmark,2020,DNK,5831529.0,28.29967498779297,29.839435577392575,-8.564085006713867,-8.511585235595703,0.1472666710615158,0.1552793085575103,192.16619873046875,Europe
Denmark,2021,DNK,5856774.0,29.60352325439453,31.95562744140625,4.607284069061279,7.091927528381348,0.1543059200048446,0.1665660589933395,191.84957885742188,Europe
Denmark,2022,DNK,5902901.0,29.09432029724121,31.0739803314209,-1.7200767993927002,-2.7589738368988037,0.1497942060232162,0.1599866151809692,194.22862243652344,Europe
Denmark,2023,DNK,5948134.0,28.83118438720703,30.767974853515625,-0.9044229984283448,-0.9847640991210938,0.1477023363113403,0.1576245129108429,195.19789123535156,Europe
Denmark,2024,DNK,5977417.0,28.36916160583496,30.324857711791992,-1.6025066375732422,-1.440185308456421,0.1445537954568863,0.1545189619064331,196.2533264160156,Europe
Djibouti,2014,DJI,1002720.0,0.4176180064678192,0.5101339817047119,9.663402557373049,7.218563556671143,0.100936435163021,0.1232971549034118,4.137435436248779,Africa
Djibouti,2015,DJI,1020316.0,0.504921019077301,0.5969606637954712,20.90499496459961,17.020368576049805,0.1383790522813797,0.1636035144329071,3.648825645446778,Africa
Djibouti,2016,DJI,1037660.0,0.4277659952640533,0.5183400511741638,-15.280616760253906,-13.17015266418457,0.1226324215531349,0.1485982835292816,3.488196849822998,Africa
Djibouti,2017,DJI,1054844.0,0.4137429893016815,0.5026316046714783,-3.278195858001709,-3.030526638031006,0.1310363560914993,0.159188225865364,3.1574673652648926,Africa
Djibouti,2018,DJI,1071886.0,0.4715180099010467,0.5618722438812256,13.963985443115234,11.786090850830078,0.1517634689807891,0.180845022201538,3.106926918029785,Africa
Djibouti,2019,DJI,1088710.0,0.5402169823646545,0.6504301428794861,14.569747924804688,15.761208534240724,0.1533463597297668,0.1846315264701843,3.522855043411255,Africa
Djibouti,2020,DJI,1105193.0,0.4630619883537292,0.562393069267273,-14.2822265625,-13.535207748413086,0.1476494520902633,0.1793216168880462,3.136225700378418,Africa
Djibouti,2021,DJI,1121251.0,0.5576149821281433,0.6525126099586487,20.419084548950195,16.024303436279297,0.1682489663362503,0.1968824118375778,3.314225196838379,Africa
Djibouti,2022,DJI,1137101.0,0.5503900051116943,0.647742509841919,-1.2956976890563965,-0.7310390472412109,0.1654385030269622,0.1947011202573776,3.3268556594848633,Africa
Djibouti,2023,DJI,1152951.0,0.5575590133666992,0.656926691532135,1.3025283813476562,1.4178752899169922,0.1582351773977279,0.1864357143640518,3.5236096382141113,Africa
Djibouti,2024,DJI,1168726.0,0.564083993434906,0.665466845035553,1.1702775955200195,1.3000249862670898,,,,Africa
Dominica,2014,DMA,70387.0,0.1685439944267273,0.0227534379810094,6.976747512817383,143.529296875,0.2318995893001556,0.0313064418733119,0.7267972826957703,North America
Dominica,2015,DMA,70429.0,0.1758719980716705,0.0348079986870288,4.347825050354004,52.97908782958984,0.228638470172882,0.0452513620257377,0.769214391708374,North America
Dominica,2016,DMA,69627.0,0.1722079962491989,0.0378124676644802,-2.083331346511841,8.631551742553711,0.2189577370882034,0.0480775125324726,0.7864896655082703,North America
Dominica,2017,DMA,68514.0,0.153888002038002,0.0292753595858812,-10.638296127319336,-22.57749938964844,0.2063339054584503,0.0392525680363178,0.7458202242851257,North America
Dominica,2018,DMA,68195.0,0.1648799926042556,0.0425756722688674,7.142853736877441,45.43177032470703,0.227286234498024,0.0586903467774391,0.7254288792610168,North America
Dominica,2019,DMA,67901.0,0.1722079962491989,0.0556195229291915,4.444444179534912,30.636871337890625,0.2277249544858932,0.0735503211617469,0.7562105059623718,North America
Dominica,2020,DMA,67588.0,0.1575520038604736,0.0486579127609729,-8.510637283325195,-12.516487121582031,0.2288117110729217,0.070665568113327,0.6885661482810974,North America
Dominica,2021,DMA,67222.0,0.1612160056829452,0.058880478143692,2.325582504272461,21.00904083251953,0.2310574799776077,0.0843884870409965,0.6977311372756958,North America
Dominica,2022,DMA,66847.0,0.1648709923028946,0.0640010759234428,2.267146110534668,8.696603775024414,0.2289911955595016,0.0888918191194534,0.7199884057044983,North America
Dominica,2023,DMA,66531.0,0.1645369976758957,0.0681737959384918,-0.2025842666625976,6.519758701324463,0.2319325804710388,0.0960982963442802,0.7094173431396484,North America
Dominica,2024,DMA,66226.0,0.1708579957485199,0.0788183212280273,3.841686248779297,15.613805770874023,,,,North America
Dominican Republic,2014,DOM,10315523.0,21.264209747314453,40.52091217041016,2.0277023315429688,98.11685180664062,0.2495128959417343,0.4754698276519775,85.22289276123047,North America
Dominican Republic,2015,DOM,10434826.0,22.986127853393555,29.9051513671875,8.097732543945312,-26.198226928710938,0.240840271115303,0.3133352994918823,95.4413833618164,North America
Dominican Republic,2016,DOM,10551430.0,24.140365600585938,27.663997650146484,5.021452903747559,-7.494205474853516,0.240021601319313,0.2750562131404876,100.5758056640625,North America
Dominican Republic,2017,DOM,10666846.0,23.45519638061523,25.882339477539062,-2.838277816772461,-6.440347671508789,0.2392952144145965,0.2640574872493744,98.017822265625,North America
Dominican Republic,2018,DOM,10782048.0,25.203123092651367,26.194786071777344,7.452201843261719,1.2071728706359863,0.2315039485692978,0.2406128942966461,108.86692810058594,North America
Dominican Republic,2019,DOM,10894043.0,28.47110366821289,29.092262268066406,12.966561317443848,11.061275482177734,0.2302737981081009,0.2352977097034454,123.64022827148438,North America
Dominican Republic,2020,DOM,11008298.0,26.227630615234375,26.573366165161133,-7.879829406738281,-8.658302307128906,0.2572495937347412,0.2606406807899475,101.95401763916016,North America
Dominican Republic,2021,DOM,11123480.0,29.362701416015625,29.515270233154297,11.953317642211914,11.070871353149414,0.2461426258087158,0.2474215775728225,119.29141235351562,North America
Dominican Republic,2022,DOM,11230734.0,31.224796295166016,31.410560607910156,6.341695785522461,6.421387195587158,0.2356287688016891,0.2370305955410003,132.51690673828125,North America
Dominican Republic,2023,DOM,11331269.0,31.828554153442383,31.985774993896484,1.933586597442627,1.8312811851501465,0.2436961680650711,0.2448999434709549,130.60752868652344,North America
Dominican Republic,2024,DOM,11427558.0,33.13081741333008,33.23971176147461,4.091501235961914,3.920292854309082,,,,North America
East Timor,2014,TLS,1181913.0,0.6270800232887268,3.868290901184082,1.1474847793579102,-5.40621280670166,0.2877728939056396,1.7751951217651367,2.179079532623291,Asia
East Timor,2015,TLS,1205133.0,0.5904309749603271,3.605316638946533,-5.844390392303467,-6.798201560974121,0.2763402163982391,1.6874014139175415,2.136608839035034,Asia
East Timor,2016,TLS,1228314.0,0.6429659724235535,3.666755199432373,8.897733688354492,1.704108715057373,0.307706207036972,1.7548102140426636,2.089545249938965,Asia
East Timor,2017,TLS,1251711.0,0.6928470134735107,5.5229878425598145,7.757949829101563,50.62331008911133,0.3250862061977386,2.591405153274536,2.1312716007232666,Asia
East Timor,2018,TLS,1275962.0,0.6170240044593811,4.0290141105651855,-10.943687438964844,-27.05010223388672,0.2748865783214569,1.7949413061141968,2.2446494102478027,Asia
East Timor,2019,TLS,1300946.0,0.6754310131072998,4.345512866973877,9.46592140197754,7.855498790740967,0.2488571107387542,1.6010693311691284,2.7141315937042236,Asia
East Timor,2020,TLS,1326051.0,0.646107017993927,4.998133182525635,-4.341525077819824,15.018248558044434,0.2484370619058609,1.9218512773513792,2.60068678855896,Asia
East Timor,2021,TLS,1350142.0,0.6201679706573486,6.197581768035889,-4.0146589279174805,23.99793815612793,0.2434829622507095,2.433220624923706,2.547069549560547,Asia
East Timor,2022,TLS,1369299.0,0.6695849895477295,4.673677921295166,7.968330383300781,-24.588685989379883,0.2549985647201538,1.7798802852630615,2.625838279724121,Asia
East Timor,2023,TLS,1384292.0,0.6367170214653015,4.436871528625488,-4.908710479736328,-5.066812038421631,0.2299522459506988,1.602389574050903,2.7689096927642822,Asia
East Timor,2024,TLS,1400638.0,0.6681119799613953,4.428036212921143,4.930758476257324,-0.19913911819458,,,,Asia
Ecuador,2014,ECU,16035127.0,43.75981521606445,113.47715759277344,10.26812744140625,124.38609313964844,0.2320697903633117,0.6017991304397583,188.56317138671875,South America
Ecuador,2015,ECU,16266229.0,41.297733306884766,59.18775939941406,-5.626356601715088,-47.841697692871094,0.2196148782968521,0.3147512674331665,188.046142578125,South America
Ecuador,2016,ECU,16505142.0,39.374515533447266,56.806766510009766,-4.656952857971191,-4.022777080535889,0.2101051658391952,0.3031248748302459,187.40383911132812,South America
Ecuador,2017,ECU,16759515.0,39.19587326049805,49.51380920410156,-0.4537045955657959,-12.838191032409668,0.2008914500474929,0.2537741661071777,195.10971069335935,South America
Ecuador,2018,ECU,17049542.0,38.45119094848633,70.03304290771484,-1.8998920917510984,41.441429138183594,0.1863123774528503,0.3393398523330688,206.38023376464844,South America
Ecuador,2019,ECU,17340017.0,40.0826301574707,66.28396606445312,4.242885112762451,-5.353289604187012,0.1896656602621078,0.3136468827724457,211.3330993652344,South America
Ecuador,2020,ECU,17546058.0,32.4732666015625,45.05558776855469,-18.98419952392578,-32.02641677856445,0.1775830686092376,0.2463906556367874,182.8623962402344,South America
Ecuador,2021,ECU,17682454.0,38.18497467041016,47.14144134521485,17.588960647583008,4.629504680633545,0.1796121001243591,0.2217409610748291,212.59689331054688,South America
Ecuador,2022,ECU,17823900.0,42.065650939941406,49.43263626098633,10.162830352783203,4.860258102416992,0.1888737976551056,0.2219513803720474,222.7183074951172,South America
Ecuador,2023,ECU,17980079.0,44.59959030151367,32.76216125488281,6.023776531219482,-33.7236213684082,0.1920455694198608,0.1410736590623855,232.2344207763672,South America
Ecuador,2024,ECU,18135478.0,45.979549407958984,33.80264663696289,3.0941009521484375,3.1758785247802734,0.1992863118648529,0.1465087234973907,230.72105407714844,South America
Egypt,2014,EGY,97528655.0,227.25408935546875,229.38372802734375,3.727996349334717,4.162168502807617,0.2362378537654876,0.238451674580574,961.9715576171876,Africa
Egypt,2015,EGY,99597334.0,226.65396118164065,227.35987854003903,-0.2640783786773681,-0.8823037147521973,0.2322017103433609,0.2329248934984207,976.1080932617188,Africa
Egypt,2016,EGY,101644583.0,245.16358947753903,247.444580078125,8.166467666625977,8.833885192871094,0.2379626631736755,0.240176647901535,1030.2607421875,Africa
Egypt,2017,EGY,103696055.0,253.3638916015625,255.1488037109375,3.3448338508605957,3.11352014541626,0.2366238385438919,0.2382908314466476,1070.745361328125,Africa
Egypt,2018,EGY,105682092.0,241.90318298339844,244.3713531494141,-4.523414611816406,-4.223984718322754,0.2257938086986541,0.228097602725029,1071.3455810546875,Africa
Egypt,2019,EGY,107553159.0,234.06016540527344,236.7307281494141,-3.242218494415283,-3.126645088195801,0.2232164144515991,0.2257632613182068,1048.5794677734375,Africa
Egypt,2020,EGY,109315118.0,246.3232879638672,249.3935546875,5.239307880401611,5.3490400314331055,0.2495917528867721,0.2527027428150177,986.90478515625,Africa
Egypt,2021,EGY,110957005.0,266.8389892578125,269.48602294921875,8.328771591186523,8.056533813476562,0.2514286935329437,0.2539228498935699,1061.2908935546875,Africa
Egypt,2022,EGY,112618252.0,249.8986663818359,252.6077880859375,-6.348514556884766,-6.263118743896484,0.225104883313179,0.227545216679573,1110.143310546875,Africa
Egypt,2023,EGY,114535772.0,250.23019409179688,252.99148559570312,0.1326560974121093,0.1518964767456054,0.2283816337585449,0.2309018224477768,1095.6668701171875,Africa
Egypt,2024,EGY,116538256.0,258.36785888671875,261.16400146484375,3.252077102661133,3.2303452491760254,0.2294848263263702,0.2319684028625488,1125.8602294921875,Africa
El Salvador,2014,SLV,6162952.0,6.120197772979736,6.488722801208496,1.0257959365844729,17.907846450805664,0.1940961480140686,0.2057835459709167,31.53178596496582,North America
El Salvador,2015,SLV,6183675.0,6.637127876281738,6.701687335968018,8.446300506591797,3.28207015991211,0.1971991509199142,0.1991173028945922,33.656982421875,North America
El Salvador,2016,SLV,6200808.0,6.572031021118164,6.637249946594238,-0.9808003902435304,-0.961512327194214,0.1925841569900512,0.1944953203201294,34.1254997253418,North America
El Salvador,2017,SLV,6213538.0,5.941628932952881,6.160369873046875,-9.592193603515623,-7.184905052185059,0.1798260658979416,0.1864463686943054,33.040977478027344,North America
El Salvador,2018,SLV,6219803.0,6.45216178894043,6.697906494140625,8.592473983764648,8.725714683532715,0.1785443723201751,0.1853446215391159,36.13758087158203,North America
El Salvador,2019,SLV,6222316.0,7.634154796600342,7.890195369720459,18.319332122802734,17.800914764404297,0.1894233673810959,0.1957764029502868,40.30207443237305,North America
El Salvador,2020,SLV,6234679.0,6.134853839874268,6.294751167297363,-19.639385223388672,-20.22059631347656,0.1827130317687988,0.1874752044677734,33.576446533203125,North America
El Salvador,2021,SLV,6255780.0,6.976690769195557,7.074849605560303,13.72220516204834,12.39284324645996,0.1780627071857452,0.1805679500102996,39.18109130859375,North America
El Salvador,2022,SLV,6280316.0,7.912705898284912,8.115545272827148,13.416314125061035,14.709794998168944,0.1834586858749389,0.1881615817546844,43.1307258605957,North America
El Salvador,2023,SLV,6309629.0,8.669881820678711,8.851212501525879,9.569120407104492,9.064924240112305,0.1919882297515869,0.1960036754608154,45.15840530395508,North America
El Salvador,2024,SLV,6338197.0,8.972290992736816,9.170184135437012,3.488039970397949,3.603696823120117,,,,North America
Equatorial Guinea,2014,GNQ,1399829.0,7.641308784484863,7.545165538787842,-6.452739238739014,-17.632335662841797,0.2496182769536972,0.2464775443077087,30.61197853088379,Africa
Equatorial Guinea,2015,GNQ,1453925.0,7.009904861450195,8.175497055053711,-8.263033866882324,8.35411548614502,0.2583330273628235,0.3012880980968475,27.13514709472656,Africa
Equatorial Guinea,2016,GNQ,1508192.0,7.537713050842285,8.24065113067627,7.52946138381958,0.7969498634338379,0.2813045978546142,0.3075379729270935,26.795557022094727,Africa
Equatorial Guinea,2017,GNQ,1562401.0,6.815630912780762,8.728678703308105,-9.57959270477295,5.922198295593262,0.2253054231405258,0.2885453701019287,30.250629425048828,Africa
Equatorial Guinea,2018,GNQ,1616425.0,7.03436803817749,8.11110782623291,3.2093405723571777,-7.075202465057373,0.352197915315628,0.4061082899570465,19.972768783569336,Africa
Equatorial Guinea,2019,GNQ,1670184.0,5.513670921325684,6.900092124938965,-21.61810302734375,-14.930337905883787,0.2764392495155334,0.3459503054618835,19.94532585144043,Africa
Equatorial Guinea,2020,GNQ,1716479.0,6.389505863189697,8.598201751708984,15.88479232788086,24.60995864868164,0.271776795387268,0.3657234311103821,23.510122299194336,Africa
Equatorial Guinea,2021,GNQ,1758796.0,7.087587833404541,8.864774703979492,10.925447463989258,3.1003355979919434,0.2629081010818481,0.3288313448429107,26.958423614501953,Africa
Equatorial Guinea,2022,GNQ,1803549.0,7.496825218200684,9.681668281555176,5.7739973068237305,9.215044975280762,0.2644400596618652,0.3415073454380035,28.349807739257812,Africa
Equatorial Guinea,2023,GNQ,1847556.0,6.913362979888916,8.266441345214844,-7.782787322998047,-14.617591857910156,0.2342369258403778,0.2800816297531128,29.514402389526367,Africa
Equatorial Guinea,2024,GNQ,1892523.0,7.01035213470459,8.38343620300293,1.4029264450073242,1.415300369262695,,,,Africa
Eritrea,2014,ERI,3095168.0,0.5691069960594177,5.075203895568848,-0.0707626342773437,35.96683883666992,0.2400636821985244,2.1408491134643555,2.370650053024292,Africa
Eritrea,2015,ERI,3105554.0,0.5574830174446106,6.310549259185791,-2.0424962043762207,24.340808868408203,0.2370169311761856,2.682964563369751,2.352080821990967,Africa
Eritrea,2016,ERI,3124700.0,0.5543659925460815,7.362700939178467,-0.5591213703155518,16.672897338867188,0.2315302491188049,3.0750224590301514,2.3943567276000977,Africa
Eritrea,2017,ERI,3150350.0,0.553396999835968,8.394869804382324,-0.1747965812683105,14.018893241882324,0.2104022055864334,3.191739559173584,2.6301863193511963,Africa
Eritrea,2018,ERI,3192763.0,0.6161350011825562,8.656783103942871,11.33688735961914,3.1199216842651367,0.2353462874889373,3.3066484928131104,2.617993116378784,Africa
Eritrea,2019,ERI,3240194.0,0.6445800065994263,9.256775856018066,4.616677761077881,6.930899620056152,0.2491273432970047,3.5777034759521484,2.5873513221740723,Africa
Eritrea,2020,ERI,3291277.0,0.6409109830856323,9.532010078430176,-0.5692064762115479,2.973330020904541,0.2526084184646606,3.7569429874420166,2.5371718406677246,Africa
Eritrea,2021,ERI,3350185.0,0.6816369891166687,6.811948776245117,6.354391574859619,-28.536069869995117,0.2537122070789337,2.5354766845703125,2.6866540908813477,Africa
Eritrea,2022,ERI,3409450.0,0.7182769775390625,7.726152896881104,5.3752899169921875,13.42059326171875,0.2436239868402481,2.6205437183380127,2.9483015537261963,Africa
Eritrea,2023,ERI,3470391.0,0.7310349941253662,8.029576301574707,1.7761945724487305,3.9272308349609375,0.2414199262857437,2.651719570159912,3.028064012527466,Africa
Eritrea,2024,ERI,3535610.0,0.7426469922065735,8.15239143371582,1.588428020477295,1.529526710510254,,,,Africa
Estonia,2014,EST,1314457.0,18.783952713012695,18.18671989440918,-4.328590393066406,1.6655921936035156,0.2532844841480255,0.245231345295906,74.1614761352539,Europe
Estonia,2015,EST,1314580.0,15.779626846313477,15.387799263000488,-15.994108200073242,-15.38991928100586,0.2299352139234542,0.2242256253957748,68.62640380859375,Europe
Estonia,2016,EST,1315850.0,17.43290901184082,15.801111221313477,10.477328300476074,2.685976028442383,0.2463562190532684,0.2232961505651474,70.76302337646484,Europe
Estonia,2017,EST,1317430.0,18.616037368774418,17.23950958251953,6.786751747131348,9.103155136108398,0.2371938675642013,0.2196550071239471,78.48448181152344,Europe
Estonia,2018,EST,1321972.0,17.800687789916992,16.70126724243164,-4.379826545715332,-3.122144937515259,0.2285685092210769,0.2144514918327331,77.87899780273438,Europe
Estonia,2019,EST,1326822.0,12.288093566894531,10.933953285217283,-30.968433380126953,-34.53219985961914,0.1957929581403732,0.1742166727781295,62.76065826416016,Europe
Estonia,2020,EST,1329675.0,9.19824504852295,8.212299346923828,-25.145065307617188,-24.89176368713379,0.1566103547811508,0.1398235261440277,58.73331069946289,Europe
Estonia,2021,EST,1331750.0,10.390914916992188,9.442011833190918,12.966275215148926,14.974045753479004,0.1691122651100158,0.1536688655614853,61.443885803222656,Europe
Estonia,2022,EST,1350093.0,11.966226577758787,11.351261138916016,15.160476684570312,20.220779418945312,0.1890210658311844,0.1793069243431091,63.30631637573242,Europe
Estonia,2023,EST,1367195.0,8.744256973266602,8.362541198730469,-26.925527572631836,-26.329404830932617,0.1553776860237121,0.1485949456691742,56.27743148803711,Europe
Estonia,2024,EST,1360548.0,8.306777000427246,8.099027633666992,-5.003052711486816,-3.151118755340576,0.1489635109901428,0.145237997174263,55.76383590698242,Europe
Eswatini,2014,SWZ,1136305.0,0.762112021446228,1.1276692152023315,-42.061279296875,-37.01240539550781,0.1387614905834198,0.2053202986717224,5.492244243621826,Africa
Eswatini,2015,SWZ,1142822.0,0.8500480055809021,1.1989707946777344,11.538457870483398,6.322908401489258,0.1506077945232391,0.212428405880928,5.6441168785095215,Africa
Eswatini,2016,SWZ,1149516.0,1.0222560167312622,1.6440367698669434,20.258617401123047,37.12067413330078,0.1740153729915619,0.2798591256141662,5.874515533447266,Africa
Eswatini,2017,SWZ,1158198.0,0.970960021018982,1.7128101587295532,-5.017918586730957,4.183197021484375,0.1593874543905258,0.2811654806137085,6.091822147369385,Africa
Eswatini,2018,SWZ,1168933.0,1.0149279832839966,1.74864399433136,4.528295993804932,2.092111110687256,0.1589625477790832,0.2738804221153259,6.384698867797852,Africa
Eswatini,2019,SWZ,1179885.0,1.0992000102996826,1.8971824645996096,8.30324935913086,8.49449634552002,0.1593184769153595,0.274978369474411,6.899387836456299,Africa
Eswatini,2020,SWZ,1192734.0,0.9892799854278564,1.4141207933425903,-10.000001907348633,-25.462060928344727,0.1447938531637191,0.2069747447967529,6.832334518432617,Africa
Eswatini,2021,SWZ,1206598.0,0.9892799854278564,1.2966530323028564,0.0,-8.306771278381348,0.1490154266357422,0.1953150779008865,6.638775825500488,Africa
Eswatini,2022,SWZ,1218921.0,1.0282349586486816,1.2901376485824585,3.937709331512451,-0.502479076385498,0.1642868667840957,0.2061325162649154,6.258777618408203,Africa
Eswatini,2023,SWZ,1230507.0,1.029613018035889,1.2625701427459717,0.1340270042419433,-2.136784791946411,0.1516787260770797,0.1859970986843109,6.788117408752441,Africa
Eswatini,2024,SWZ,1242829.0,1.0446439981460571,1.255543828010559,1.4598727226257324,-0.5565047264099121,,,,Africa
Ethiopia,2014,ETH,101115615.0,11.543205261230469,138.03958129882812,18.46826171875,39.10171890258789,0.2189556360244751,2.61838436126709,52.71937942504883,Africa
Ethiopia,2015,ETH,103867140.0,12.563613891601562,188.54090881347656,8.83990478515625,36.58467483520508,0.2268347144126892,3.404086112976074,55.38664627075195,Africa
Ethiopia,2016,ETH,106718163.0,14.323219299316406,226.57144165039065,14.005565643310549,20.170963287353516,0.2245649993419647,3.5522751808166504,63.78206253051758,Africa
Ethiopia,2017,ETH,109666482.0,14.602656364440918,250.338623046875,1.9509315490722656,10.48992919921875,0.2291393280029297,3.9282186031341553,63.7282829284668,Africa
Ethiopia,2018,ETH,112664157.0,16.117197036743164,254.04193115234375,10.371685028076172,1.4793157577514648,0.232849434018135,3.6702113151550297,69.21724700927734,Africa
Ethiopia,2019,ETH,115737384.0,17.177141189575195,268.30322265625,6.57649040222168,5.61375617980957,0.2156479209661483,3.3683736324310303,79.65364074707031,Africa
Ethiopia,2020,ETH,118917670.0,16.735015869140625,273.25762939453125,-2.5739192962646484,1.8465638160705569,0.2439829707145691,3.983874559402466,68.5909194946289,Africa
Ethiopia,2021,ETH,122138588.0,17.905590057373047,225.82717895507812,6.994760036468506,-17.35740852355957,0.2505487203598022,3.1599466800689697,71.46549987792969,Africa
Ethiopia,2022,ETH,125384285.0,16.959747314453125,233.55992126464844,-5.282383918762207,3.4241795539855957,0.2105646282434463,2.899775266647339,80.54414367675781,Africa
Ethiopia,2023,ETH,128691695.0,17.570661544799805,234.49868774414065,3.602135181427002,0.4019379615783691,0.1969147473573684,2.6280312538146973,89.22979736328125,Africa
Ethiopia,2024,ETH,132059770.0,17.837291717529297,231.87322998046875,1.51747465133667,-1.1196017265319824,,,,Africa
Faroe Islands,2014,FRO,48515.0,0.5972319841384888,,-7.909602165222168,,0.2053234279155731,,2.908737897872925,Europe
Faroe Islands,2015,FRO,48916.0,0.6082239747047424,,1.840496063232422,,0.1971615850925445,,3.0849010944366455,Europe
Faroe Islands,2016,FRO,49554.0,0.6265439987182617,,3.0120491981506348,,0.2002356201410293,,3.1290338039398193,Europe
Faroe Islands,2017,FRO,50268.0,0.7034879922866821,,12.280702590942385,,0.1990933120250702,,3.533458709716797,Europe
Faroe Islands,2018,FRO,51062.0,0.7254719734191895,,3.125,,0.1992554366588592,,3.6409144401550297,Europe
Faroe Islands,2019,FRO,51868.0,0.7401279807090759,,2.0202040672302246,,0.2315778285264969,,3.1960227489471436,Europe
Faroe Islands,2020,FRO,52615.0,0.7584480047225952,,2.475249767303467,,0.2311151176691055,,3.281689405441284,Europe
Faroe Islands,2021,FRO,53324.0,0.7840960025787354,,3.381645679473877,,0.2297553122043609,,3.41274356842041,Europe
Faroe Islands,2022,FRO,54039.0,0.7229220271110535,,-7.801848411560059,,0.2263967245817184,,3.193164587020874,Europe
Faroe Islands,2023,FRO,54738.0,0.7136589884757996,,-1.2813270092010498,,0.2230572998523712,,3.1994423866271973,Europe
Faroe Islands,2024,FRO,55419.0,0.7253879904747009,,1.643502712249756,,,,,Europe
Fiji,2014,FJI,917589.0,1.1798080205917358,0.6307942271232605,13.780927658081056,-25.491207122802734,0.1850449442863464,0.0989358276128768,6.375791549682617,Oceania
Fiji,2015,FJI,918585.0,1.4619359970092771,1.3775907754898071,23.91303825378418,118.3898696899414,0.2167392820119857,0.2042346894741058,6.745136260986328,Oceania
Fiji,2016,FJI,919167.0,1.3446879386901855,1.255542874336243,-8.020049095153809,-8.859515190124512,0.2067862153053283,0.1930774748325348,6.502793312072754,Oceania
Fiji,2017,FJI,918762.0,1.4546079635620115,0.970960021018982,8.174383163452148,-22.666120529174805,0.2054382562637329,0.1371313333511352,7.080512046813965,Oceania
Fiji,2018,FJI,917185.0,1.480255961418152,1.5051344633102417,1.7632246017456057,55.01508712768555,0.204761654138565,0.2082030624151229,7.229166030883789,Oceania
Fiji,2019,FJI,914906.0,1.5094560384750366,1.1517030000686646,1.972627639770508,-23.481719970703125,0.2109241634607315,0.1609334796667099,7.1563920974731445,Oceania
Fiji,2020,FJI,914971.0,1.3702399730682373,1.2074484825134275,-9.222925186157228,4.840266704559326,0.268349677324295,0.2364683598279953,5.106173515319824,Oceania
Fiji,2021,FJI,916718.0,1.0883270502090454,1.1945829391479492,-20.573986053466797,-1.0655105113983154,0.1904717087745666,0.2090679258108139,5.713851451873779,Oceania
Fiji,2022,FJI,919428.0,1.3886560201644895,1.096451997756958,27.59547233581543,-8.214664459228516,0.2188195437192917,0.1727750599384308,6.346124172210693,Oceania
Fiji,2023,FJI,924150.0,1.3820960521697998,0.2892347574234009,-0.4723966121673584,-73.62084197998047,0.2011054158210754,0.0420858450233936,6.872495174407959,Oceania
Fiji,2024,FJI,928800.0,1.445315957069397,0.3646925091743469,4.574215412139893,26.088762283325195,,,,Oceania
Finland,2014,FIN,5461686.0,47.62200164794922,69.16166687011719,-7.921653747558594,-4.254656791687012,0.1443865746259689,0.2096933424472808,329.8229064941406,Europe
Finland,2015,FIN,5479719.0,44.19200134277344,67.07598876953125,-7.202553749084473,-3.015655279159546,0.1343657523393631,0.2039445042610168,328.8933410644531,Europe
Finland,2016,FIN,5495468.0,47.25199890136719,70.98936462402344,6.924331188201904,5.834245681762695,0.141437754034996,0.212489977478981,334.0833435058594,Europe
Finland,2017,FIN,5508398.0,44.65700149536133,71.03996276855469,-5.491828918457031,0.071263313293457,0.1364756375551223,0.2171042412519455,327.2159118652344,Europe
Finland,2018,FIN,5515730.0,45.73600006103515,73.73174285888672,2.4161934852600098,3.7891149520874023,0.1369993686676025,0.2208588868379593,333.8409729003906,Europe
Finland,2019,FIN,5521754.0,42.444000244140625,70.69036102294922,-7.197833061218262,-4.124933242797852,0.1298015415668487,0.2161840796470642,326.99151611328125,Europe
Finland,2020,FIN,5529616.0,37.720001220703125,66.0311050415039,-11.12995719909668,-6.591075897216797,0.1201465502381324,0.210323691368103,313.9499206542969,Europe
Finland,2021,FIN,5541069.0,37.81999969482422,68.31415557861328,0.2651095390319824,3.4575343132019043,0.1179747581481933,0.2130974531173706,320.5770568847656,Europe
Finland,2022,FIN,5569300.0,36.33700180053711,68.5023422241211,-3.9212048053741455,0.2754807472229004,0.1134710237383842,0.2139150500297546,320.2315368652344,Europe
Finland,2023,FIN,5601185.0,31.798999786376953,64.72769927978516,-12.488645553588867,-5.510246753692627,0.0951659902930259,0.1937128603458404,334.1424865722656,Europe
Finland,2024,FIN,5617311.0,29.774999618530273,63.02763366699219,-6.3649773597717285,-2.6264846324920654,0.0889885127544403,0.1883706152439117,334.59375,Europe
France,2014,FRA,64692495.0,327.80877685546875,314.3419189453125,-8.945381164550781,-9.17634391784668,0.1171673685312271,0.112353965640068,2797.7822265625,Europe
France,2015,FRA,64916337.0,332.1310119628906,325.8767395019531,1.318526268005371,3.669512271881103,0.1176340132951736,0.1154188811779022,2823.4267578125,Europe
France,2016,FRA,65086853.0,335.4963684082031,324.3352355957031,1.0132670402526855,-0.4730343818664551,0.1212667971849441,0.117232546210289,2766.59716796875,Europe
France,2017,FRA,65284775.0,338.3680419921875,357.1227111816406,0.8559346199035645,10.109138488769531,0.1227648481726646,0.129569336771965,2756.22900390625,Europe
France,2018,FRA,65519537.0,323.1017150878906,309.5308837890625,-4.511743545532227,-13.326465606689451,0.1157892718911171,0.1109259203076362,2790.4287109375,Europe
France,2019,FRA,65729460.0,316.32080078125,327.6424560546875,-2.0986974239349365,5.851304531097412,0.1158112660050392,0.119956336915493,2731.347412109375,Europe
France,2020,FRA,65905273.0,281.5154724121094,279.46356201171875,-11.003166198730469,-14.70472240447998,0.1151738688349723,0.1143343821167945,2444.265380859375,Europe
France,2021,FRA,66083547.0,307.2718505859375,298.7641296386719,9.149181365966797,6.906294822692871,0.1182924583554267,0.1150171980261802,2597.560546875,Europe
France,2022,FRA,66277412.0,295.3038024902344,285.19158935546875,-3.8949310779571538,-4.542893409729004,0.1280482411384582,0.123663417994976,2306.19189453125,Europe
France,2023,FRA,66438828.0,270.2626647949219,258.94354248046875,-8.479791641235352,-9.203654289245604,0.1123046427965164,0.1076011061668396,2406.513671875,Europe
France,2024,FRA,66548532.0,264.1556091308594,251.92515563964844,-2.2596657276153564,-2.710390090942383,0.1048277914524078,0.0999742373824119,2519.900634765625,Europe
French Polynesia,2014,PYF,276391.0,0.8500480055809021,,-3.734439611434937,,0.2015665471553802,,4.217207908630371,Oceania
French Polynesia,2015,PYF,277877.0,0.8463839888572693,,-0.4310369491577148,,0.19212207198143,,4.405449390411377,Oceania
French Polynesia,2016,PYF,279180.0,0.8683679699897766,,2.5974035263061523,,0.1996169686317443,,4.350171089172363,Oceania
French Polynesia,2017,PYF,280096.0,0.8756960034370422,,0.8438825607299805,,0.2066806107759475,,4.236952781677246,Oceania
French Polynesia,2018,PYF,279823.0,0.879360020160675,,0.4184126853942871,,0.2562033832073211,,3.4322731494903564,Oceania
French Polynesia,2019,PYF,279040.0,0.8903520107269287,,1.250004768371582,,0.2573354542255401,,3.459888458251953,Oceania
French Polynesia,2020,PYF,279218.0,0.8317279815673828,,-6.58436393737793,,0.2576421499252319,,3.228229522705078,Oceania
French Polynesia,2021,PYF,279808.0,0.8683679699897766,,4.4052839279174805,,0.3364387452602386,,2.5810582637786865,Oceania
French Polynesia,2022,PYF,280388.0,0.8866879940032959,,2.109706401824951,,0.2147059291601181,,4.129778861999512,Oceania
French Polynesia,2023,PYF,281125.0,0.8824999928474426,,-0.4723191261291504,,0.2026828676462173,,4.354092597961426,Oceania
French Polynesia,2024,PYF,281816.0,0.9228670001029968,,4.574167728424072,,,,,Oceania
Gabon,2014,GAB,1978400.0,5.663489818572998,12.16558837890625,9.115827560424805,-22.733163833618164,0.2842648327350616,0.6106215119361877,19.92328834533691,Africa
Gabon,2015,GAB,2040990.0,5.772069931030273,16.99032211303711,1.9171953201293943,39.65886688232422,0.3049444854259491,0.897616446018219,18.92826461791992,Africa
Gabon,2016,GAB,2100310.0,5.613028049468994,13.858016967773438,-2.75537371635437,-18.43581771850586,0.301981508731842,0.7455628514289856,18.587322235107425,Africa
Gabon,2017,GAB,2156902.0,5.500516891479492,18.865175247192383,-2.004462480545044,36.131858825683594,0.2756335735321045,0.9453431963920592,19.955902099609375,Africa
Gabon,2018,GAB,2212320.0,5.563362121582031,12.742420196533203,1.1425256729125977,-32.45533752441406,0.3382307887077331,0.7746896147727966,16.44841957092285,Africa
Gabon,2019,GAB,2267711.0,5.607272148132324,11.632975578308104,0.7892727851867676,-8.706694602966309,0.3687569797039032,0.7650317549705505,15.205873489379885,Africa
Gabon,2020,GAB,2322538.0,5.636100769042969,12.850187301635742,0.5141377449035645,10.463452339172363,0.3522132039070129,0.8030383586883545,16.0019588470459,Africa
Gabon,2021,GAB,2376729.0,5.5451250076293945,12.057957649230955,-1.6141653060913086,-6.165117263793945,0.3426403403282165,0.7450766563415527,16.183513641357422,Africa
Gabon,2022,GAB,2430750.0,5.783253192901611,13.709877014160156,4.294371604919434,13.6998291015625,0.3658005893230438,0.8671730756759644,15.80985164642334,Africa
Gabon,2023,GAB,2484790.0,5.320943832397461,12.513669967651367,-7.993924617767334,-8.72514820098877,0.3306037783622741,0.7775061130523682,16.09462547302246,Africa
Gabon,2024,GAB,2538953.0,5.398794174194336,12.76695156097412,1.4630913734436035,2.02404260635376,,,,Africa
Gambia,2014,GMB,2164535.0,0.5056319832801819,1.7635564804077148,17.948711395263672,35.37718200683594,0.2237768322229385,0.780494749546051,2.2595367431640625,Africa
Gambia,2015,GMB,2224530.0,0.5825759768486023,1.397742748260498,15.217399597167969,-20.742958068847656,0.2518928349018097,0.6043527126312256,2.312793016433716,Africa
Gambia,2016,GMB,2283775.0,0.5899040102958679,0.9748438596725464,1.2578606605529783,-30.255842208862305,0.2530094087123871,0.4181098639965057,2.331549644470215,Africa
Gambia,2017,GMB,2342191.0,0.5972319841384888,0.9767857193946838,1.242232322692871,0.1991987228393554,0.251815527677536,0.411849707365036,2.371704339981079,Africa
Gambia,2018,GMB,2399633.0,0.648527979850769,1.0349334478378296,8.588957786560059,5.952966213226318,0.3356657028198242,0.5356617569923401,1.9320651292800903,Africa
Gambia,2019,GMB,2456847.0,0.7108160257339478,1.076812982559204,9.604525566101074,4.046595096588135,0.3596059381961822,0.5447659492492676,1.9766525030136108,Africa
Gambia,2020,GMB,2515744.0,0.6998239755630493,1.1356201171875,-1.546388864517212,5.461215972900391,0.3933978378772735,0.638375461101532,1.7789218425750732,Africa
Gambia,2021,GMB,2576015.0,0.7254719734191895,1.0446430444717407,3.6649227142333984,-8.01122760772705,0.3555476665496826,0.5119706392288208,2.040435314178467,Africa
Gambia,2022,GMB,2636472.0,0.80799800157547,1.1301002502441406,11.375486373901367,8.180522918701172,0.3848461210727691,0.5382620692253113,2.0995352268218994,Africa
Gambia,2023,GMB,2697846.0,0.7726349830627441,1.0907801389694214,-4.376620292663574,-3.4793496131896973,0.3578550517559051,0.5052077770233154,2.1590723991394043,Africa
Gambia,2024,GMB,2759999.0,0.8027740120887756,1.1162292957305908,3.9008021354675297,2.3331165313720703,,,,Africa
Georgia,2014,GEO,3792921.0,9.05811882019043,-0.3963199853897095,12.831079483032228,-75.57351684570312,0.1826892644166946,-0.0079932054504752,49.58210754394531,Asia
Georgia,2015,GEO,3791570.0,9.790616035461426,-0.3623279929161072,8.086633682250977,-8.576906204223633,0.1822338104248047,-0.006744050886482,53.7255744934082,Asia
Georgia,2016,GEO,3792061.0,10.042935371398926,0.0255219992250204,2.5771498680114746,-107.0438995361328,0.1782799363136291,0.0004530608421191,56.33238983154297,Asia
Georgia,2017,GEO,3792860.0,10.05978775024414,-0.0771439969539642,0.1678109169006347,-402.2646789550781,0.1795198321342468,-0.0013766570482403,56.03719711303711,Asia
Georgia,2018,GEO,3794881.0,9.888335227966309,-0.3089430034160614,-1.704341173171997,300.4757385253906,0.1748650968074798,-0.0054633417166769,56.54835891723633,Asia
Georgia,2019,GEO,3796722.0,10.51708698272705,1.1642509698867798,6.358528137207031,-476.8497314453125,0.1761257946491241,0.0194972828030586,59.7135009765625,Asia
Georgia,2020,GEO,3795680.0,10.377979278564451,2.6930689811706543,-1.3226866722106934,131.31344604492188,0.1824912875890731,0.0473561994731426,56.868350982666016,Asia
Georgia,2021,GEO,3788450.0,10.74975872039795,2.8570635318756104,3.5823941230773926,6.089496612548828,0.1760958284139633,0.0468026250600814,61.04494094848633,Asia
Georgia,2022,GEO,3794782.0,11.999863624572754,4.600709438323975,11.629140853881836,61.02930450439453,0.1772014945745468,0.0679384917020797,67.71875,Asia
Georgia,2023,GEO,3807494.0,11.922203063964844,4.886919975280762,-0.6471812725067139,6.22100830078125,0.1905301511287689,0.0780984535813331,62.57383728027344,Asia
Georgia,2024,GEO,3807668.0,11.784257888793944,5.140803337097168,-1.1570453643798828,5.195164680480957,,,,Asia
Germany,2014,DEU,81376078.0,792.5836181640625,790.9263305664062,-4.708403587341309,-4.448461532592773,0.2136076539754867,0.2131609916687011,3710.464599609375,Europe
Germany,2015,DEU,82077546.0,800.822509765625,797.8274536132812,1.0395050048828125,0.8725404739379883,0.2118096202611923,0.2110174596309662,3780.85986328125,Europe
Germany,2016,DEU,82760102.0,797.98828125,797.595703125,-0.3539144992828369,-0.0290453433990478,0.2077309489250183,0.2076287567615509,3841.451171875,Europe
Germany,2017,DEU,83104010.0,784.5951538085938,783.04931640625,-1.6783654689788818,-1.8237769603729248,0.1986540257930755,0.1982626318931579,3949.555908203125,Europe
Germany,2018,DEU,83368507.0,758.7713623046875,753.3270874023438,-3.29134464263916,-3.795707225799561,0.1973185390233993,0.1959027349948883,3845.41357421875,Europe
Germany,2019,DEU,83559184.0,708.6489868164062,702.59375,-6.605738639831543,-6.734573841094971,0.1887865960597992,0.187173455953598,3753.70361328125,Europe
Germany,2020,DEU,83628711.0,647.1768188476562,642.3424682617188,-8.67455005645752,-8.575546264648438,0.1849649995565414,0.1835833191871643,3498.9150390625,Europe
Germany,2021,DEU,83697080.0,677.9976806640625,674.287841796875,4.7623515129089355,4.973268508911133,0.1884115934371948,0.1873806565999984,3598.492431640625,Europe
Germany,2022,DEU,84086227.0,667.843017578125,663.1506958007812,-1.4977455139160156,-1.6516923904418943,0.1932723820209503,0.1919144392013549,3455.449951171875,Europe
Germany,2023,DEU,84548233.0,593.7659912109375,588.8966674804688,-11.0919771194458,-11.19716739654541,0.1867842972278595,0.1852525174617767,3178.885986328125,Europe
Germany,2024,DEU,84552234.0,572.3191528320312,567.3388671875,-3.612005710601806,-3.660702705383301,0.1791048645973205,0.1775463074445724,3195.44140625,Europe
Ghana,2014,GHA,28041592.0,13.25657558441162,34.2208137512207,5.127584934234619,2.8279542922973633,0.2190192341804504,0.5653809905052185,60.52699279785156,Africa
Ghana,2015,GHA,28696071.0,14.568119049072266,33.52964782714844,9.893524169921877,-2.019721269607544,0.2018501013517379,0.4645735323429107,72.17295837402344,Africa
Ghana,2016,GHA,29356736.0,13.91364860534668,33.03888702392578,-4.49247932434082,-1.4636576175689695,0.1886347830295562,0.4479258954524994,73.75971984863281,Africa
Ghana,2017,GHA,30008364.0,12.437270164489746,31.68059730529785,-10.61100959777832,-4.111182689666748,0.1686259657144546,0.4295292794704437,73.75654602050781,Africa
Ghana,2018,GHA,30637592.0,15.189658164978027,32.12451934814453,22.13016700744629,1.4012455940246582,0.2063083499670028,0.4363203644752502,73.62599182128906,Africa
Ghana,2019,GHA,31258943.0,16.41519546508789,36.25461959838867,8.068227767944336,12.856531143188477,0.2052094787359237,0.4532259404659271,79.99237823486328,Africa
Ghana,2020,GHA,31887802.0,19.16405487060547,35.260372161865234,16.745817184448242,-2.742403745651245,0.20352503657341,0.3744702637195587,94.1606674194336,Africa
Ghana,2021,GHA,32518662.0,20.556058883666992,32.50637435913086,7.263624668121338,-7.810455322265625,0.1994129419326782,0.3153421878814697,103.08287048339844,Africa
Ghana,2022,GHA,33149152.0,20.745210647583008,33.203102111816406,0.9201765060424804,2.1433591842651367,0.2011881917715072,0.3220055401325226,103.11345672607422,Africa
Ghana,2023,GHA,33787916.0,20.135648727416992,32.83965301513672,-2.938324213027954,-1.0946333408355713,0.1937916129827499,0.3160588145256042,103.9036102294922,Africa
Ghana,2024,GHA,34427417.0,21.021873474121097,34.55610275268555,4.401278495788574,5.226767063140869,,,,Africa
Greece,2014,GRC,10893169.0,78.63569641113281,59.99480056762695,-3.7662923336029057,-2.0034074783325195,0.255385160446167,0.1948451101779937,307.91021728515625,Europe
Greece,2015,GRC,10820902.0,74.92666625976562,53.85965347290039,-4.716730117797852,-10.226130485534668,0.2403628826141357,0.1727804392576217,311.72308349609375,Europe
Greece,2016,GRC,10775506.0,71.35961151123047,47.884033203125,-4.760730266571045,-11.094797134399414,0.2324472963809967,0.1559777855873108,306.9926452636719,Europe
Greece,2017,GRC,10753532.0,74.84175109863281,49.803184509277344,4.87971305847168,4.007911682128906,0.2322854548692703,0.1545735448598861,322.19732666015625,Europe
Greece,2018,GRC,10730846.0,71.77809143066406,70.3250961303711,-4.093522071838379,41.206024169921875,0.2214923202991485,0.2170086652040481,324.0658264160156,Europe
Greece,2019,GRC,10718581.0,65.736328125,41.5315055847168,-8.417278289794922,-40.94355010986328,0.2074438631534576,0.1310607939958572,316.8872985839844,Europe
Greece,2020,GRC,10699370.0,55.576927185058594,36.83509063720703,-15.454774856567385,-11.30807399749756,0.200670525431633,0.1329997330904007,276.95611572265625,Europe
Greece,2021,GRC,10579561.0,57.52791213989258,38.37002944946289,3.510415554046631,4.167044162750244,0.1901521533727646,0.1268278956413269,302.53619384765625,Europe
Greece,2022,GRC,10412481.0,57.60904693603515,37.546852111816406,0.1410365104675293,-2.14536190032959,0.1832732260227203,0.1194488257169723,314.334228515625,Europe
Greece,2023,GRC,10242910.0,51.988224029541016,31.68226432800293,-9.756845474243164,-15.619384765625,0.1699533015489578,0.103571631014347,305.8971252441406,Europe
Greece,2024,GRC,10047813.0,53.36083984375,32.99911117553711,2.640247344970703,4.1564226150512695,0.1661364883184433,0.1027411967515945,321.186767578125,Europe
Greenland,2014,GRL,56195.0,0.5025069713592529,,-10.617756843566896,,0.1869248151779174,,2.688283920288086,North America
Greenland,2015,GRL,56048.0,0.5475999712944031,,8.973609924316406,,0.1895992904901504,,2.8881962299346924,North America
Greenland,2016,GRL,56082.0,0.5091999769210815,,-7.012420654296875,,0.1762090325355529,,2.889749526977539,North America
Greenland,2017,GRL,56094.0,0.5359029769897461,,5.244112014770508,,0.1850823760032653,,2.8954837322235107,North America
Greenland,2018,GRL,56100.0,0.5237399935722351,,-2.269625663757324,,0.2000725418329239,,2.617750644683838,North America
Greenland,2019,GRL,56109.0,0.5261300206184387,,0.4563331604003906,,0.1949482858180999,,2.69881820678711,North America
Greenland,2020,GRL,56105.0,0.5495089888572693,,4.443573951721191,,0.2123180031776428,,2.5881412029266357,North America
Greenland,2021,GRL,56065.0,0.5463539958000183,,-0.5741477012634277,,0.214806467294693,,2.543470859527588,North America
Greenland,2022,GRL,56014.0,0.5872009992599487,,7.476294040679932,,0.2207198441028595,,2.660390615463257,North America
Greenland,2023,GRL,55951.0,0.6089550256729126,,3.704690933227539,,0.2316633760929107,,2.628619909286499,North America
Greenland,2024,GRL,55864.0,0.6189630031585693,,1.6434669494628906,,,,,North America
Grenada,2014,GRD,114148.0,0.2418240010738372,0.0984883308410644,-19.51219367980957,-34.820556640625,0.2132370322942733,0.0868456363677978,1.1340619325637815,North America
Grenada,2015,GRD,114691.0,0.2601439952850342,0.1227440014481544,7.575762271881104,24.62797164916992,0.2200235426425933,0.103813923895359,1.182346224784851,North America
Grenada,2016,GRD,115147.0,0.2748000025749206,0.1432623863220214,5.633807182312012,16.716407775878906,0.2259067296981811,0.1177726909518241,1.2164312601089478,North America
Grenada,2017,GRD,115448.0,0.2931199967861175,0.1673715114593505,6.666672229766846,16.828643798828125,0.2217929065227508,0.1266437470912933,1.321593165397644,North America
Grenada,2018,GRD,115703.0,0.307776004076004,0.1874502450227737,4.999995231628418,11.99650764465332,0.2187941670417785,0.1332560777664184,1.4066920280456543,North America
Grenada,2019,GRD,115995.0,0.3334240019321441,0.2325540781021118,8.333337783813477,24.061763763427734,0.2173407524824142,0.1515891999006271,1.5341070890426636,North America
Grenada,2020,GRD,116353.0,0.2894560098648071,0.1860212832689285,-13.186812400817873,-20.00945281982422,0.2186811566352844,0.1405372470617294,1.3236440420150757,North America
Grenada,2021,GRD,116696.0,0.3114399909973144,0.2110830247402191,7.594931125640869,13.47252082824707,0.2192289531230926,0.148585632443428,1.420615315437317,North America
Grenada,2022,GRD,116928.0,0.342393010854721,0.2484480291604995,9.938669204711914,17.701566696166992,0.2359801977872848,0.171232521533966,1.4509395360946655,North America
Grenada,2023,GRD,117094.0,0.362973004579544,0.2741576135158539,6.010639667510986,10.348081588745115,0.253655731678009,0.1915890574455261,1.430967092514038,North America
Grenada,2024,GRD,117218.0,0.3769710063934326,0.2928455471992492,3.856480121612549,6.816494464874268,,,,North America
Guatemala,2014,GTM,15681725.0,13.42480754852295,59.14094161987305,7.454729080200195,51.155914306640625,0.2145932465791702,0.9453577399253844,62.559322357177734,North America
Guatemala,2015,GTM,15971745.0,15.449176788330078,51.52326965332031,15.07931900024414,-12.880539894104004,0.2132847607135772,0.7113083004951477,72.43450927734375,North America
Guatemala,2016,GTM,16268761.0,16.523710250854492,48.807579040527344,6.955277919769287,-5.270796775817871,0.2086430788040161,0.6162879467010498,79.19606018066406,North America
Guatemala,2017,GTM,16567363.0,16.99272346496582,48.55852508544922,2.838432788848877,-0.5102813243865967,0.207192376255989,0.5920743346214294,82.01422882080078,North America
Guatemala,2018,GTM,16845688.0,18.338417053222656,50.2042236328125,7.9192399978637695,3.389108180999756,0.2190746515989303,0.5997503995895386,83.70853424072266,North America
Guatemala,2019,GTM,17103803.0,19.25885581970215,52.10708999633789,5.019176006317139,3.79025936126709,0.2123127579689026,0.5744370818138123,90.7098388671875,North America
Guatemala,2020,GTM,17357331.0,17.156898498535156,46.21860885620117,-10.914241790771484,-11.300736427307127,0.190466895699501,0.5130947828292847,90.07810974121094,North America
Guatemala,2021,GTM,17598652.0,19.98412322998047,47.2324104309082,16.478656768798828,2.1934986114501953,0.1934967190027237,0.4573288857936859,103.27887725830078,North America
Guatemala,2022,GTM,17847877.0,18.913354873657227,47.64332962036133,-5.358105659484863,0.8699893951416016,0.1979360431432724,0.4986070692539215,95.5528564453125,North America
Guatemala,2023,GTM,18124841.0,19.736068725585938,49.44865417480469,4.349911212921143,3.7892580032348633,0.2173340618610382,0.5445297956466675,90.80982971191406,North America
Guatemala,2024,GTM,18406366.0,19.880430221557617,49.45773696899414,0.7314682006835938,0.0183582305908203,,,,North America
Guinea,2014,GIN,11472921.0,2.37060809135437,87.2900390625,14.109349250793455,-3.3609092235565186,0.2266795784235,8.346748352050781,10.457969665527344,Africa
Guinea,2015,GIN,11767077.0,2.4543991088867188,64.70378112792969,3.534579277038574,-25.874954223632812,0.2035955041646957,5.367260456085205,12.05527114868164,Africa
Guinea,2016,GIN,12073031.0,2.6998140811920166,74.86991882324219,9.99898910522461,15.711820602416992,0.2006434500217437,5.564146518707275,13.45577907562256,Africa
Guinea,2017,GIN,12385668.0,4.847472190856934,72.66503143310547,79.54837036132812,-2.944958209991455,0.3633251488208771,5.446350574493408,13.341967582702637,Africa
Guinea,2018,GIN,12704776.0,3.7702560424804688,50.19624710083008,-22.22222137451172,-30.92104148864746,0.2634442448616028,3.5074307918548584,14.311400413513184,Africa
Guinea,2019,GIN,13034349.0,4.104165077209473,74.50177001953125,8.856403350830078,48.420989990234375,0.2186195999383926,3.968540906906128,18.773088455200195,Africa
Guinea,2020,GIN,13371185.0,4.430247783660889,66.12519836425781,7.945168018341064,-11.243456840515137,0.20967897772789,3.12963604927063,21.128719329833984,Africa
Guinea,2021,GIN,13710515.0,4.067529201507568,54.75779724121094,-8.187323570251465,-17.190725326538086,0.1943043172359466,2.6157591342926025,20.933807373046875,Africa
Guinea,2022,GIN,14055136.0,4.052383899688721,55.5455436706543,-0.3723442554473877,1.438605785369873,0.1881210803985595,2.5785534381866455,21.541358947753903,Africa
Guinea,2023,GIN,14405469.0,3.8750269412994385,55.2109260559082,-4.376607894897461,-0.6024181842803955,0.1753144413232803,2.497859477996826,22.103296279907227,Africa
Guinea,2024,GIN,14754779.0,4.026185035705566,53.82891845703125,3.900825977325439,-2.5031447410583496,,,,Africa
Guinea-Bissau,2014,GNB,1741126.0,0.1428959965705871,1.478460669517517,0.0,21.729814529418945,0.0903455838561058,0.9347525238990784,1.5816600322723389,Africa
Guinea-Bissau,2015,GNB,1786461.0,0.153888002038002,2.4190094470977783,7.692313194274902,63.61676406860352,0.0941256806254386,1.479588508605957,1.6349204778671265,Africa
Guinea-Bissau,2016,GNB,1831898.0,0.1685439944267273,1.593766689300537,9.523809432983398,-34.11490249633789,0.0990142375230789,0.9362872242927552,1.7022199630737305,Africa
Guinea-Bissau,2017,GNB,1877074.0,0.1832000017166137,2.73305082321167,8.695650100708008,71.48373413085938,0.1330035924911499,1.9842007160186768,1.377406358718872,Africa
Guinea-Bissau,2018,GNB,1922167.0,0.197855994105339,5.019093990325928,8.000003814697266,83.64437866210938,0.1345273107290268,3.412609338760376,1.4707497358322144,Africa
Guinea-Bissau,2019,GNB,1967704.0,0.2564800083637237,3.949425458908081,29.629634857177734,-21.311986923217773,0.1702693104743957,2.621903657913208,1.5063197612762451,Africa
Guinea-Bissau,2020,GNB,2013259.0,0.3114399909973144,4.7752909660339355,21.42856216430664,20.91102600097656,0.2208800613880157,3.3867406845092773,1.4099960327148438,Africa
Guinea-Bissau,2021,GNB,2058841.0,0.3407520055770874,3.7523391246795654,9.41176414489746,-21.42176628112793,0.239875316619873,2.641491651535034,1.4205379486083984,Africa
Guinea-Bissau,2022,GNB,2105535.0,0.3444159924983978,4.436921119689941,1.0752677917480469,18.2441349029541,0.2387160956859588,3.075247287750244,1.4427850246429443,Africa
Guinea-Bissau,2023,GNB,2153343.0,0.3293420076370239,4.8077392578125,-4.376685619354248,8.357561111450195,0.2219449430704116,3.239955425262451,1.4838905334472656,Africa
Guinea-Bissau,2024,GNB,2201360.0,0.3421890139579773,5.284887790679932,3.900814056396485,9.924591064453123,,,,Africa
Guyana,2014,GUY,754231.0,1.97489595413208,6.935842514038086,3.8535594940185542,40.385353088378906,0.2406550496816635,0.8451814651489258,8.206335067749023,South America
Guyana,2015,GUY,758783.0,1.9639040231704712,8.051713943481445,-0.5565881729125977,16.08847427368164,0.234015867114067,0.9594301581382751,8.392183303833008,South America
Guyana,2016,GUY,763553.0,2.209157943725586,3.156118631362915,12.488079071044922,-60.80189895629883,0.2346316426992416,0.3352070748806,9.415430068969728,South America
Guyana,2017,GUY,768483.0,2.1580960750579834,4.509504318237305,-2.311378717422486,42.88133239746094,0.2316119521856308,0.4839707016944885,9.31772232055664,South America
Guyana,2018,GUY,791563.0,2.31931209564209,3.3577263355255127,7.470285892486572,-25.541126251220703,0.2581763565540313,0.3737684190273285,8.983440399169922,South America
Guyana,2019,GUY,807668.0,2.6452059745788574,6.07815408706665,14.051318168640137,81.01993560791016,0.258793830871582,0.5946564078330994,10.221287727355955,South America
Guyana,2020,GUY,807486.0,3.100269079208374,7.801327705383301,17.20330810546875,28.35028076171875,0.3178939521312713,0.7999289631843567,9.75252628326416,South America
Guyana,2021,GUY,815484.0,2.9327778816223145,6.197035789489746,-5.402469635009766,-20.564342498779297,0.2946673631668091,0.6226397752761841,9.952842712402344,South America
Guyana,2022,GUY,821638.0,4.396635055541992,7.887290954589844,49.91366958618164,27.275217056274418,0.3941710889339447,0.7071185111999512,11.154129028320312,South America
Guyana,2023,GUY,826357.0,4.378932952880859,7.855483055114746,-0.4026234149932861,-0.4032790660858154,0.3926876485347748,0.704452633857727,11.1511869430542,South America
Guyana,2024,GUY,831092.0,4.5103302001953125,7.987319469451904,3.000664710998535,1.6782760620117188,,,,South America
Haiti,2014,HTI,10373241.0,2.6984329223632812,9.393258094787598,-0.1769006252288818,-17.48932647705078,0.2299409955739975,0.8004257678985596,11.73532772064209,North America
Haiti,2015,HTI,10523249.0,2.6544649600982666,7.94586706161499,-1.6293883323669434,-15.408825874328612,0.1977305710315704,0.591886043548584,13.424656867980955,North America
Haiti,2016,HTI,10671462.0,2.9768970012664795,4.941314220428467,12.146782875061035,-37.812774658203125,0.2131722569465637,0.3538419604301452,13.96474838256836,North America
Haiti,2017,HTI,10817759.0,3.133481979370117,4.428633213043213,5.260002613067627,-10.375398635864258,0.2277467399835586,0.3218805193901062,13.758625030517578,North America
Haiti,2018,HTI,10962373.0,3.400954008102417,-1.134564995765686,8.535933494567871,-125.6188507080078,0.2950020730495453,-0.098413273692131,11.528576850891112,North America
Haiti,2019,HTI,11105165.0,3.118825912475586,-0.6366274952888489,-8.295554161071777,-43.88796615600586,0.2632031738758087,-0.0537261106073856,11.849499702453612,North America
Haiti,2020,HTI,11243846.0,3.26538610458374,1.1488397121429443,4.699206352233887,-280.4571533203125,0.2789935767650604,0.0981565192341804,11.70416259765625,North America
Haiti,2021,HTI,11374592.0,3.5072100162506104,1.7720128297805786,7.405674457550049,54.24369430541992,0.3110776245594024,0.1571715325117111,11.274388313293455,North America
Haiti,2022,HTI,11503603.0,2.8703410625457764,0.2277177423238754,-18.15884780883789,-87.14920043945312,0.2378490269184112,0.0188696887344121,12.067912101745604,North America
Haiti,2023,HTI,11637402.0,2.864751100540161,-0.6234502196311951,-0.1947522163391113,-373.7820129394531,0.2409331053495407,-0.0524338074028492,11.890233993530272,North America
Haiti,2024,HTI,11772562.0,2.9706931114196777,-1.2721455097198486,3.698122501373291,104.04923248291016,,,,North America
Honduras,2014,HND,9063127.0,9.50322151184082,18.412458419799805,1.875638961791992,-15.707921981811523,0.2443257868289947,0.4733803272247314,38.89569854736328,North America
Honduras,2015,HND,9237306.0,10.897808074951172,26.810192108154297,14.674878120422363,45.60897445678711,0.246295154094696,0.6059218645095825,44.246944427490234,North America
Honduras,2016,HND,9412380.0,9.93874740600586,31.42078018188477,-8.800495147705078,17.1971435546875,0.2367448508739471,0.748455286026001,41.980838775634766,North America
Honduras,2017,HND,9588144.0,10.19792366027832,28.100629806518555,2.607738971710205,-10.56673526763916,0.2333407551050186,0.6429762244224548,43.70399475097656,North America
Honduras,2018,HND,9765209.0,9.876190185546877,20.79853630065918,-3.154897689819336,-25.985515594482425,0.2232369631528854,0.4701207280158996,44.24083709716797,North America
Honduras,2019,HND,9943637.0,10.962542533874512,23.95288848876953,10.999715805053713,15.166223526000977,0.2252251505851745,0.4921114444732666,48.6737060546875,North America
Honduras,2020,HND,10119638.0,9.97678279876709,26.10611343383789,-8.99207592010498,8.989418029785156,0.2248021513223648,0.5882367491722107,44.38028335571289,North America
Honduras,2021,HND,10289881.0,11.059746742248535,21.848432540893555,10.854840278625488,-16.30913543701172,0.2182175517082214,0.4310868680477142,50.68220520019531,North America
Honduras,2022,HND,10463880.0,11.742018699645996,24.42583465576172,6.168961524963379,11.79673671722412,0.2214929610490799,0.460751324892044,53.01305389404297,North America
Honduras,2023,HND,10644853.0,12.404354095458984,25.39444351196289,5.640721321105957,3.965508937835694,0.2389289885759353,0.4891402423381805,51.91648864746094,North America
Honduras,2024,HND,10825704.0,12.85484218597412,26.07708168029785,3.6316871643066406,2.688133716583252,,,,North America
Hong Kong,2014,HKG,7319502.0,45.49175262451172,,2.665865421295166,,0.1434131115674972,,317.207763671875,Asia
Hong Kong,2015,HKG,7366411.0,42.40351867675781,,-6.7885518074035645,,0.1298923790454864,,326.451171875,Asia
Hong Kong,2016,HKG,7408006.0,43.3658447265625,,2.269446849822998,,0.129429817199707,,335.0529479980469,Asia
Hong Kong,2017,HKG,7444889.0,42.43117141723633,,-2.15531587600708,,0.1180806085467338,,359.3407287597656,Asia
Hong Kong,2018,HKG,7471190.0,42.597023010253906,,0.3908753395080566,,0.1171621158719062,,363.5733337402344,Asia
Hong Kong,2019,HKG,7485817.0,41.89659118652344,,-1.6443192958831787,,0.121599867939949,,344.5447082519531,Asia
Hong Kong,2020,HKG,7490240.0,33.512996673583984,,-20.010208129882812,,0.1299221515655517,,257.9467468261719,Asia
Hong Kong,2021,HKG,7484604.0,33.63699722290039,,0.3700017929077148,,0.1380339562892913,,243.68637084960935,Asia
Hong Kong,2022,HKG,7465913.0,30.7637996673584,,-8.54177474975586,,0.141501784324646,,217.4092712402344,Asia
Hong Kong,2023,HKG,7442738.0,32.957054138183594,,7.129335403442383,,0.1311720609664917,,251.2505798339844,Asia
Hong Kong,2024,HKG,7414914.0,33.323917388916016,,1.1131525039672852,,0.1220959424972534,,272.9322204589844,Asia
Hungary,2014,HUN,9862843.0,43.63887405395508,34.35796356201172,0.3503203392028808,1.856660842895508,0.1831497848033905,0.1441983580589294,238.26876831054688,Europe
Hungary,2015,HUN,9839211.0,46.56691360473633,38.41693115234375,6.709694862365723,11.813759803771973,0.1854962408542633,0.1530313342809677,251.03965759277344,Europe
Hungary,2016,HUN,9810529.0,47.039119720458984,39.7529296875,1.0140419006347656,3.477621078491211,0.1841098964214325,0.1555919349193573,255.4947967529297,Europe
Hungary,2017,HUN,9785608.0,49.42352294921875,41.946434020996094,5.068981647491455,5.517852306365967,0.1835303604602813,0.1557647734880447,269.29345703125,Europe
Hungary,2018,HUN,9774395.0,49.36623001098633,42.22663497924805,-0.1159191131591796,0.6679892539978027,0.1820271462202072,0.1557014435529709,271.20257568359375,Europe
Hungary,2019,HUN,9770346.0,49.15895080566406,34.969303131103516,-0.4198849201202392,-17.18662452697754,0.1788297295570373,0.1272108405828476,274.8924865722656,Europe
Hungary,2020,HUN,9749459.0,47.10531997680664,42.10319137573242,-4.177534580230713,20.400428771972656,0.174252912402153,0.1557489484548568,270.3273010253906,Europe
Hungary,2021,HUN,9707848.0,48.3262825012207,41.261871337890625,2.591991424560547,-1.9982337951660156,0.1701879352331161,0.1453095972537994,283.9583435058594,Europe
Hungary,2022,HUN,9684308.0,45.26734161376953,35.85954284667969,-6.329774856567383,-13.092785835266112,0.1695107668638229,0.1342817693948745,267.0469970703125,Europe
Hungary,2023,HUN,9686465.0,40.34386444091797,30.118227005004883,-10.87644100189209,-16.01056480407715,0.1580169200897216,0.1179656311869621,255.31358337402344,Europe
Hungary,2024,HUN,9676135.0,40.01729202270508,29.27121925354004,-0.8094727993011475,-2.8122782707214355,0.1534454524517059,0.1122398599982261,260.7916564941406,Europe
Iceland,2014,ISL,327517.0,3.4452810287475586,3.743383884429931,-1.2473046779632568,-1.5349626541137695,0.0587633736431598,0.0638478770852088,58.62973403930664,Europe
Iceland,2015,ISL,330962.0,3.5410139560699463,3.84083890914917,2.7786731719970703,2.6033878326416016,0.0578527860343456,0.0627513006329536,61.20731735229492,Europe
Iceland,2016,ISL,335571.0,3.4936630725860596,3.797261953353882,-1.3372182846069336,-1.134568452835083,0.0568614527583122,0.0618027113378047,61.44167709350586,Europe
Iceland,2017,ISL,343537.0,3.610949039459229,3.968518733978271,3.357112407684326,4.510009288787842,0.0562053956091403,0.061771061271429,64.24559783935547,Europe
Iceland,2018,ISL,352860.0,3.6653549671173096,4.017098903656006,1.5066981315612793,1.2241363525390625,0.0551524832844734,0.060445163398981,66.45856475830078,Europe
Iceland,2019,ISL,360709.0,3.552639961242676,3.879432201385498,-3.0751466751098633,-3.4270167350769043,0.0560989305377006,0.0612592287361621,63.328125,Europe
Iceland,2020,ISL,366626.0,3.3389060497283936,3.653533697128296,-6.016201019287109,-5.8229804039001465,0.0574865601956844,0.0629035606980323,58.08150863647461,Europe
Iceland,2021,ISL,372647.0,3.49063491821289,3.8117480278015137,4.544270038604736,4.3304443359375,0.0575588941574096,0.0628538951277732,60.64458084106445,Europe
Iceland,2022,ISL,380368.0,3.5976850986480713,3.938803434371948,3.0667781829833984,3.333258628845215,0.0564575903117656,0.0618106797337532,63.723670959472656,Europe
Iceland,2023,ISL,387559.0,3.508234977722168,3.8581104278564458,-2.486318349838257,-2.0486652851104736,0.05475764721632,0.0602186135947704,64.06840515136719,Europe
Iceland,2024,ISL,393404.0,3.803010940551758,4.158932209014893,8.402406692504883,7.797122001647949,0.0605407953262329,0.0662067607045173,62.81732940673828,Europe
India,2014,IND,1312277184.0,2148.052001953125,2276.748291015625,7.653582096099853,0.8794069290161133,0.2806908786296844,0.2975078821182251,7652.73193359375,Asia
India,2015,IND,1328024494.0,2231.8173828125,2408.591796875,3.8995981216430664,5.790877342224121,0.2827773690223694,0.3051751554012298,7892.48974609375,Asia
India,2016,IND,1343944296.0,2352.5400390625,2522.28759765625,5.4091691970825195,4.720425605773926,0.2847127020359039,0.3052561581134796,8262.8564453125,Asia
India,2017,IND,1359657398.0,2425.721923828125,2537.58349609375,3.1107544898986816,0.6064295768737793,0.2829928994178772,0.2960430383682251,8571.6708984375,Asia
India,2018,IND,1374659067.0,2595.22705078125,2744.96923828125,6.9878339767456055,8.17255973815918,0.2863427102565765,0.3028644025325775,9063.3603515625,Asia
India,2019,IND,1389030307.0,2611.174560546875,2706.537353515625,0.6145000457763672,-1.4000773429870603,0.2813282310962677,0.291602611541748,9281.5947265625,Asia
India,2020,IND,1402617694.0,2422.73193359375,2502.40380859375,-7.216775417327881,-7.542240619659424,0.2755540907382965,0.284615695476532,8792.2197265625,Asia
India,2021,IND,1414203896.0,2675.778076171875,2738.218505859375,10.444652557373049,9.42353057861328,0.2803338468074798,0.2868755757808685,9544.96875,Asia
India,2022,IND,1425423209.0,2831.131591796875,2871.054931640625,5.80592155456543,4.851198196411133,0.2814392447471618,0.2854079604148865,10059.4775390625,Asia
India,2023,IND,1438069597.0,3062.75634765625,3084.632568359375,8.181344985961914,7.438993453979492,0.2828589081764221,0.2848792672157287,10827.859375,Asia
India,2024,IND,1450935785.0,3193.47802734375,3201.023681640625,4.2681097984313965,3.773260116577149,0.2817097902297973,0.2823754251003265,11336.056640625,Asia
Indonesia,2014,IDN,258877395.0,498.02880859375,1836.83642578125,0.9309530258178712,6.018960475921631,0.2682428658008575,0.9893369078636168,1856.6339111328125,Asia
Indonesia,2015,IDN,261799249.0,551.1600341796875,2343.8017578125,10.66831398010254,27.599918365478516,0.2906255424022674,1.2358819246292114,1896.4610595703125,Asia
Indonesia,2016,IDN,264627429.0,547.9688720703125,1422.2537841796875,-0.578993558883667,-39.318511962890625,0.2908187210559845,0.7548202872276306,1884.2283935546875,Asia
Indonesia,2017,IDN,267346654.0,570.9281616210938,1352.4866943359375,4.189884662628174,-4.905396461486816,0.2821193635463714,0.6683198809623718,2023.71142578125,Asia
Indonesia,2018,IDN,269951847.0,607.3783569335938,1395.39013671875,6.384372711181641,3.172183036804199,0.2849452197551727,0.6546326875686646,2131.561767578125,Asia
Indonesia,2019,IDN,272489381.0,665.04931640625,1684.009765625,9.495067596435549,20.683801651000977,0.295060932636261,0.7471407651901245,2253.93896484375,Asia
Indonesia,2020,IDN,274814861.0,623.3040161132812,1293.1676025390625,-6.277030944824219,-23.20901679992676,0.2945239245891571,0.6110482215881348,2116.310302734375,Asia
Indonesia,2021,IDN,276758056.0,632.946044921875,1325.7802734375,1.546931266784668,2.5219202041625977,0.2881374955177307,0.6035379767417908,2196.6806640625,Asia
Indonesia,2022,IDN,278830527.0,758.0205078125,1309.5601806640625,19.76068115234375,-1.223433017730713,0.2757197618484497,0.4763348996639251,2749.242431640625,Asia
Indonesia,2023,IDN,281190068.0,762.3575439453125,1426.255859375,0.5721569061279297,8.91106128692627,0.2737237215042114,0.5120958089828491,2785.135009765625,Asia
Indonesia,2024,IDN,283487933.0,812.22021484375,1388.411865234375,6.540584564208984,-2.6533782482147217,0.2721250653266907,0.4651714861392975,2984.731201171875,Asia
Iran,2014,IRN,81502045.0,644.2276000976562,618.4895629882812,5.611681938171387,5.472922325134277,0.2311491817235946,0.2219143509864807,2787.064208984375,Asia
Iran,2015,IRN,82619365.0,641.958740234375,618.56298828125,-0.3521859645843506,0.0118851661682128,0.2323493957519531,0.2238815724849701,2762.902587890625,Asia
Iran,2016,IRN,83812230.0,644.6804809570312,620.7962036132812,0.4239797592163086,0.3610372543334961,0.2207464426755905,0.2125681787729263,2920.457275390625,Asia
Iran,2017,IRN,85026761.0,696.407470703125,672.2670288085938,8.02365493774414,8.29109001159668,0.2303157597780227,0.222332015633583,3023.70751953125,Asia
Iran,2018,IRN,86117999.0,664.5232543945312,718.2827758789062,-4.57838773727417,6.8448662757873535,0.2128558605909347,0.2300757765769958,3121.93994140625,Asia
Iran,2019,IRN,87051649.0,727.2685546875,747.8323974609375,9.442150115966797,4.113924503326416,0.2205781489610672,0.2268151044845581,3297.1015625,Asia
Iran,2020,IRN,87723448.0,745.5957641601562,755.071044921875,2.520012855529785,0.9679555892944336,0.2179228216409683,0.2206922471523285,3421.37548828125,Asia
Iran,2021,IRN,88455490.0,779.5252685546875,781.62939453125,4.550647735595703,3.517329692840576,0.2309432625770568,0.2315666526556015,3375.39697265625,Asia
Iran,2022,IRN,89524247.0,767.178466796875,780.9467163085938,-1.5838801860809326,-0.0873386859893798,0.2198143899440765,0.2237592935562133,3490.11962890625,Asia
Iran,2023,IRN,90608708.0,789.6758422851562,809.5961303710938,2.9324769973754883,3.6685585975646977,0.2195920497179031,0.2251314669847488,3596.10400390625,Asia
Iran,2024,IRN,91567737.0,792.6311645507812,816.8909912109375,0.3742456436157226,0.90104341506958,0.2208018004894256,0.2275598347187042,3589.785888671875,Asia
Iraq,2014,IRQ,36550058.0,137.51271057128906,149.29539489746094,-2.958047389984131,-10.420555114746094,0.2881685793399811,0.3128601312637329,477.1953430175781,Asia
Iraq,2015,IRQ,37560535.0,142.52999877929688,149.15365600585938,3.648602962493897,-0.0949323177337646,0.302406370639801,0.3164598047733307,471.3194580078125,Asia
Iraq,2016,IRQ,38469628.0,153.13214111328125,158.26123046875,7.438540458679199,6.106162071228027,0.3034220337867737,0.3135850429534912,504.6836242675781,Asia
Iraq,2017,IRQ,39337358.0,167.47235107421875,170.6988067626953,9.364593505859377,7.858884334564209,0.2798381745815277,0.2852294445037842,598.4613647460938,Asia
Iraq,2018,IRQ,40265629.0,186.1564483642578,188.57192993164065,11.156522750854492,10.470569610595703,0.298955500125885,0.3028346300125122,622.6895141601562,Asia
Iraq,2019,IRQ,41192172.0,191.77761840820312,193.64724731445312,3.019595146179199,2.6914477348327637,0.2871682345867157,0.289967805147171,667.8232421875,Asia
Iraq,2020,IRQ,42116602.0,172.09803771972656,173.8230438232422,-10.261667251586914,-10.237276077270508,0.2893530428409576,0.292253315448761,594.7683715820312,Asia
Iraq,2021,IRQ,43071208.0,193.1151580810547,194.85247802734375,12.212300300598145,12.098193168640137,0.3122652769088745,0.3150745630264282,618.4329223632812,Asia
Iraq,2022,IRQ,44070556.0,217.64390563964844,219.5916748046875,12.701618194580078,12.696372985839844,0.320062518119812,0.3229268491268158,680.0043334960938,Asia
Iraq,2023,IRQ,45074055.0,227.90969848632812,230.0224609375,4.716777801513672,4.75008487701416,0.3174984455108642,0.320441722869873,717.8292846679688,Asia
Iraq,2024,IRQ,46042015.0,233.635498046875,235.90411376953125,2.5123119354248047,2.5569915771484375,0.3171031475067138,0.3201822340488434,736.78076171875,Asia
Ireland,2014,IRL,4658236.0,36.849876403808594,40.151031494140625,-1.1503279209136963,-4.952925682067871,0.2239392101764679,0.2440005540847778,164.5530242919922,Europe
Ireland,2015,IRL,4702497.0,38.71539688110352,44.425994873046875,5.0624847412109375,10.647212982177734,0.222613587975502,0.2554495334625244,173.91299438476562,Europe
Ireland,2016,IRL,4753506.0,40.369022369384766,46.73639678955078,4.271245002746582,5.200552940368652,0.221918299794197,0.2569212615489959,181.9094085693359,Europe
Ireland,2017,IRL,4810258.0,39.04044723510742,45.408592224121094,-3.291076421737671,-2.8410494327545166,0.2136510014533996,0.2485010176897049,182.72999572753903,Europe
Ireland,2018,IRL,4872559.0,38.92236328125,44.36758041381836,-0.3024637699127197,-2.292543649673462,0.2083049118518829,0.2374466508626938,186.8528289794922,Europe
Ireland,2019,IRL,4933493.0,37.19983673095703,41.43241500854492,-4.425549507141113,-6.615561485290527,0.1980862766504287,0.2206244468688964,187.7961273193359,Europe
Ireland,2020,IRL,4982602.0,35.05256652832031,35.920127868652344,-5.772251129150391,-13.30428695678711,0.1985047757625579,0.2034178078174591,176.5830078125,Europe
Ireland,2021,IRL,5028428.0,37.47368240356445,39.28439712524414,6.907105445861816,9.36596393585205,0.2083239108324051,0.2183900326490402,179.88182067871094,Europe
Ireland,2022,IRL,5110015.0,36.6756706237793,37.3837776184082,-2.129524946212769,-4.838103294372559,0.1967034637928009,0.2005012482404709,186.4515686035156,Europe
Ireland,2023,IRL,5196629.0,33.56793975830078,33.69621658325195,-8.473550796508789,-9.864068031311035,0.1860179603099823,0.1867287904024124,180.4553680419922,Europe
Ireland,2024,IRL,5255016.0,33.31062316894531,32.97500228881836,-0.7665514945983887,-2.140343189239502,0.1832349002361297,0.1813887059688568,181.7919158935547,Europe
Israel,2014,ISR,7897173.0,60.27881622314453,60.36492156982422,-4.463869094848633,-5.385017395019531,0.231288194656372,0.2316185683012008,260.6221008300781,Asia
Israel,2015,ISR,8052916.0,62.93562316894531,62.84212112426758,4.40753698348999,4.103708267211914,0.2288329601287841,0.2284929752349853,275.0286865234375,Asia
Israel,2016,ISR,8210006.0,61.16435241699219,65.15309143066406,-2.814418077468872,3.6774277687072754,0.2180000394582748,0.2322165966033935,280.57037353515625,Asia
Israel,2017,ISR,8361796.0,58.849098205566406,60.776512145996094,-3.7852942943573,-6.717377662658691,0.2059925943613052,0.2127392143011093,285.6855163574219,Asia
Israel,2018,ISR,8510067.0,59.985931396484375,60.975616455078125,1.931774616241455,0.3275990486145019,0.2052825391292572,0.2086694240570068,292.2115478515625,Asia
Israel,2019,ISR,8657466.0,58.95014953613281,59.70892333984375,-1.7267107963562012,-2.0773768424987793,0.1955190002918243,0.1980356276035308,301.5059814453125,Asia
Israel,2020,ISR,8800380.0,59.28537368774414,59.68888854980469,0.5686521530151367,-0.0335574150085449,0.2079200744628906,0.2093352377414703,285.1354064941406,Asia
Israel,2021,ISR,8942925.0,58.9500846862793,59.131046295166016,-0.5655467510223389,-0.9345769882202148,0.2018531858921051,0.20247283577919,292.0443420410156,Asia
Israel,2022,ISR,9103143.0,62.267303466796875,62.33182907104492,5.627167224884033,5.413031578063965,0.2022729665040969,0.2024825662374496,307.8379821777344,Asia
Israel,2023,ISR,9256311.0,55.38199615478515,55.38448715209961,-11.057662963867188,-11.145734786987305,0.194739893078804,0.1947486698627472,284.38958740234375,Asia
Israel,2024,ISR,9387015.0,52.63713455200195,52.59833526611328,-4.956233501434326,-5.030566215515137,0.189496174454689,0.1893564909696579,277.7741394042969,Asia
Italy,2014,ITA,60664169.0,349.3889465332031,305.6976623535156,-5.432671546936035,-6.456100940704346,0.1923613250255584,0.1683064103126526,1816.3160400390625,Europe
Italy,2015,ITA,60575314.0,361.24371337890625,322.67486572265625,3.3929944038391113,5.553591251373291,0.1964919716119766,0.1755131632089615,1838.4654541015625,Europe
Italy,2016,ITA,60478103.0,358.1331481933594,324.916259765625,-0.8610725402832031,0.6946206092834473,0.1952170729637146,0.1771106719970703,1834.5379638671875,Europe
Italy,2017,ITA,60390317.0,352.6662292480469,312.4773254394531,-1.5265047550201416,-3.828352689743042,0.1908753514289856,0.1691236943006515,1847.6258544921875,Europe
Italy,2018,ITA,60277496.0,349.04833984375,348.3346862792969,-1.0258674621582031,11.47519302368164,0.1876824349164962,0.1872987002134323,1859.7816162109375,Europe
Italy,2019,ITA,60130136.0,339.637939453125,316.7396240234375,-2.6960134506225586,-9.070319175720217,0.1845905929803848,0.1721455156803131,1839.95263671875,Europe
Italy,2020,ITA,59912763.0,302.60009765625,274.0187072753906,-10.905098915100098,-13.48770236968994,0.1819141507148742,0.1647318750619888,1663.422607421875,Europe
Italy,2021,ITA,59729353.0,335.930419921875,338.34857177734375,11.014652252197266,23.4764461517334,0.188181385397911,0.1895359754562378,1785.1416015625,Europe
Italy,2022,ITA,59619106.0,340.1147155761719,330.0068054199219,1.245582103729248,-2.46543288230896,0.1937462538480758,0.18798828125,1755.46484375,Europe
Italy,2023,ITA,59499452.0,312.2906494140625,300.3135986328125,-8.180785179138184,-8.997756004333496,0.1858149021863937,0.178688496351242,1680.6544189453125,Europe
Italy,2024,ITA,59342870.0,301.92974853515625,289.5824279785156,-3.317707777023315,-3.573322296142578,0.1779944747686386,0.1707154363393783,1696.287353515625,Europe
Jamaica,2014,JAM,2793756.0,7.675469875335693,8.411018371582031,-9.345501899719238,-17.89136505126953,0.2208245247602462,0.2419863790273666,34.75822830200195,North America
Jamaica,2015,JAM,2802536.0,7.966218948364258,8.635082244873047,3.7880301475524902,2.6639342308044434,0.221774086356163,0.2403947860002517,35.9204216003418,North America
Jamaica,2016,JAM,2809919.0,8.134119987487793,8.455122947692871,2.107667922973633,-2.0840466022491455,0.2186460047960281,0.2272745966911316,37.20223617553711,North America
Jamaica,2017,JAM,2815765.0,7.768233776092529,8.312484741210938,-4.498166084289551,-1.6870081424713137,0.2361985743045807,0.2527468800544739,32.888572692871094,North America
Jamaica,2018,JAM,2820103.0,8.060649871826172,7.95706844329834,3.76424789428711,-4.275691509246826,0.2164659202098846,0.2136842608451843,37.23750305175781,North America
Jamaica,2019,JAM,2823275.0,9.439482688903809,9.098217964172363,17.10573387145996,14.341330528259276,0.2289163172245025,0.2206403315067291,41.23551559448242,North America
Jamaica,2020,JAM,2830745.0,6.865833759307861,6.404609680175781,-27.264726638793945,-29.60588836669922,0.2367887496948242,0.2208820581436157,28.995609283447266,North America
Jamaica,2021,JAM,2837680.0,7.312534809112549,6.767918109893799,6.506145000457764,5.672609806060791,0.2295264899730682,0.2124320119619369,31.859220504760746,North America
Jamaica,2022,JAM,2839150.0,7.907610893249512,7.463936805725098,8.137750625610352,10.284090042114258,0.2365564852952957,0.2232839465141296,33.42800521850586,North America
Jamaica,2023,JAM,2839785.0,8.068915367126465,7.66591215133667,2.0398616790771484,2.706015110015869,0.2303187698125839,0.2188154458999633,35.033687591552734,North America
Jamaica,2024,JAM,2839182.0,8.401762962341309,8.011070251464844,4.125058650970459,4.502511024475098,,,,North America
Japan,2014,JPN,127486601.0,1260.2723388671875,1254.9056396484375,-3.9335429668426514,-3.8327395915985103,0.2320176512002945,0.2310296297073364,5431.794921875,Asia
Japan,2015,JPN,127275868.0,1219.982421875,1215.480712890625,-3.1969189643859863,-3.1416594982147217,0.2274702936410904,0.2266309261322021,5363.2607421875,Asia
Japan,2016,JPN,127159950.0,1199.9329833984375,1195.365478515625,-1.6434311866760254,-1.6549170017242432,0.2265811711549759,0.2257187068462371,5295.8193359375,Asia
Japan,2017,JPN,127064686.0,1184.3917236328125,1183.2064208984375,-1.2951791286468506,-1.0171890258789062,0.2212081104516983,0.2209867388010025,5354.1962890625,Asia
Japan,2018,JPN,126913432.0,1138.5498046875,1139.607177734375,-3.8705050945281982,-3.684836626052856,0.214106872677803,0.2143057286739349,5317.67041015625,Asia
Japan,2019,JPN,126699421.0,1102.06298828125,1099.5135498046875,-3.2046735286712646,-3.5181939601898193,0.2117071896791458,0.21121746301651,5205.60009765625,Asia
Japan,2020,JPN,126304533.0,1037.28466796875,1038.6641845703125,-5.8779120445251465,-5.534219741821289,0.2149706035852432,0.2152564972639084,4825.23974609375,Asia
Japan,2021,JPN,125679342.0,1058.5018310546875,1063.07373046875,2.04545259475708,2.3501038551330566,0.2104499489068985,0.2113589495420456,5029.7080078125,Asia
Japan,2022,JPN,124997585.0,1029.6448974609375,1035.94287109375,-2.726203203201294,-2.552121877670288,0.2060620486736297,0.2073224335908889,4996.771484375,Asia
Japan,2023,JPN,124370947.0,986.91015625,991.658447265625,-4.15043830871582,-4.274791717529297,0.2031293660402298,0.2041066735982895,4858.5302734375,Asia
Japan,2024,JPN,123753041.0,961.8673095703124,967.3612670898438,-2.5374948978424072,-2.4501562118530273,0.2006056606769561,0.2017514705657959,4794.81640625,Asia
Jordan,2014,JOR,8791715.0,26.16484642028809,27.3064022064209,8.74382209777832,6.450414657592773,0.2592275142669678,0.2705374360084533,100.93391418457033,Asia
Jordan,2015,JOR,9544730.0,25.79939079284668,27.088457107543945,-1.3967454433441162,-0.7981419563293457,0.2371944934129715,0.2490459382534027,108.7689208984375,Asia
Jordan,2016,JOR,10006369.0,24.949459075927734,24.991230010986328,-3.2943785190582275,-7.742148399353027,0.2171828001737594,0.2175463885068893,114.87770080566406,Asia
Jordan,2017,JOR,10234227.0,26.079931259155273,26.834386825561523,4.531049728393555,7.375216484069824,0.2210165858268737,0.2274102717638015,117.99988555908205,Asia
Jordan,2018,JOR,10462310.0,25.419166564941406,26.55680274963379,-2.533620595932007,-1.0344326496124268,0.2249745279550552,0.2350432723760604,112.98685455322266,Asia
Jordan,2019,JOR,10671893.0,24.56978416442871,25.16452407836914,-3.3415019512176514,-5.242639541625977,0.2219321727752685,0.2273042798042297,110.70853424072266,Asia
Jordan,2020,JOR,10865232.0,20.62155532836914,20.951425552368164,-16.069448471069336,-16.742212295532227,0.2087359577417373,0.2120749801397323,98.79254150390624,Asia
Jordan,2021,JOR,11066356.0,21.190126419067383,22.2883358001709,2.75716781616211,6.3809990882873535,0.2082389146089553,0.2190312147140503,101.75872039794922,Asia
Jordan,2022,JOR,11256269.0,22.42768287658691,23.580156326293945,5.840253829956055,5.795943737030029,0.2015871703624725,0.2119459807872772,111.25550079345705,Asia
Jordan,2023,JOR,11439220.0,23.119264602661133,24.37213134765625,3.0836105346679688,3.3586502075195312,0.2095521837472915,0.2209081351757049,110.32699584960938,Asia
Jordan,2024,JOR,11552885.0,23.21913719177246,24.53520965576172,0.4319906234741211,0.6691217422485352,,,,Asia
Kazakhstan,2014,KAZ,17816285.0,299.1373291015625,295.41571044921875,17.987655639648438,24.575912475585938,0.3889391422271728,0.3841002881526947,769.1109008789062,Asia
Kazakhstan,2015,KAZ,18084175.0,303.0522766113281,290.84149169921875,1.308739185333252,-1.5483975410461426,0.476564884185791,0.4573628008365631,635.9098510742188,Asia
Kazakhstan,2016,KAZ,18363600.0,301.7388000488281,288.9450988769531,-0.4334151744842529,-0.6520450115203857,0.4241916537284851,0.4062058925628662,711.3265991210938,Asia
Kazakhstan,2017,KAZ,18651931.0,317.7204284667969,307.5181579589844,5.296504497528076,6.427884101867676,0.4153610467910766,0.402023434638977,764.9259033203125,Asia
Kazakhstan,2018,KAZ,18932725.0,329.5721130371094,313.6051330566406,3.730237483978271,1.979386806488037,0.4176041185855865,0.3973721861839294,789.197509765625,Asia
Kazakhstan,2019,KAZ,19209556.0,296.03961181640625,287.7380065917969,-10.174560546875,-8.248305320739746,0.3706462681293487,0.3602524995803833,798.7120361328125,Asia
Kazakhstan,2020,KAZ,19482116.0,281.7891845703125,275.7812194824219,-4.813689231872559,-4.155445098876953,0.3828985393047333,0.374734878540039,735.9368896484375,Asia
Kazakhstan,2021,KAZ,19743607.0,244.9037170410156,235.8263397216797,-13.089740753173828,-14.487892150878906,0.2978619635105133,0.2868216931819916,822.205322265625,Asia
Kazakhstan,2022,KAZ,20034612.0,274.3455810546875,265.74462890625,12.021803855895996,12.686574935913086,0.3348606526851654,0.3243625164031982,819.2827758789062,Asia
Kazakhstan,2023,KAZ,20330109.0,286.1748962402344,277.9626770019531,4.311835765838623,4.597675800323486,0.3381729125976562,0.3284685313701629,846.2384033203125,Asia
Kazakhstan,2024,KAZ,20592574.0,287.0059509277344,279.2051696777344,0.2903938293457031,0.4469990730285644,0.3329102694988251,0.3238618075847626,862.1121215820312,Asia
Kenya,2014,KEN,46051441.0,13.21440601348877,51.68677520751953,8.644926071166992,-9.74155044555664,0.1952006220817566,0.7635070085525513,67.696533203125,Africa
Kenya,2015,KEN,47088528.0,15.212207794189451,56.7262077331543,15.11836051940918,9.749948501586914,0.1932343244552612,0.7205693125724792,78.72415161132812,Africa
Kenya,2016,KEN,48139683.0,16.288698196411133,41.39387512207031,7.0764899253845215,-27.028656005859375,0.1940961182117462,0.4932494163513183,83.92078399658203,Africa
Kenya,2017,KEN,49197757.0,16.181102752685547,62.21259689331055,-0.660550594329834,50.29420852661133,0.1903910487890243,0.7320095300674438,84.98877716064453,Africa
Kenya,2018,KEN,50207109.0,17.002857208251953,54.61945724487305,5.078482627868652,-12.205147743225098,0.2059089392423629,0.661455512046814,82.57464599609375,Africa
Kenya,2019,KEN,51202829.0,18.15888214111328,42.14910507202149,6.798994541168213,-22.83133888244629,0.2112731635570526,0.4903922080993652,85.94978332519531,Africa
Kenya,2020,KEN,52217327.0,19.989572525024418,42.23342514038086,10.081518173217772,0.2000570297241211,0.2445722669363021,0.5167256593704224,81.73278045654297,Africa
Kenya,2021,KEN,53219167.0,20.58981704711914,34.35568618774414,3.002798557281494,-18.652843475341797,0.2366455495357513,0.3948612213134765,87.00699615478516,Africa
Kenya,2022,KEN,54252458.0,20.54436683654785,33.83959197998047,-0.2207517623901367,-1.50221586227417,0.2352133989334106,0.3874310255050659,87.34352111816406,Africa
Kenya,2023,KEN,55339007.0,21.18572235107422,34.334537506103516,3.121805191040039,1.4626145362854004,0.2380944341421127,0.3858665823936462,88.98033142089844,Africa
Kenya,2024,KEN,56432946.0,21.225433349609375,34.45606231689453,0.1874446868896484,0.3539562225341797,,,,Africa
Kiribati,2014,KIR,115339.0,0.0549600012600421,0.0549600012600421,0.0,0.0,0.2274901717901229,0.2274901717901229,0.2415928542613983,Oceania
Kiribati,2015,KIR,116826.0,0.0586239993572235,0.0586239993572235,6.666672229766846,6.666672229766846,0.228758692741394,0.228758692741394,0.2562700510025024,Oceania
Kiribati,2016,KIR,118488.0,0.0549600012600421,0.0549600012600421,-6.25,-6.25,0.2006226032972335,0.2006226032972335,0.2739472091197967,Oceania
Kiribati,2017,KIR,120288.0,0.0696159973740577,0.0696159973740577,26.666664123535156,26.666664123535156,0.2245262563228607,0.2245262563228607,0.3100572824478149,Oceania
Kiribati,2018,KIR,122097.0,0.0696159973740577,0.0696159973740577,0.0,0.0,0.2218818366527557,0.2218818366527557,0.3137525916099548,Oceania
Kiribati,2019,KIR,123928.0,0.0696159973740577,0.0696159973740577,0.0,0.0,0.2202494442462921,0.2202494442462921,0.3160779774188995,Oceania
Kiribati,2020,KIR,126110.0,0.0696159973740577,0.0696159973740577,0.0,0.0,0.2236398011445999,0.2236398011445999,0.3112862706184387,Oceania
Kiribati,2021,KIR,128387.0,0.0696159973740577,0.0696159973740577,0.0,0.0,0.2236398011445999,0.2236398011445999,0.3112862706184387,Oceania
Kiribati,2022,KIR,130483.0,0.0696159973740577,0.0696159973740577,0.0,0.0,0.2209336459636688,0.2209336459636688,0.3150991201400757,Oceania
Kiribati,2023,KIR,132540.0,0.0692870020866394,0.0692870020866394,-0.4725933074951172,-0.4725933074951172,0.2079538255929947,0.2079538255929947,0.333184540271759,Oceania
Kiribati,2024,KIR,134521.0,0.0724560022354126,0.0724560022354126,4.573726654052734,4.573726654052734,,,,Oceania
Kosovo,2014,,1808983.0,7.1291069984436035,,-10.502463340759276,,0.2982392609119415,,23.90398597717285,Europe
Kosovo,2015,,1779019.0,8.290589332580566,,16.292118072509766,,0.3024498224258423,,27.411453247070312,Europe
Kosovo,2016,,1761765.0,8.793502807617188,,6.0660719871521,,0.310868352651596,,28.286901473999023,Europe
Kosovo,2017,,1768125.0,8.022662162780762,,-8.766031265258789,,0.3158788979053497,,25.397905349731445,Europe
Kosovo,2018,,1767748.0,8.044654846191406,,0.2741336822509765,,0.3123060464859009,,25.75888442993164,Europe
Kosovo,2019,,1755048.0,8.385858535766602,,4.241371154785156,,0.296056866645813,,28.32516098022461,Europe
Kosovo,2020,,1751413.0,8.451525688171387,,0.783073902130127,,0.2978904843330383,,28.371253967285156,Europe
Kosovo,2021,,1741449.0,8.815831184387207,,4.3105244636535645,,0.2848522663116455,,30.94878387451172,Europe
Kosovo,2022,,1717950.0,8.569355964660645,,-2.79582142829895,,0.2827945947647095,,30.30240249633789,Europe
Kosovo,2023,,1700039.0,8.220212936401367,,-4.07431697845459,,0.3066030740737915,,26.810604095458984,Europe
Kosovo,2024,,1684796.0,8.04994010925293,,-2.07139253616333,,,,,Europe
Kuwait,2014,KWT,3665769.0,74.99373626708984,75.00289916992188,-9.696894645690918,-9.704315185546877,0.1715182662010193,0.1715392172336578,437.2347106933594,Asia
Kuwait,2015,KWT,3834465.0,93.31747436523438,93.33010864257812,24.433685302734375,24.435340881347656,0.1991118937730789,0.1991388648748397,468.6684875488281,Asia
Kuwait,2016,KWT,4003976.0,104.01882934570312,104.03663635253906,11.467695236206056,11.47167682647705,0.2232380360364914,0.2232762575149536,465.9547729492187,Asia
Kuwait,2017,KWT,4154686.0,100.01036071777344,100.02149200439452,-3.8536012172698975,-3.859353065490722,0.2141590714454651,0.214182898402214,466.9910278320313,Asia
Kuwait,2018,KWT,4323389.0,102.45301055908205,102.46348571777344,2.4423956871032715,2.4414658546447754,0.2123897224664688,0.2124114483594894,482.3821411132813,Asia
Kuwait,2019,KWT,4442201.0,104.65421295166016,104.66476440429688,2.1485090255737305,2.1483540534973145,0.2363166660070419,0.2363404929637909,442.8558349609375,Asia
Kuwait,2020,KWT,4400146.0,90.10260772705078,90.11334228515624,-13.904464721679688,-13.902884483337402,0.2146941721439361,0.2147197425365448,419.6788635253906,Asia
Kuwait,2021,KWT,4360748.0,87.86885070800781,87.87973022460938,-2.4791300296783447,-2.478671073913574,0.1872995644807815,0.1873227506875991,469.1353759765625,Asia
Kuwait,2022,KWT,4589514.0,115.84888458251952,115.8591079711914,31.842958450317383,31.838274002075195,0.2472015917301178,0.2472234070301056,468.641357421875,Asia
Kuwait,2023,KWT,4838781.0,123.16871643066406,123.17871856689452,6.318426132202148,6.3176751136779785,0.246915653347969,0.2469356954097747,498.8291320800781,Asia
Kuwait,2024,KWT,4934508.0,129.51864624023438,129.52857971191406,5.155467987060547,5.154991149902344,0.246690571308136,0.2467094808816909,525.0247192382812,Asia
Kyrgyzstan,2014,KGZ,5898322.0,10.236388206481934,10.146766662597656,5.1631927490234375,5.776190757751465,0.2063763290643692,0.2045694589614868,49.60059356689453,Asia
Kyrgyzstan,2015,KGZ,6001876.0,10.26478099822998,10.432188987731934,0.2773761749267578,2.812933921813965,0.2201978415250778,0.2237890511751175,46.616172790527344,Asia
Kyrgyzstan,2016,KGZ,6108460.0,9.621676445007324,9.639152526855469,-6.265163421630859,-7.601815223693848,0.2021984755992889,0.2025657445192337,47.585304260253906,Asia
Kyrgyzstan,2017,KGZ,6220148.0,9.364118576049805,9.267023086547852,-2.676838636398315,-3.8606107234954834,0.2006245851516723,0.1985443383455276,46.674827575683594,Asia
Kyrgyzstan,2018,KGZ,6341733.0,11.174908638000488,11.008159637451172,19.337535858154297,18.788528442382812,0.2197416126728058,0.2164626866579055,50.85477066040039,Asia
Kyrgyzstan,2019,KGZ,6494036.0,9.046661376953123,8.832206726074219,-19.04488182067871,-19.7667293548584,0.1966667622327804,0.1920047104358673,45.99994659423828,Asia
Kyrgyzstan,2020,KGZ,6664143.0,8.348490715026855,8.144369125366211,-7.717436790466309,-7.787835597991943,0.1987450867891311,0.1938857436180114,42.00602340698242,Asia
Kyrgyzstan,2021,KGZ,6820483.0,10.338292121887209,10.074666976928713,23.834264755249023,23.701011657714844,0.2378294765949249,0.231764867901802,43.46934509277344,Asia
Kyrgyzstan,2022,KGZ,6955792.0,11.512893676757812,11.22226619720459,11.361658096313477,11.390935897827148,0.2186587154865265,0.2131389528512954,52.652347564697266,Asia
Kyrgyzstan,2023,KGZ,7073523.0,11.144427299499512,10.832107543945312,-3.2004714012145996,-3.4766435623168945,0.1949201077222824,0.1894575357437133,57.17433166503906,Asia
Kyrgyzstan,2024,KGZ,7186014.0,11.77015781402588,11.439481735229492,5.614745616912842,5.607163906097412,,,,Asia
Laos,2014,LAO,6703170.0,4.383017063140869,83.11090087890625,4.399526119232178,2.2061944007873535,0.2209843248128891,4.190311431884766,19.834062576293945,Asia
Laos,2015,LAO,6801647.0,9.184792518615724,68.3486099243164,109.55412292480467,-17.76216697692871,0.2463217079639434,1.8330022096633911,37.28779220581055,Asia
Laos,2016,LAO,6908800.0,16.406526565551758,59.22700119018555,78.6270751953125,-13.345712661743164,0.2791483700275421,1.0077160596847534,58.77349853515625,Asia
Laos,2017,LAO,7018150.0,19.62493324279785,54.76969528198242,19.616626739501953,-7.525795936584473,0.2832755744457245,0.7905716896057129,69.27859497070312,Asia
Laos,2018,LAO,7128043.0,20.48149871826172,52.58184051513672,4.364669322967529,-3.994649648666382,0.2865003049373626,0.7355279326438904,71.48857116699219,Asia
Laos,2019,LAO,7237635.0,18.339868545532227,42.97392654418945,-10.456413269042969,-18.27229881286621,0.2509575188159942,0.5880429148674011,73.07958221435547,Asia
Laos,2020,LAO,7346534.0,18.29355812072754,40.408912658691406,-0.2525091171264648,-5.968773365020752,0.2738065421581268,0.6048153638839722,66.81198120117188,Asia
Laos,2021,LAO,7453192.0,21.83663749694824,53.22429275512695,19.367908477783203,31.71423721313477,0.3123564720153808,0.7613329887390137,69.90934753417969,Asia
Laos,2022,LAO,7559008.0,22.548782348632812,46.84813690185547,3.261232376098633,-11.979782104492188,0.3487945199012756,0.7246676683425903,64.64775085449219,Asia
Laos,2023,LAO,7665001.0,24.157068252563477,45.56555938720703,7.132470607757568,-2.7377307415008545,0.3120359480381012,0.5885686278343201,77.4175796508789,Asia
Laos,2024,LAO,7769823.0,24.399925231933594,43.85015869140625,1.0053277015686035,-3.7646830081939697,,,,Asia
Latvia,2014,LVA,1994153.0,7.1722002029418945,7.620636940002441,-2.667289972305298,5.35508394241333,0.1748658418655395,0.1857992112636566,41.01544189453125,Europe
Latvia,2015,LVA,1977874.0,7.262421131134033,11.29348087310791,1.257932186126709,48.19601821899414,0.1724463999271392,0.2681640386581421,42.11407470703125,Europe
Latvia,2016,LVA,1959863.0,7.210681915283203,8.488978385925293,-0.7124185562133789,-24.83293342590332,0.1603113561868667,0.1887310594320297,44.97923278808594,Europe
Latvia,2017,LVA,1942599.0,7.215320110321045,8.218706130981445,0.0643253326416015,-3.1837940216064453,0.1463524252176284,0.1667046844959259,49.30099105834961,Europe
Latvia,2018,LVA,1927586.0,7.843188762664795,10.460237503051758,8.701885223388672,27.273536682128903,0.1782596856355667,0.2377398610115051,43.99867248535156,Europe
Latvia,2019,LVA,1914267.0,7.63345193862915,9.5591402053833,-2.674126625061035,-8.614510536193848,0.1686464697122573,0.211190864443779,45.263038635253906,Europe
Latvia,2020,LVA,1901119.0,6.999268054962158,8.899015426635742,-8.307957649230957,-6.905693054199219,0.1697995811700821,0.2158867269754409,41.220760345458984,Europe
Latvia,2021,LVA,1885593.0,7.218348979949951,8.498184204101562,3.130054473876953,-4.504215717315674,0.1675685197114944,0.1972789168357849,43.07699966430664,Europe
Latvia,2022,LVA,1881059.0,6.607996940612793,8.868391990661621,-8.455562591552734,4.356324672698975,0.1715769618749618,0.2302682250738144,38.51331329345703,Europe
Latvia,2023,LVA,1882399.0,6.589882850646973,9.28640365600586,-0.2741217613220215,4.713499546051025,0.1616623103618621,0.2278130799531936,40.76325988769531,Europe
Latvia,2024,LVA,1871874.0,6.461888790130615,9.409173965454102,-1.9422829151153564,1.3220429420471191,0.1665879637002945,0.242569163441658,38.78965377807617,Europe
Lebanon,2014,LBN,6346993.0,23.992027282714844,23.997303009033203,8.24899673461914,8.353769302368164,0.2619026601314544,0.2619602680206299,91.60665893554688,Asia
Lebanon,2015,LBN,6472470.0,25.73123550415039,25.91971206665039,7.249104976654053,8.01093578338623,0.2557010650634765,0.2575740218162536,100.63014221191406,Asia
Lebanon,2016,LBN,6323061.0,26.43787002563477,26.642908096313477,2.7462124824523926,2.7901411056518555,0.2549970746040344,0.2569746673107147,103.67911529541016,Asia
Lebanon,2017,LBN,6160129.0,27.820720672607425,27.784116744995117,5.230569839477539,4.283344745635986,0.2514384686946869,0.2511076331138611,110.646240234375,Asia
Lebanon,2018,LBN,5984120.0,25.812101364135746,25.706357955932617,-7.219862937927246,-7.478225231170654,0.2479407489299774,0.2469250261783599,104.10592651367188,Asia
Lebanon,2019,LBN,5794601.0,25.14107131958008,25.30855369567871,-2.5996744632720947,-1.5474915504455566,0.2392770498991012,0.2408710420131683,105.07096862792967,Asia
Lebanon,2020,LBN,5702400.0,23.693950653076172,23.787052154541016,-5.756008625030518,-6.011807918548584,0.2418122142553329,0.2427623569965362,97.98492431640624,Asia
Lebanon,2021,LBN,5718129.0,19.474380493164062,19.45770835876465,-17.808639526367188,-18.200420379638672,0.2318400889635086,0.2316416054964065,83.99919128417969,Asia
Lebanon,2022,LBN,5744492.0,15.360705375671388,15.364992141723633,-21.12352180480957,-21.033906936645508,0.2143792659044265,0.2144390940666198,71.65200805664062,Asia
Lebanon,2023,LBN,5773494.0,15.558804512023926,15.595189094543455,1.289653778076172,1.4981865882873535,0.2133247703313827,0.2138236314058303,72.93482971191406,Asia
Lebanon,2024,LBN,5805962.0,15.649972915649414,15.72189712524414,0.5859613418579102,0.8124828338623047,,,,Asia
Lesotho,2014,LSO,2080091.0,2.24236798286438,2.504197597503662,5.517244338989258,-50.66588592529297,0.6566959619522095,0.7333748936653137,3.414621114730835,Africa
Lesotho,2015,LSO,2104614.0,2.0445120334625244,9.492691040039062,-8.823532104492188,279.0711975097656,0.6158781051635742,2.8595285415649414,3.3196699619293213,Africa
Lesotho,2016,LSO,2130424.0,2.0261919498443604,11.579118728637695,-0.8960545063018799,21.97930908203125,0.5475239753723145,3.128945827484131,3.700645446777344,Africa
Lesotho,2017,LSO,2157117.0,2.2863359451293945,11.728097915649414,12.839055061340332,1.286613941192627,0.5752953290939331,2.9510624408721924,3.9741952419281006,Africa
Lesotho,2018,LSO,2183611.0,2.165424108505249,8.149762153625488,-5.288463592529297,-30.51079559326172,0.5598419308662415,2.1070139408111572,3.867920398712158,Africa
Lesotho,2019,LSO,2209414.0,2.187407970428467,9.122003555297852,1.0152339935302734,11.929702758789062,0.5436484813690186,2.267141819000244,4.0235700607299805,Africa
Lesotho,2020,LSO,2235727.0,1.9858880043029783,9.204737663269045,-9.212732315063477,0.906968116760254,0.5506150722503662,2.5521416664123535,3.6066720485687256,Africa
Lesotho,2021,LSO,2261549.0,3.0960800647735596,10.33892822265625,55.904052734375,12.321805953979492,0.7796599864959717,2.6035661697387695,3.97106409072876,Africa
Lesotho,2022,LSO,2286112.0,2.5513439178466797,9.740442276000977,-17.594379425048828,-5.788665771484375,0.5293001532554626,2.0207455158233643,4.820221900939941,Africa
Lesotho,2023,LSO,2311476.0,2.4936330318450928,9.493851661682127,-2.261984348297119,-2.531611919403076,0.4535061419010162,1.7266054153442385,5.498565196990967,Africa
Lesotho,2024,LSO,2337428.0,2.571767091751098,9.290297508239746,3.1333446502685547,-2.1440625190734863,,,,Africa
Liberia,2014,LBR,4564299.0,0.7335259914398193,32.53601837158203,-16.097980499267578,0.8647322654724121,0.1514147073030471,6.716097354888916,4.844482898712158,Africa
Liberia,2015,LBR,4659436.0,0.6986910104751587,28.85370826721191,-4.7489824295043945,-11.317646026611328,0.1436971724033355,5.934234619140625,4.862246036529541,Africa
Liberia,2016,LBR,4755607.0,0.6466500163078308,29.17547035217285,-7.448357582092285,1.1151552200317385,0.1156772077083587,5.219109058380127,5.590124607086182,Africa
Liberia,2017,LBR,4848927.0,0.6673640012741089,30.826995849609375,3.203272819519043,5.660665035247803,0.1382754892110824,6.387246608734131,4.826335906982422,Africa
Liberia,2018,LBR,4944728.0,0.6086320281028748,27.301054000854492,-8.800596237182617,-11.43783950805664,0.2792194485664367,12.524785995483398,2.179762125015259,Africa
Liberia,2019,LBR,5043719.0,0.9316620230674744,25.215116500854492,53.074764251708984,-7.640504837036133,0.2571593821048736,6.959931373596191,3.622897148132324,Africa
Liberia,2020,LBR,5149470.0,0.7767490148544312,24.59890365600586,-16.62759780883789,-2.4438202381134033,0.2750422656536102,8.710328102111816,2.8241078853607178,Africa
Liberia,2021,LBR,5259327.0,0.7825570106506348,23.022743225097656,0.7477283477783203,-6.407439708709717,0.2925957441329956,8.608135223388672,2.6745331287384033,Africa
Liberia,2022,LBR,5373297.0,0.8637660145759583,24.12807846069336,10.377395629882812,4.801046848297119,0.3026416003704071,8.453863143920898,2.8540890216827393,Africa
Liberia,2023,LBR,5493035.0,0.8340010046958923,24.787803649902344,-3.445959091186523,2.7342677116394043,0.284344732761383,8.451167106628418,2.933062791824341,Africa
Liberia,2024,LBR,5612813.0,0.8593689799308777,25.11636734008789,3.041720390319824,1.3255119323730469,,,,Africa
Libya,2014,LBY,6427260.0,68.34839630126953,67.8583755493164,33.118797302246094,33.500816345214844,0.3018404543399811,0.2996763885021209,226.4388427734375,Africa
Libya,2015,LBY,6531825.0,60.866180419921875,60.423858642578125,-10.947174072265623,-10.95592975616455,0.337778240442276,0.3353236019611358,180.1956787109375,Africa
Libya,2016,LBY,6632130.0,57.37887954711914,56.9814453125,-5.72945499420166,-5.697113037109375,0.3253220021724701,0.323068618774414,176.3756561279297,Africa
Libya,2017,LBY,6738771.0,67.09224700927734,66.71173858642578,16.928470611572266,17.07625389099121,0.2418590188026428,0.2404873520135879,277.40228271484375,Africa
Libya,2018,LBY,6849058.0,62.64452362060547,62.285194396972656,-6.6292643547058105,-6.635332107543945,0.2378781735897064,0.2365137189626693,263.3470764160156,Africa
Libya,2019,LBY,6951040.0,73.77831268310547,73.44792938232422,17.772960662841797,17.921972274780273,0.3282994031906128,0.3268292844295501,224.7287445068359,Africa
Libya,2020,LBY,7045403.0,36.110626220703125,35.81193923950195,-51.05522918701172,-51.241729736328125,0.201468139886856,0.1998016983270645,179.23741149902344,Africa
Libya,2021,LBY,7135179.0,56.31246566772461,56.04158401489258,55.944297790527344,56.488548278808594,0.2741144001483917,0.2727958261966705,205.4341735839844,Africa
Libya,2022,LBY,7223804.0,58.974002838134766,58.72675704956055,4.72637414932251,4.791390895843506,0.2689036428928375,0.2677762806415558,219.31277465820312,Africa
Libya,2023,LBY,7305659.0,64.21908569335938,63.99506759643555,8.893882751464844,8.970891952514648,0.2974288761615753,0.2963913679122925,215.91409301757812,Africa
Libya,2024,LBY,7381029.0,65.26007080078125,65.05635070800781,1.6209959983825684,1.6583800315856934,,,,Africa
Liechtenstein,2014,LIE,37191.0,0.1611859947443008,0.1443315893411636,-16.263967514038086,-17.566728591918945,,,,Europe
Liechtenstein,2015,LIE,37424.0,0.1596679985523224,0.1422639936208725,-0.9417712688446044,-1.4325320720672607,,,,Europe
Liechtenstein,2016,LIE,37635.0,0.1496530026197433,0.1319192349910736,-6.272387504577637,-7.271528244018555,,,,Europe
Liechtenstein,2017,LIE,37872.0,0.1554760038852691,0.1387681514024734,3.891003131866455,5.191755294799805,,,,Europe
Liechtenstein,2018,LIE,38157.0,0.1425729990005493,0.126268208026886,-8.299028396606445,-9.007793426513672,,,,Europe
Liechtenstein,2019,LIE,38463.0,0.1486549973487854,0.1319838017225265,4.265880584716797,4.52655553817749,,,,Europe
Liechtenstein,2020,LIE,38793.0,0.1416050046682357,0.1255200356245041,-4.742527008056641,-4.897385597229004,,,,Europe
Liechtenstein,2021,LIE,39062.0,0.1455949991941452,0.1301695555448532,2.817702293395996,3.704202175140381,,,,Europe
Liechtenstein,2022,LIE,39338.0,0.1283359974622726,0.1132403165102005,-11.854118347167969,-13.005531311035156,,,,Europe
Liechtenstein,2023,LIE,39622.0,0.1312209963798523,0.1164917200803756,2.2480010986328125,2.871239185333252,,,,Europe
Liechtenstein,2024,LIE,39895.0,0.1316239982843399,0.1172244772315025,0.3071188926696777,0.6290197372436523,,,,Europe
Lithuania,2014,LTU,2933171.0,12.845803260803224,12.15444278717041,-2.299720048904419,-13.835936546325684,0.2098830342292785,0.1985871493816375,61.2045783996582,Europe
Lithuania,2015,LTU,2905771.0,13.045220375061035,9.741941452026367,1.5523910522460938,-19.84872817993164,0.2034745663404464,0.1519512236118316,64.11228942871094,Europe
Lithuania,2016,LTU,2869109.0,13.101517677307127,9.142712593078612,0.4315614700317383,-6.15101432800293,0.1993341892957687,0.1391026079654693,65.72639465332031,Europe
Lithuania,2017,LTU,2829317.0,13.277398109436035,10.648112297058104,1.3424396514892578,16.465557098388672,0.1920079886913299,0.1539851874113083,69.15023803710938,Europe
Lithuania,2018,LTU,2802485.0,13.414423942565918,13.32817268371582,1.0320186614990234,25.169349670410156,0.1890168935060501,0.1878015697002411,70.96944427490234,Europe
Lithuania,2019,LTU,2795057.0,13.647339820861816,11.862055778503418,1.736307144165039,-11.00013256072998,0.1933129727840423,0.1680246293544769,70.59712219238281,Europe
Lithuania,2020,LTU,2795766.0,13.499604225158691,11.659873008728027,-1.0825276374816897,-1.7044544219970703,0.1920435726642608,0.1658717989921569,70.29448699951172,Europe
Lithuania,2021,LTU,2794490.0,13.778095245361328,11.5134859085083,2.0629525184631348,-1.255476474761963,0.1964104920625686,0.1641278713941574,70.14949035644531,Europe
Lithuania,2022,LTU,2816923.0,12.895064353942873,11.421732902526855,-6.408947944641113,-0.7969200611114502,0.1981852054595947,0.1755414605140686,65.06572723388672,Europe
Lithuania,2023,LTU,2854104.0,12.507402420043944,11.444696426391602,-3.006279468536377,0.2010464668273925,0.1824005991220474,0.1669027209281921,68.57106018066406,Europe
Lithuania,2024,LTU,2859112.0,12.541508674621582,11.855975151062012,0.2726912498474121,3.593623638153076,0.1709445863962173,0.1616005599498748,73.36592864990234,Europe
Luxembourg,2014,LUX,556285.0,9.806854248046877,9.989248275756836,-5.003714561462402,-4.876697063446045,0.2215026021003723,0.2256222367286682,44.27421569824219,Europe
Luxembourg,2015,LUX,569540.0,9.333976745605469,9.46848201751709,-4.821902275085449,-5.213266372680664,0.2168954014778137,0.220020905137062,43.03446578979492,Europe
Luxembourg,2016,LUX,583511.0,9.077204704284668,9.239227294921877,-2.750939130783081,-2.421241998672486,0.2137863636016845,0.2176023125648498,42.459232330322266,Europe
Luxembourg,2017,LUX,596506.0,9.251006126403809,9.415189743041992,1.914691925048828,1.9045233726501465,0.2085678726434707,0.2122694551944732,44.35489654541016,Europe
Luxembourg,2018,LUX,608109.0,9.556161880493164,9.695650100708008,3.298628330230713,2.978801727294922,0.2058144807815551,0.2088186889886856,46.43095016479492,Europe
Luxembourg,2019,LUX,620167.0,9.74996852874756,9.913272857666016,2.0280838012695312,2.24454402923584,0.2061816602945327,0.2096350342035293,47.28824615478515,Europe
Luxembourg,2020,LUX,630597.0,8.069083213806152,8.256643295288086,-17.239910125732422,-16.71122932434082,0.1990361362695694,0.2036625891923904,40.540794372558594,Europe
Luxembourg,2021,LUX,640276.0,8.409504890441895,8.543313980102539,4.218840599060059,3.472006320953369,0.1945990473031997,0.1976954489946365,43.21451950073242,Europe
Luxembourg,2022,LUX,653315.0,7.274378776550293,7.415369510650635,-13.498133659362791,-13.202655792236328,0.1873769611120224,0.1910086721181869,38.82216262817383,Europe
Luxembourg,2023,LUX,665101.0,6.840733051300049,6.980624675750732,-5.961280822753906,-5.862754821777344,0.1814635097980499,0.1851743906736374,37.697566986083984,Europe
Luxembourg,2024,LUX,673042.0,7.039783000946045,7.178281784057617,2.9097795486450195,2.8315186500549316,0.1771384328603744,0.1806234121322631,39.741703033447266,Europe
Macao,2014,MAC,610308.0,1.2933919429779053,,30.740737915039062,,0.106752723455429,,12.115775108337402,Asia
Macao,2015,MAC,622185.0,1.7733759880065918,,37.1104850769043,,0.1368414610624313,,12.959346771240234,Asia
Macao,2016,MAC,634317.0,1.7807040214538574,,0.4132270812988281,,0.1352271437644958,,13.168243408203123,Asia
Macao,2017,MAC,646558.0,1.9272639751434328,,8.230447769165039,,0.1199805065989494,,16.063142776489258,Asia
Macao,2018,MAC,658777.0,1.242095947265625,,-35.551334381103516,,0.0909941866993904,,13.650278091430664,Asia
Macao,2019,MAC,670982.0,1.2127840518951416,,-2.3598849773406982,,0.0851208269596099,,14.247793197631836,Asia
Macao,2020,MAC,683069.0,1.033247947692871,,-14.803629875183104,,0.0800000727176666,,12.915587425231934,Asia
Macao,2021,MAC,694404.0,1.0295840501785278,,-0.3545999526977539,,0.0835772529244422,,12.318950653076172,Asia
Macao,2022,MAC,704360.0,1.0487749576568604,,1.8639564514160156,,0.08429916203022,,12.441107749938965,Asia
Macao,2023,MAC,713916.0,1.0428650379180908,,-0.5635082721710205,,0.077109009027481,,13.524556159973145,Asia
Macao,2024,MAC,720270.0,1.0563279390335083,,1.2909531593322754,,,,,Asia
Madagascar,2014,MDG,24764356.0,2.971004009246826,36.07150650024414,-2.937549352645874,-16.153114318847656,0.2155529707670211,2.6170685291290283,13.783173561096191,Africa
Madagascar,2015,MDG,25426703.0,3.121227979660034,40.538108825683594,5.056333541870117,12.3826265335083,0.2054729908704757,2.668656826019287,15.190454483032228,Africa
Madagascar,2016,MDG,26099950.0,3.256795883178711,40.35615158081055,4.343414306640625,-0.4488527774810791,0.2023350745439529,2.5072081089019775,16.096052169799805,Africa
Madagascar,2017,MDG,26788379.0,3.8037869930267334,41.16042709350586,16.795372009277344,1.992940902709961,0.256794661283493,2.7787513732910156,14.812562942504885,Africa
Madagascar,2018,MDG,27494930.0,3.604454040527344,36.37285232543945,-5.240380764007568,-11.631500244140623,0.2832030355930328,2.857826232910156,12.727455139160156,Africa
Madagascar,2019,MDG,28219559.0,4.146514892578125,34.515323638916016,15.038644790649414,-5.106907844543457,0.266577273607254,2.2189719676971436,15.554645538330078,Africa
Madagascar,2020,MDG,28953560.0,3.7880759239196777,33.94356918334961,-8.644342422485352,-1.6565263271331787,0.3196801841259002,2.864537477493286,11.849580764770508,Africa
Madagascar,2021,MDG,29691087.0,4.2460761070251465,33.8524055480957,12.090576171875,-0.2685725688934326,0.2712006866931915,2.1621832847595215,15.656582832336426,Africa
Madagascar,2022,MDG,30437261.0,4.209640026092529,34.80671310424805,-0.8581101894378662,2.8190255165100098,0.2540777027606964,2.100799322128296,16.568317413330078,Africa
Madagascar,2023,MDG,31195937.0,4.446771144866943,35.399070739746094,5.633044242858887,1.7018556594848633,0.2678368389606476,2.132148504257202,16.602537155151367,Africa
Madagascar,2024,MDG,31964960.0,4.528380870819092,35.57088851928711,1.8352627754211424,0.4853725433349609,,,,Africa
Malawi,2014,MWI,16621534.0,1.015110969543457,14.380064010620115,-9.38361930847168,-1.9400954246520996,0.1570951044559478,2.225409507751465,6.461760997772217,Africa
Malawi,2015,MWI,17085587.0,1.049908995628357,13.778315544128418,3.4279942512512207,-4.184597969055176,0.1698283553123474,2.2287158966064453,6.1821770668029785,Africa
Malawi,2016,MWI,17557741.0,1.1724400520324707,13.478020668029783,11.670625686645508,-2.179473638534546,0.1734380573034286,1.9937920570373535,6.759993553161621,Africa
Malawi,2017,MWI,18039714.0,1.19303297996521,13.44515609741211,1.756417751312256,-0.243842601776123,0.1642421036958694,1.8509637117385864,7.263867855072021,Africa
Malawi,2018,MWI,18528086.0,1.6900490522384644,13.484868049621582,41.65986633300781,0.2953648567199707,0.2473584115505218,1.973667860031128,6.832389831542969,Africa
Malawi,2019,MWI,19025748.0,1.6953539848327637,13.222078323364258,0.3139019012451172,-1.948779821395874,0.2122316062450409,1.655195951461792,7.98822546005249,Africa
Malawi,2020,MWI,19533885.0,1.8680499792099,13.51968002319336,10.18642234802246,2.250790596008301,0.2387785017490387,1.7281168699264526,7.823359489440918,Africa
Malawi,2021,MWI,20047264.0,1.6824949979782104,10.780317306518556,-9.93308448791504,-20.262039184570312,0.2023216187953949,1.2963433265686035,8.315942764282227,Africa
Malawi,2022,MWI,20568731.0,1.8013880252838137,11.118023872375488,7.066464424133301,3.13262939453125,0.1634379774332046,1.0087262392044067,11.021844863891602,Africa
Malawi,2023,MWI,21104480.0,1.8525680303573608,11.19433879852295,2.8411388397216797,0.6864070892333984,0.1671531051397323,1.0100404024124146,11.08306121826172,Africa
Malawi,2024,MWI,21655288.0,1.881479024887085,11.138392448425291,1.5605926513671875,-0.4997789859771728,,,,Africa
Malaysia,2014,MYS,30696133.0,245.05337524414065,493.0799255371094,1.399540901184082,-1.4425039291381836,0.2232597470283508,0.4492282271385193,1097.6156005859375,Asia
Malaysia,2015,MYS,31232796.0,235.94175720214844,410.9143676757813,-3.718215227127075,-16.663742065429688,0.2116876989603042,0.3686736822128296,1114.57470703125,Asia
Malaysia,2016,MYS,31789692.0,237.29388427734375,365.7708435058594,0.5730748176574707,-10.986113548278809,0.2024168223142624,0.3120104372501373,1172.30322265625,Asia
Malaysia,2017,MYS,32355642.0,244.45709228515625,355.7221374511719,3.0187010765075684,-2.747267484664917,0.2056869566440582,0.2993057072162628,1188.4910888671875,Asia
Malaysia,2018,MYS,32910963.0,262.6470642089844,353.0387878417969,7.440972328186035,-0.7543444633483887,0.2170404344797134,0.2917363345623016,1210.1297607421875,Asia
Malaysia,2019,MYS,33440590.0,277.6728820800781,354.5280456542969,5.720913410186768,0.4218339920043945,0.223695620894432,0.2856107652187347,1241.2978515625,Asia
Malaysia,2020,MYS,33889554.0,262.1588134765625,330.2637023925781,-5.5871782302856445,-6.844120979309082,0.2190324068069458,0.2759337127208709,1196.8951416015625,Asia
Malaysia,2021,MYS,34282404.0,273.3321533203125,346.5342712402344,4.262053966522217,4.926538467407227,0.2184326350688934,0.2769319117069244,1251.3338623046875,Asia
Malaysia,2022,MYS,34695494.0,281.8838195800781,344.828857421875,3.128659725189209,-0.4921317100524902,0.2079542428255081,0.2543907463550567,1355.5087890625,Asia
Malaysia,2023,MYS,35126295.0,276.2967529296875,338.1128234863281,-1.982039213180542,-1.947641372680664,0.208506092429161,0.2551553249359131,1325.1256103515625,Asia
Malaysia,2024,MYS,35557670.0,290.2238464355469,352.2081298828125,5.040621757507324,4.168808460235596,0.2100058645009994,0.2548576593399048,1381.979736328125,Asia
Maldives,2014,MDV,413623.0,1.3190399408340454,1.3190399408340454,20.40133476257324,20.40133476257324,0.1498403847217559,0.1498403847217559,8.802967071533203,Asia
Maldives,2015,MDV,428165.0,1.2824000120162964,1.2825099229812622,-2.7777791023254395,-2.76944637298584,0.1947986930608749,0.194815382361412,6.5832061767578125,Asia
Maldives,2016,MDV,443316.0,1.4326239824295044,1.4326605796813965,11.7142915725708,11.707568168640137,0.2052952796220779,0.2053005248308181,6.978358268737793,Asia
Maldives,2017,MDV,458297.0,1.5132319927215576,1.5133419036865234,5.6265950202941895,5.631566047668457,0.2091927230358123,0.2092079073190689,7.233674049377441,Asia
Maldives,2018,MDV,473106.0,1.7367359399795532,1.7367359399795532,14.76997184753418,14.761638641357422,0.304881602525711,0.304881602525711,5.696427345275879,Asia
Maldives,2019,MDV,487737.0,1.993216037750244,1.993216037750244,14.767932891845703,14.767932891845703,0.3198426961898803,0.3198426961898803,6.231863498687744,Asia
Maldives,2020,MDV,502127.0,1.6781120300292969,1.6781120300292969,-15.808820724487305,-15.808820724487305,0.3303255438804626,0.3303255438804626,5.080175876617432,Asia
Maldives,2021,MDV,516163.0,1.996880054473877,1.996880054473877,18.995630264282227,18.995630264282227,0.3086029589176178,0.3086029589176178,6.470709323883057,Asia
Maldives,2022,MDV,524116.0,2.2158000469207764,2.215836763381958,10.963106155395508,10.96494197845459,0.298916220664978,0.2989211678504944,7.412779331207275,Asia
Maldives,2023,MDV,526009.0,2.205333948135376,2.2053706645965576,-0.472337007522583,-0.4723250865936279,0.2811390161514282,0.2811436951160431,7.844283103942871,Asia
Maldives,2024,MDV,527801.0,2.3062100410461426,2.306246757507324,4.574179649353027,4.574108123779297,,,,Asia
Mali,2014,MLI,18020267.0,3.139312982559204,35.99733352661133,14.431726455688477,-0.5615711212158203,0.241886094212532,2.773617744445801,12.978475570678713,Africa
Mali,2015,MLI,18593022.0,3.3991029262542725,43.13375473022461,8.27537727355957,19.824874877929688,0.2180522680282592,2.7670280933380127,15.588478088378906,Africa
Mali,2016,MLI,19191298.0,4.2861647605896,40.74479675292969,26.096939086914062,-5.5384931564331055,0.2206661254167556,2.0976784229278564,19.423755645751953,Africa
Mali,2017,MLI,19813016.0,4.7665510177612305,42.7857551574707,11.207830429077148,5.009126663208008,0.2223080694675445,1.995492935180664,21.44119644165039,Africa
Mali,2018,MLI,20442031.0,5.198325157165527,43.381309509277344,9.058416366577148,1.3919353485107422,0.2336723208427429,1.9500532150268557,22.246217727661133,Africa
Mali,2019,MLI,21068405.0,5.594037055969238,42.392356872558594,7.612299919128418,-2.279675006866455,0.2307345271110534,1.7485368251800537,24.244474411010746,Africa
Mali,2020,MLI,21713837.0,6.330056190490723,46.720821380615234,13.157200813293455,10.210477828979492,0.2359636723995208,1.7415984869003296,26.82640266418457,Africa
Mali,2021,MLI,22388637.0,7.39316987991333,35.83123016357422,16.79470443725586,-23.307783126831055,0.259587675333023,1.258099913597107,28.48043441772461,Africa
Mali,2022,MLI,23072641.0,7.019714832305908,38.22545623779297,-5.0513505935668945,6.681942939758301,0.2397981435060501,1.305807113647461,29.273433685302734,Africa
Mali,2023,MLI,23769130.0,6.743015766143799,38.56269454956055,-3.941738605499267,0.8822441101074219,0.2247572690248489,1.285366415977478,30.001325607299805,Africa
Mali,2024,MLI,24478597.0,6.978839874267578,38.29988479614258,3.497302532196045,-0.6815195083618164,,,,Africa
Malta,2014,MLT,434494.0,2.4173200130462646,2.3836843967437744,-0.507354736328125,-0.5312085151672363,0.0907547026872634,0.089491918683052,26.635753631591797,Europe
Malta,2015,MLT,444978.0,1.6974680423736572,1.6789281368255615,-29.77892684936523,-29.565841674804688,0.0583005398511886,0.0576637759804725,29.115819931030273,Europe
Malta,2016,MLT,455276.0,1.3758790493011477,1.3492051362991333,-18.94521713256836,-19.63890266418457,0.0425570122897625,0.0417319685220718,32.33025360107422,Europe
Malta,2017,MLT,467902.0,1.5372060537338257,1.5094329118728638,11.725378036499023,11.875713348388672,0.0417763143777847,0.041021529585123,36.796112060546875,Europe
Malta,2018,MLT,484560.0,1.5477030277252195,1.5197833776474,0.6828665733337402,0.6857156753540039,0.040372010320425,0.0396437235176563,38.33604049682617,Europe
Malta,2019,MLT,504017.0,1.6491960287094116,1.5947855710983276,6.557655334472656,4.935061931610107,0.0412820689380168,0.039920087903738,39.9494514465332,Europe
Malta,2020,MLT,518212.0,1.600888967514038,1.5411657094955444,-2.9291272163391113,-3.362196683883667,0.0431623756885528,0.0415521450340747,37.08992004394531,Europe
Malta,2021,MLT,524383.0,1.6114089488983154,1.5545071363449097,0.6571292877197266,0.8656620979309082,0.0454763621091842,0.0438705049455165,35.433990478515625,Europe
Malta,2022,MLT,528194.0,1.774245023727417,1.7130194902420044,10.105192184448242,10.196948051452637,0.0467606261372566,0.0451470166444778,37.94314193725586,Europe
Malta,2023,MLT,532964.0,1.7680020332336426,1.7028194665908811,-0.351870059967041,-0.5954384803771973,0.046651791781187,0.044931836426258,37.8978385925293,Europe
Malta,2024,MLT,539612.0,1.7287659645080566,1.6598827838897705,-2.219229936599731,-2.5215089321136475,,,,Europe
Marshall Islands,2014,MHL,49815.0,0.1392319947481155,0.1392319947481155,0.0,0.0,,,,Oceania
Marshall Islands,2015,MHL,48823.0,0.1428959965705871,0.1428959965705871,2.6315808296203613,2.6315808296203613,,,,Oceania
Marshall Islands,2016,MHL,47730.0,0.1428959965705871,0.1428959965705871,0.0,0.0,,,,Oceania
Marshall Islands,2017,MHL,46544.0,0.1465599983930587,0.1465599983930587,2.564108371734619,2.564108371734619,,,,Oceania
Marshall Islands,2018,MHL,45307.0,0.1465599983930587,0.1465599983930587,0.0,0.0,,,,Oceania
Marshall Islands,2019,MHL,44030.0,0.1465599983930587,0.1465599983930587,0.0,0.0,,,,Oceania
Marshall Islands,2020,MHL,42728.0,0.1465599983930587,0.1465599983930587,0.0,0.0,,,,Oceania
Marshall Islands,2021,MHL,41387.0,0.1465599983930587,0.1465599983930587,0.0,0.0,,,,Oceania
Marshall Islands,2022,MHL,40094.0,0.1484239995479583,0.1484239995479583,1.27183198928833,1.27183198928833,,,,Oceania
Marshall Islands,2023,MHL,38849.0,0.1477220058441162,0.1477220058441162,-0.4729688167572021,-0.4729688167572021,,,,Oceania
Marshall Islands,2024,MHL,37572.0,0.1544799953699112,0.1544799953699112,4.5748114585876465,4.5748114585876465,,,,Oceania
Mauritania,2014,MRT,3848511.0,2.562746047973633,2.91280460357666,18.161237716674805,24.472963333129883,0.2306737601757049,0.2621826529502868,11.109829902648926,Africa
Mauritania,2015,MRT,3965959.0,3.002485990524292,3.2222893238067627,17.158937454223633,10.624980926513672,0.2703010141849518,0.290088951587677,11.10793399810791,Africa
Mauritania,2016,MRT,4086655.0,2.623861074447632,2.894191026687622,-12.610382080078123,-10.182147979736328,0.2525397837162018,0.2785583734512329,10.389890670776367,Africa
Mauritania,2017,MRT,4210603.0,3.58113694190979,3.840657949447632,36.483489990234375,32.702301025390625,0.2274534255266189,0.2439367175102234,15.744483947753906,Africa
Mauritania,2018,MRT,4337685.0,4.444431781768799,4.686769008636475,24.10672950744629,22.030364990234375,0.2563787400722503,0.2703580558300018,17.33541488647461,Africa
Mauritania,2019,MRT,4467714.0,4.613279819488525,4.870016574859619,3.7990927696228023,3.909885883331299,0.2559144198894501,0.2701565027236938,18.026649475097656,Africa
Mauritania,2020,MRT,4600136.0,4.781519889831543,5.079732894897461,3.646862506866455,4.306280612945557,0.2582143545150757,0.274318665266037,18.517637252807617,Africa
Mauritania,2021,MRT,4734874.0,4.499684810638428,4.7920355796813965,-5.894255638122559,-5.663633346557617,0.2560167908668518,0.2726505398750305,17.575740814208984,Africa
Mauritania,2022,MRT,4875644.0,5.26743221282959,5.599830150604248,17.06223487854004,16.85702896118164,0.2597445249557495,0.2761355638504028,20.279279708862305,Africa
Mauritania,2023,MRT,5022442.0,5.036898136138916,5.391939640045166,-4.376590251922607,-3.7124454975128174,0.2420963495969772,0.2591612935066223,20.805343627929688,Africa
Mauritania,2024,MRT,5169403.0,5.238678932189941,5.606654644012451,4.006052017211914,3.9821505546569824,,,,Africa
Mauritius,2014,MUS,1292006.0,4.206272125244141,4.769832134246826,3.423428535461426,-15.316205978393556,0.1866031885147094,0.2116044461727142,22.5412654876709,Africa
Mauritius,2015,MUS,1292283.0,4.209936141967773,4.573404788970947,0.0871062278747558,-4.118108749389648,0.1803949028253555,0.1959694921970367,23.33733367919922,Africa
Mauritius,2016,MUS,1291807.0,4.341839790344238,4.551677703857422,3.1331539154052734,-0.4750847816467285,0.1788234561681747,0.1874658465385437,24.2800350189209,Africa
Mauritius,2017,MUS,1290654.0,4.539696216583252,4.68343448638916,4.5569658279418945,2.89468765258789,0.1702126264572143,0.175601989030838,26.670738220214844,Africa
Mauritius,2018,MUS,1288836.0,4.455423831939697,4.549222469329834,-1.8563330173492432,-2.8656721115112305,0.1772867441177368,0.1810190975666046,25.131174087524418,Africa
Mauritius,2019,MUS,1286269.0,4.525040149688721,4.435564994812012,1.5625,-2.498394250869751,0.1745681762695312,0.1711163818836212,25.92133522033691,Africa
Mauritius,2020,MUS,1283231.0,3.799567937850952,3.8215153217315674,-16.032386779785156,-13.843774795532228,0.1736872643232345,0.1746905297040939,21.87591552734375,Africa
Mauritius,2021,MUS,1279628.0,3.968111991882324,4.007390022277832,4.435873031616211,4.863905906677246,0.1838166415691375,0.1856361180543899,21.587339401245117,Africa
Mauritius,2022,MUS,1276134.0,4.316740989685059,4.3126373291015625,8.785760879516602,7.617115974426269,0.2007458955049514,0.2005550563335418,21.503507614135746,Africa
Mauritius,2023,MUS,1273591.0,4.587621212005615,4.563584804534912,6.2751054763793945,5.818891525268555,0.2042102217674255,0.203140303492546,22.465187072753903,Africa
Mauritius,2024,MUS,1271171.0,4.6736159324646,4.63734245300293,1.87450647354126,1.616215705871582,,,,Africa
Mexico,2014,MEX,119784265.0,484.0445251464844,521.3591918945312,-2.2944629192352295,-1.0319650173187256,0.2170044779777526,0.2337332069873809,2230.57373046875,North America
Mexico,2015,MEX,121072310.0,479.4337158203125,505.5245056152344,-0.9525537490844728,-3.037196397781372,0.2173887342214584,0.2292190343141555,2205.421142578125,North America
Mexico,2016,MEX,122251344.0,478.8277282714844,449.75146484375,-0.1263976097106933,-11.032712936401367,0.2103646844625473,0.1975905150175094,2276.17919921875,North America
Mexico,2017,MEX,123400052.0,464.4066162109375,444.9772644042969,-3.0117571353912354,-1.0615170001983645,0.1993412673473358,0.1910014599561691,2329.706298828125,North America
Mexico,2018,MEX,124573713.0,468.4205932617187,433.010498046875,0.8643269538879395,-2.6893019676208496,0.2050574570894241,0.189556211233139,2284.33837890625,North America
Mexico,2019,MEX,125762978.0,468.23583984375,530.3802490234375,-0.0394463539123535,22.48669815063477,0.207168698310852,0.234664186835289,2260.1669921875,North America
Mexico,2020,MEX,126799053.0,428.9368286132813,445.3807067871094,-8.392995834350586,-16.026151657104492,0.2071596384048462,0.2151013761758804,2070.561767578125,North America
Mexico,2021,MEX,127648151.0,446.8375549316406,423.46429443359375,4.17327880859375,-4.920828342437744,0.2032423913478851,0.1926111429929733,2198.545166015625,North America
Mexico,2022,MEX,128613116.0,453.7991027832031,423.46832275390625,1.5579581260681152,0.0009536743164062,0.1975734531879425,0.184368148446083,2296.86279296875,North America
Mexico,2023,MEX,129739761.0,458.25384521484375,423.319091796875,0.9816527366638184,-0.0352382659912109,0.1997493654489517,0.1845215708017349,2294.144287109375,North America
Mexico,2024,MEX,130861001.0,460.9876403808594,423.7497863769531,0.5965709686279297,0.1017451286315918,0.1995452642440796,0.1834263056516647,2310.19091796875,North America
Micronesia (country),2014,FSM,108407.0,0.1392319947481155,0.1392319947481155,2.7027010917663574,2.7027010917663574,0.2065725624561309,0.2065725624561309,0.6740100979804993,Oceania
Micronesia (country),2015,FSM,108727.0,0.1428959965705871,0.1428959965705871,2.6315808296203613,2.6315808296203613,0.2016825675964355,0.2016825675964355,0.7085193395614624,Oceania
Micronesia (country),2016,FSM,109088.0,0.1428959965705871,0.1428959965705871,0.0,0.0,0.1906575113534927,0.1906575113534927,0.7494905591011047,Oceania
Micronesia (country),2017,FSM,109495.0,0.1428959965705871,0.1428959965705871,0.0,0.0,0.1886851638555526,0.1886851638555526,0.7573250532150269,Oceania
Micronesia (country),2018,FSM,109925.0,0.1428959965705871,0.1428959965705871,0.0,0.0,0.3002108037471771,0.3002108037471771,0.4759855270385742,Oceania
Micronesia (country),2019,FSM,110293.0,0.1428959965705871,0.1428959965705871,0.0,0.0,0.2979069948196411,0.2979069948196411,0.4796664714813232,Oceania
Micronesia (country),2020,FSM,110930.0,0.1428959965705871,0.1428959965705871,0.0,0.0,0.3053318560123443,0.3053318560123443,0.4680022597312927,Oceania
Micronesia (country),2021,FSM,111635.0,0.1428959965705871,0.1428959965705871,0.0,0.0,0.3091162443161011,0.3091162443161011,0.4622727036476135,Oceania
Micronesia (country),2022,FSM,112122.0,0.1447210013866424,0.1447210013866424,1.277148723602295,1.277148723602295,0.3075328171253204,0.3075328171253204,0.4705871641635895,Oceania
Micronesia (country),2023,FSM,112646.0,0.1440369933843612,0.1440369933843612,-0.4726350307464599,-0.4726350307464599,0.288763016462326,0.288763016462326,0.4988069534301758,Oceania
Micronesia (country),2024,FSM,113171.0,0.150626003742218,0.150626003742218,4.5745134353637695,4.5745134353637695,,,,Oceania
Moldova,2014,MDA,3342715.0,4.755152225494385,0.7551632523536682,-2.943366765975952,10.623371124267578,0.1131429746747016,0.0179681777954101,42.02781295776367,Europe
Moldova,2015,MDA,3287168.0,4.785083770751953,0.8949785232543945,0.6294608116149902,18.51457405090332,0.1272324472665786,0.0237969309091568,37.60898971557617,Europe
Moldova,2016,MDA,3237798.0,4.907332897186279,1.2250864505767822,2.554798126220703,36.884464263916016,0.1303295791149139,0.0325360000133514,37.65325927734375,Europe
Moldova,2017,MDA,3193500.0,5.090404033660889,0.3983584940433502,3.7305593490600586,-67.48323059082031,0.1332779377698898,0.0104298992082476,38.19389724731445,Europe
Moldova,2018,MDA,3153779.0,5.351240158081055,1.5136765241622925,5.124068260192871,279.97845458984375,0.1313136667013168,0.0371439903974533,40.7515869140625,Europe
Moldova,2019,MDA,3112561.0,5.378353118896484,1.5993764400482178,0.5066633224487305,5.66171407699585,0.1304775178432464,0.0388004817068576,41.22053527832031,Europe
Moldova,2020,MDA,3069135.0,5.113133907318115,2.137049913406372,-4.931229591369629,33.617698669433594,0.1285715103149414,0.0537368506193161,39.768798828125,Europe
Moldova,2021,MDA,3023780.0,5.760043144226074,2.845770835876465,12.65190887451172,33.16351318359375,0.1324176788330078,0.0654214471578598,43.49905014038086,Europe
Moldova,2022,MDA,3039986.0,5.173479080200195,1.9019302129745483,-10.18332862854004,-33.16642761230469,0.1387891471385955,0.0510231703519821,37.27581787109375,Europe
Moldova,2023,MDA,3067072.0,5.329302787780762,1.9723094701766968,3.0119776725769043,3.700411319732666,0.1459699869155883,0.0540216974914073,36.50958251953125,Europe
Moldova,2024,MDA,3034967.0,5.326842784881592,1.9366902112960815,-0.0461578369140625,-1.805967092514038,,,,Europe
Mongolia,2014,MNG,2913041.0,29.629785537719727,38.750614166259766,-31.851154327392575,-26.28769302368164,0.6050004959106445,0.7912356853485107,48.97481155395508,Asia
Mongolia,2015,MNG,2976528.0,23.278635025024418,31.386335372924805,-21.43501663208008,-19.004291534423828,0.4971659481525421,0.6703235507011414,46.82266616821289,Asia
Mongolia,2016,MNG,3040815.0,25.629114151000977,33.33600616455078,10.097146034240724,6.21185302734375,0.5415228605270386,0.7043634057044983,47.32785415649414,Asia
Mongolia,2017,MNG,3104371.0,34.13898849487305,41.581302642822266,33.20393371582031,24.733901977539062,0.6561530828475952,0.7991947531700134,52.02900314331055,Asia
Mongolia,2018,MNG,3167714.0,45.31930923461914,45.49965286254883,32.749412536621094,9.42333984375,0.7962663769721985,0.799435019493103,56.914756774902344,Asia
Mongolia,2019,MNG,3232118.0,47.118988037109375,49.218971252441406,3.97111177444458,8.174395561218262,0.7538484930992126,0.7874457836151123,62.50458908081055,Asia
Mongolia,2020,MNG,3290786.0,42.477500915527344,44.96630859375,-9.850567817687988,-8.640295028686523,0.6796354055404663,0.719456136226654,62.50041580200195,Asia
Mongolia,2021,MNG,3339676.0,35.97169876098633,39.22829818725586,-15.315872192382812,-12.76068115234375,0.5912308692932129,0.6447564363479614,60.84204864501953,Asia
Mongolia,2022,MNG,3386015.0,40.44316864013672,43.02613830566406,12.430513381958008,9.681379318237305,0.772021472454071,0.8213279843330383,52.38606643676758,Asia
Mongolia,2023,MNG,3431938.0,44.18366241455078,46.22726058959961,9.248769760131836,7.439947128295898,0.6543611884117126,0.6846268773078918,67.5218276977539,Asia
Mongolia,2024,MNG,3475541.0,44.69388961791992,46.261966705322266,1.154780387878418,0.075078010559082,,,,Asia
Montenegro,2014,MNE,631377.0,2.106800079345703,-1.4585285186767578,-2.04429030418396,17.573917388916016,0.2134036570787429,-0.1477384269237518,9.872370719909668,Europe
Montenegro,2015,MNE,628145.0,2.238703966140747,-1.322520732879639,6.260871887207031,-9.324997901916504,0.2075872868299484,-0.1226327642798423,10.784399032592772,Europe
Montenegro,2016,MNE,624246.0,2.015199899673462,-1.637588381767273,-9.983640670776367,23.823261260986328,0.1973602920770645,-0.1603785902261734,10.210766792297363,Europe
Montenegro,2017,MNE,620112.0,2.1031360626220703,-1.328236699104309,4.363644123077393,-18.890684127807617,0.1994522660970688,-0.1259641945362091,10.544557571411133,Europe
Montenegro,2018,MNE,615798.0,2.4035840034484863,0.005386000033468,14.28571891784668,-100.40550231933594,0.2157768756151199,0.0004835172148887,11.139209747314451,Europe
Montenegro,2019,MNE,611671.0,2.4768640995025635,-0.0208847504109144,3.0487775802612305,-487.7599182128906,0.2188243567943573,-0.0018451121868565,11.31895923614502,Europe
Montenegro,2020,MNE,607934.0,2.4035840034484863,0.0336722508072853,-2.958577871322632,-261.2288818359375,0.2330206930637359,0.003264429513365,10.314895629882812,Europe
Montenegro,2021,MNE,603854.0,2.410912036895752,-0.1151594966650009,0.304877758026123,-442.0011901855469,0.216707095503807,-0.0103512201458215,11.12520980834961,Europe
Montenegro,2022,MNE,614649.0,2.4951839447021484,-0.0436015017330646,3.4954428672790527,-62.13816452026367,0.2193587273359298,-0.0038331320974975,11.374900817871094,Europe
Montenegro,2023,MNE,633553.0,2.406848907470703,-0.1023682504892349,-3.540217876434326,134.78147888183594,0.2044366151094436,-0.0086951106786727,11.77308177947998,Europe
Montenegro,2024,MNE,638481.0,2.37625789642334,-0.0836049988865852,-1.2709975242614746,-18.329166412353516,,,,Europe
Montserrat,2014,MSR,4738.0,0.0439679995179176,,-14.28571319580078,,0.2061401307582855,,0.2132918089628219,North America
Montserrat,2015,MSR,4693.0,0.0512959994375705,,16.666662216186523,,0.2136952430009842,,0.2400427907705307,North America
Montserrat,2016,MSR,4665.0,0.0293119996786117,,-42.857139587402344,,0.2140559256076812,,0.1369361728429794,North America
Montserrat,2017,MSR,4624.0,0.0256479997187852,,-12.5,,0.2085091024637222,,0.1230066120624542,North America
Montserrat,2018,MSR,4595.0,0.0293119996786117,,14.28571891784668,,0.232759341597557,,0.1259326487779617,North America
Montserrat,2019,MSR,4564.0,0.0256479997187852,,-12.5,,0.2436986118555069,,0.1052447482943534,North America
Montserrat,2020,MSR,4532.0,0.0219839997589588,,-14.28571319580078,,0.2129343897104263,,0.1032430753111839,North America
Montserrat,2021,MSR,4505.0,0.0219839997589588,,0.0,,0.2008720785379409,,0.1094427853822708,North America
Montserrat,2022,MSR,4476.0,0.0256479997187852,,16.666662216186523,,0.2340999990701675,,0.1095600128173828,North America
Montserrat,2023,MSR,4440.0,0.0255960002541542,,-0.2027451992034912,,0.2373974919319152,,0.1078191697597503,North America
Montserrat,2024,MSR,4414.0,0.0265790000557899,,3.8404464721679688,,,,,North America
Morocco,2014,MAR,34204784.0,57.1749153137207,52.389625549316406,1.0042905807495115,-2.289557456970215,0.263448417186737,0.2413989454507827,217.02508544921875,Africa
Morocco,2015,MAR,34607590.0,58.49884033203125,92.96102905273438,2.3155689239501953,77.44168090820312,0.2648698687553406,0.4209070801734924,220.8587951660156,Africa
Morocco,2016,MAR,35023459.0,58.45747756958008,82.91083526611328,-0.0707089900970459,-10.811197280883787,0.2617605626583099,0.3712576329708099,223.32423400878903,Africa
Morocco,2017,MAR,35446395.0,61.103763580322266,64.2134780883789,4.526865482330322,-22.55116081237793,0.2613497674465179,0.2746504545211792,233.80072021484375,Africa
Morocco,2018,MAR,35839760.0,62.3149299621582,44.7283935546875,1.9821524620056152,-30.34423065185547,0.2576977908611297,0.1849702447652816,241.81399536132812,Africa
Morocco,2019,MAR,36210907.0,68.74348449707031,84.04710388183594,10.316240310668944,87.90548706054688,0.2605489492416382,0.3185521364212036,263.8409729003906,Africa
Morocco,2020,MAR,36584208.0,64.54182434082031,65.77021789550781,-6.112092971801758,-21.746004104614254,0.2662568092346191,0.2713243365287781,242.40440368652344,Africa
Morocco,2021,MAR,36954443.0,70.27531433105469,67.10023498535156,8.883369445800781,2.022218704223633,0.2613632380962372,0.2495547235012054,268.8798522949219,Africa
Morocco,2022,MAR,37329068.0,69.77945709228516,62.01243591308594,-0.7055878639221191,-7.582390308380127,0.2615776062011719,0.2324619144201278,266.76385498046875,Africa
Morocco,2023,MAR,37712516.0,68.96117401123047,58.231990814208984,-1.1726677417755127,-6.0962677001953125,0.254332572221756,0.2147627621889114,271.1456604003906,Africa
Morocco,2024,MAR,38081176.0,69.06234741210938,56.25651931762695,0.1466989517211914,-3.39241623878479,0.2499096393585205,0.2035703659057617,276.3492431640625,Africa
Mozambique,2014,MOZ,25788473.0,8.118426322937012,42.97710037231445,126.85635375976562,1.7455220222473145,0.1652308255434036,0.874694287776947,49.13385009765625,Africa
Mozambique,2015,MOZ,26547576.0,6.730548858642578,49.62070846557617,-17.09539794921875,15.458488464355469,0.1273424476385116,0.9388272166252136,52.85393142700195,Africa
Mozambique,2016,MOZ,27337107.0,8.547748565673828,57.79677963256836,26.999282836914062,16.477130889892578,0.1463297754526138,0.9894288778305054,58.414283752441406,Africa
Mozambique,2017,MOZ,28166397.0,6.905362129211426,57.1776008605957,-19.21426010131836,-1.0713040828704834,0.1117188706994056,0.9250516891479492,61.8101692199707,Africa
Mozambique,2018,MOZ,29018647.0,7.010116100311279,42.69216537475586,1.5169978141784668,-25.334108352661133,0.1486135125160217,0.9050680994987488,47.17011260986328,Africa
Mozambique,2019,MOZ,29884378.0,7.097434997558594,43.39679718017578,1.2456178665161133,1.6505002975463867,0.1439344882965088,0.8800778388977051,49.3101806640625,Africa
Mozambique,2020,MOZ,30783685.0,6.340353012084961,40.81767654418945,-10.66697883605957,-5.943113327026367,0.1394670754671096,0.8978556990623474,45.46128845214844,Africa
Mozambique,2021,MOZ,31707798.0,7.722038745880127,40.39418411254883,21.791946411132812,-1.037520170211792,0.1472420394420623,0.7702268958091736,52.444522857666016,Africa
Mozambique,2022,MOZ,32656242.0,9.29568576812744,42.22764205932617,20.37864875793457,4.538917541503906,0.1654042452573776,0.7513841986656189,56.199798583984375,Africa
Mozambique,2023,MOZ,33635163.0,9.093456268310549,41.01580047607422,-2.175527811050415,-2.86979079246521,0.1593459993600845,0.7187260389328003,57.06736373901367,Africa
Mozambique,2024,MOZ,34631767.0,8.612629890441895,39.18423843383789,-5.287605285644531,-4.46549654006958,,,,Africa
Myanmar,2014,MMR,50681635.0,15.849346160888672,136.11534118652344,24.652503967285156,5.371522903442383,0.1503509879112243,1.2912253141403198,105.4156494140625,Asia
Myanmar,2015,MMR,51089060.0,21.87981605529785,136.31976318359375,38.04869842529297,0.1501798629760742,0.226003035902977,1.4080867767333984,96.81204986572266,Asia
Myanmar,2016,MMR,51495701.0,21.144081115722656,136.84609985351562,-3.3626139163970947,0.3861069679260254,0.1864946633577346,1.2070075273513794,113.37633514404295,Asia
Myanmar,2017,MMR,51894939.0,23.63340950012207,131.4395294189453,11.773168563842772,-3.950834274291992,0.1587807983160019,0.8830749988555908,148.84300231933594,Asia
Myanmar,2018,MMR,52272250.0,34.01683807373047,125.74097442626952,43.93538284301758,-4.335498809814453,0.2190314382314682,0.8096351027488708,155.3057403564453,Asia
Myanmar,2019,MMR,52640718.0,33.61692428588867,118.94921875,-1.175642013549805,-5.40139102935791,0.2215217500925064,0.7838265895843506,151.75450134277344,Asia
Myanmar,2020,MMR,53016525.0,34.587799072265625,116.17189025878906,2.888059616088867,-2.3348867893218994,0.2255595624446869,0.7575989961624146,153.34219360351562,Asia
Myanmar,2021,MMR,53387103.0,29.284832000732425,107.79727935791016,-15.33190631866455,-7.208806037902832,0.198194682598114,0.7295534014701843,147.75790405273438,Asia
Myanmar,2022,MMR,53756791.0,31.63866424560547,108.53506469726562,8.037721633911133,0.6844162940979004,0.2364734560251236,0.8112119436264038,133.79371643066406,Asia
Myanmar,2023,MMR,54133800.0,31.792970657348633,107.21350860595705,0.4877090454101562,-1.2176275253295898,0.2390217930078506,0.8060387969017029,133.01284790039062,Asia
Myanmar,2024,MMR,54500086.0,31.603437423706055,105.87576293945312,-0.5961418151855469,-1.2477457523345947,,,,Asia
Namibia,2014,NAM,2312143.0,3.0991389751434326,6.614966869354248,3.1758666038513184,0.5209207534790039,0.1616504043340683,0.345035195350647,19.171859741210938,Africa
Namibia,2015,NAM,2374305.0,3.393660068511963,7.155012130737305,9.50331687927246,8.16398811340332,0.1677506864070892,0.3536766171455383,20.230379104614254,Africa
Namibia,2016,NAM,2439219.0,3.5822041034698486,7.25957727432251,5.55577278137207,1.4614343643188477,0.1745801270008087,0.3537983894348144,20.518966674804688,Africa
Namibia,2017,NAM,2506854.0,3.589608907699585,7.1823811531066895,0.2067208290100097,-1.0633766651153564,0.1733199805021286,0.3467926979064941,20.71087646484375,Africa
Namibia,2018,NAM,2577327.0,3.6350369453430176,7.334211349487305,1.2655377388000488,2.113926410675049,0.1784193068742752,0.3599866926670074,20.373563766479492,Africa
Namibia,2019,NAM,2650499.0,3.730077028274536,8.03502082824707,2.6145577430725098,9.555339813232422,0.186897873878479,0.4025997817516327,19.957836151123047,Africa
Namibia,2020,NAM,2728760.0,3.4404211044311523,8.464387893676758,-7.76541805267334,5.3436994552612305,0.188627541065216,0.4640759527683258,18.239229202270508,Africa
Namibia,2021,NAM,2810552.0,3.6077990531921382,9.18642234802246,4.8650383949279785,8.530259132385254,0.1965574473142624,0.5004878640174866,18.35493278503418,Africa
Namibia,2022,NAM,2889668.0,3.4138479232788086,9.940751075744627,-5.375880241394043,8.211350440979004,0.189872071146965,0.5528866648674011,17.97972869873047,Africa
Namibia,2023,NAM,2963102.0,3.4426639080047607,9.422971725463867,0.8440971374511719,-5.208653450012207,0.1824050694704055,0.4992639124393463,18.873729705810547,Africa
Namibia,2024,NAM,3030127.0,3.469111919403076,8.113635063171387,0.7682442665100098,-13.895159721374512,,,,Africa
Nauru,2014,NRU,10766.0,0.0512959994375705,0.0512959994375705,7.692313194274902,7.692313194274902,0.1642892211675644,0.1642892211675644,0.3122298419475555,Oceania
Nauru,2015,NRU,10975.0,0.0549600012600421,0.0549600012600421,7.142853736877441,7.142853736877441,0.1653036475181579,0.1653036475181579,0.3324790298938751,Oceania
Nauru,2016,NRU,11173.0,0.0512959994375705,0.0512959994375705,-6.666666030883789,-6.666666030883789,0.1405819654464721,0.1405819654464721,0.3648832142353058,Oceania
Nauru,2017,NRU,11351.0,0.0549600012600421,0.0549600012600421,7.142853736877441,7.142853736877441,0.1926939189434051,0.1926939189434051,0.2852191627025604,Oceania
Nauru,2018,NRU,11499.0,0.0549600012600421,0.0549600012600421,0.0,0.0,0.1703138947486877,0.1703138947486877,0.3226982653141022,Oceania
Nauru,2019,NRU,11609.0,0.0512959994375705,0.0512959994375705,-6.666666030883789,-6.666666030883789,0.1609428226947784,0.1609428226947784,0.3187218904495239,Oceania
Nauru,2020,NRU,11665.0,0.0549600012600421,0.0549600012600421,7.142853736877441,7.142853736877441,0.1763861030340194,0.1763861030340194,0.3115891814231872,Oceania
Nauru,2021,NRU,11727.0,0.0549600012600421,0.0549600012600421,0.0,0.0,0.1701589226722717,0.1701589226722717,0.3229921460151672,Oceania
Nauru,2022,NRU,11822.0,0.0589840002357959,0.0589840002357959,7.321691513061523,7.321691513061523,0.1794654130935669,0.1794654130935669,0.3286649882793426,Oceania
Nauru,2023,NRU,11900.0,0.0587049983441829,0.0587049983441829,-0.4730105400085449,-0.4730105400085449,0.1687017083168029,0.1687017083168029,0.3479810655117035,Oceania
Nauru,2024,NRU,11968.0,0.0613900013267993,0.0613900013267993,4.573714733123779,4.573714733123779,,,,Oceania
Nepal,2014,NPL,27672373.0,7.587669849395752,14.117137908935549,22.0306396484375,6.151902675628662,0.3232865631580353,0.6014865040779114,23.470415115356445,Asia
Nepal,2015,NPL,27823631.0,6.904651165008545,16.91737174987793,-9.00169563293457,19.835710525512695,0.3274113237857818,0.8022041320800781,21.088611602783203,Asia
Nepal,2016,NPL,27955471.0,10.088047981262209,21.431827545166016,46.10511016845703,26.685321807861328,0.3104751706123352,0.6595974564552307,32.492286682128906,Asia
Nepal,2017,NPL,28011258.0,12.42158031463623,23.36884307861328,23.13164520263672,9.038030624389648,0.3325857520103454,0.6256968975067139,37.34850311279297,Asia
Nepal,2018,NPL,28079688.0,14.038991928100586,22.815847396850582,13.020980834960938,-2.366381883621216,0.3343909680843353,0.5434445142745972,41.983768463134766,Asia
Nepal,2019,NPL,28414066.0,12.750490188598633,21.954496383666992,-9.178024291992188,-3.775233030319214,0.3503904044628143,0.6033215522766113,36.389381408691406,Asia
Nepal,2020,NPL,28966580.0,15.630800247192385,24.99601936340332,22.58980178833008,13.853764533996582,0.342718243598938,0.5480584502220154,45.60831069946289,Asia
Nepal,2021,NPL,29475016.0,15.486230850219728,24.70448875427246,-0.9248971939086914,-1.166313886642456,0.3216319680213928,0.5130850076675415,48.1489143371582,Asia
Nepal,2022,NPL,29715435.0,17.60896873474121,26.304960250854492,13.707256317138672,6.478464603424072,0.31627157330513,0.4724587798118591,55.67673110961914,Asia
Nepal,2023,NPL,29694614.0,18.347820281982425,26.287708282470703,4.195880889892578,-0.0655829906463623,0.3192682564258575,0.4574293494224548,57.46834564208984,Asia
Nepal,2024,NPL,29651054.0,18.77608108520508,25.525279998779297,2.334129810333252,-2.900320291519165,,,,Asia
Netherlands,2014,NLD,17030085.0,157.50282287597656,163.85275268554688,-4.500555992126465,-3.98985743522644,0.1549720168113708,0.161219909787178,1016.3306884765624,Europe
Netherlands,2015,NLD,17107429.0,163.95809936523438,169.833251953125,4.098522663116455,3.64992618560791,0.1597303450107574,0.165454015135765,1026.468017578125,Europe
Netherlands,2016,NLD,17204693.0,164.81175231933594,170.94898986816406,0.5206584930419922,0.6569623947143555,0.1578591912984848,0.1637375205755233,1044.0428466796875,Europe
Netherlands,2017,NLD,17315376.0,162.29574584960938,168.20008850097656,-1.5266001224517822,-1.6080200672149658,0.1542585641145706,0.1598705202341079,1052.10205078125,Europe
Netherlands,2018,NLD,17421285.0,158.26425170898438,163.71951293945312,-2.4840354919433594,-2.6638388633728027,0.154232770204544,0.1595490574836731,1026.1390380859375,Europe
Netherlands,2019,NLD,17537505.0,152.7270965576172,158.08090209960938,-3.498673439025879,-3.444075584411621,0.1495072245597839,0.1547481268644333,1021.5366821289062,Europe
Netherlands,2020,NLD,17636732.0,136.97413635253906,142.27378845214844,-10.314446449279783,-9.99937629699707,0.1384495794773101,0.1438063085079193,989.3432006835938,Europe
Netherlands,2021,NLD,17730565.0,139.88568115234375,145.15667724609375,2.1256089210510254,2.0262956619262695,0.1378148347139358,0.1430077999830246,1015.0262451171876,Europe
Netherlands,2022,NLD,17904421.0,127.50314331054688,132.71543884277344,-8.851898193359375,-8.570898056030273,0.133637398481369,0.1391004621982574,954.0977783203124,Europe
Netherlands,2023,NLD,18092526.0,117.0163803100586,122.18775177001952,-8.22470760345459,-7.932525634765625,0.1244987249374389,0.1300007551908493,939.9002685546876,Europe
Netherlands,2024,NLD,18228740.0,114.78472900390624,119.92605590820312,-1.9071340560913088,-1.8509984016418457,0.1238953918218612,0.1294447928667068,926.46484375,Europe
New Caledonia,2014,NCL,281233.0,5.009068012237549,,26.168895721435547,,0.2694709897041321,,18.588523864746097,Oceania
New Caledonia,2015,NCL,283179.0,4.876908779144287,,-2.6383936405181885,,0.2571607232093811,,18.964439392089844,Oceania
New Caledonia,2016,NCL,283432.0,5.48173713684082,,12.401866912841797,,0.2674586772918701,,20.495643615722656,Oceania
New Caledonia,2017,NCL,283554.0,5.583765029907227,,1.8612384796142576,,0.2850700914859772,,19.58734130859375,Oceania
New Caledonia,2018,NCL,283551.0,5.913008213043213,,5.896437168121338,,0.2707630693912506,,21.83831214904785,Oceania
New Caledonia,2019,NCL,283616.0,5.6728668212890625,,-4.061233997344971,,0.2744524180889129,,20.669763565063477,Oceania
New Caledonia,2020,NCL,284187.0,5.109172821044922,,-9.93666648864746,,0.2657608687877655,,19.224700927734375,Oceania
New Caledonia,2021,NCL,285227.0,4.536779880523682,,-11.203241348266602,,0.2658478915691376,,17.065322875976562,Oceania
New Caledonia,2022,NCL,287130.0,5.115596771240234,,12.758326530456545,,0.282224953174591,,18.12595558166504,Oceania
New Caledonia,2023,NCL,289879.0,5.068005084991455,,-0.930333137512207,,0.2738903164863586,,18.50377655029297,Oceania
New Caledonia,2024,NCL,292655.0,5.286636829376221,,4.313969612121582,,,,,Oceania
New Zealand,2014,NZL,4522976.0,35.39933776855469,51.77814865112305,0.5114316940307617,-6.377041339874268,0.1412161290645599,0.2065549790859222,250.6748809814453,Oceania
New Zealand,2015,NZL,4614035.0,35.80509567260742,52.27037811279297,1.146233081817627,0.9506583213806152,0.141961321234703,0.2072434574365615,252.21728515625,Oceania
New Zealand,2016,NZL,4714768.0,34.13495635986328,50.515342712402344,-4.664534568786621,-3.3576130867004395,0.1335042417049408,0.1975691169500351,255.68443298339844,Oceania
New Zealand,2017,NZL,4812749.0,35.66126251220703,53.586944580078125,4.471397399902344,6.080532073974609,0.1372459828853607,0.2062347829341888,259.83465576171875,Oceania
New Zealand,2018,NZL,4900840.0,35.68679428100586,54.978816986083984,0.0715970993041992,2.5974035263061523,0.1380824893712997,0.2127288579940796,258.44549560546875,Oceania
New Zealand,2019,NZL,4989410.0,36.71061325073242,54.96392822265625,2.8688907623291016,-0.0270783901214599,0.1392850279808044,0.2085405737161636,263.5646667480469,Oceania
New Zealand,2020,NZL,5069895.0,34.10895919799805,56.14198303222656,-7.086920738220215,2.1433234214782715,0.1425346583127975,0.2346063554286956,239.30291748046875,Oceania
New Zealand,2021,NZL,5107694.0,34.59651565551758,52.774314880371094,1.4294028282165527,-5.998486518859863,0.1466886103153228,0.2237621396780014,235.8500518798828,Oceania
New Zealand,2022,NZL,5131731.0,31.965866088867188,49.093711853027344,-7.603800296783447,-6.974232196807861,0.1373637467622757,0.2109655439853668,232.7096405029297,Oceania
New Zealand,2023,NZL,5172837.0,31.559814453125,46.97452163696289,-1.2702703475952148,-4.3166279792785645,0.1316453367471695,0.1959446519613266,239.7336273193359,Oceania
New Zealand,2024,NZL,5213942.0,32.47943115234375,46.2177848815918,2.9138922691345215,-1.610952615737915,0.139322280883789,0.1982536911964416,233.1244659423828,Oceania
Nicaragua,2014,NIC,6066493.0,4.719788074493408,12.494832038879396,2.9244542121887207,-10.672884941101074,0.2102703005075454,0.556654691696167,22.4462890625,North America
Nicaragua,2015,NIC,6149417.0,5.408233165740967,19.847103118896484,14.586353302001951,58.84250259399414,0.2147981524467468,0.7882651090621948,25.17820930480957,North America
Nicaragua,2016,NIC,6232664.0,5.378533840179443,20.638654708862305,-0.5491435527801514,3.9882421493530273,0.2133196741342544,0.818556010723114,25.213491439819336,North America
Nicaragua,2017,NIC,6316235.0,5.440822124481201,21.756393432617188,1.1580824851989746,5.415761470794678,0.2158767431974411,0.8632334470748901,25.203371047973633,North America
Nicaragua,2018,NIC,6400074.0,5.177980899810791,16.097763061523438,-4.83090877532959,-26.00904655456543,0.2785936594009399,0.8661165237426758,18.58614158630371,North America
Nicaragua,2019,NIC,6483660.0,5.208108901977539,15.232592582702637,0.5818486213684082,-5.374473571777344,0.2688019275665283,0.786187469959259,19.375267028808594,North America
Nicaragua,2020,NIC,6565267.0,4.641017913818359,13.456528663635254,-10.88861846923828,-11.659627914428713,0.2380647361278534,0.6902634501457214,19.49477195739746,North America
Nicaragua,2021,NIC,6644745.0,5.132574081420898,12.882447242736816,10.591554641723633,-4.266196250915527,0.2392801195383072,0.6005784273147583,21.45006561279297,North America
Nicaragua,2022,NIC,6730662.0,5.1312360763549805,13.970891952514648,-0.0260710716247558,8.449053764343262,0.2389632314443588,0.6506287455558777,21.472909927368164,North America
Nicaragua,2023,NIC,6823619.0,5.4282989501953125,14.660627365112305,5.789303779602051,4.93694543838501,0.2546263933181762,0.6876892447471619,21.318679809570312,North America
Nicaragua,2024,NIC,6916136.0,5.630345821380615,15.008501052856444,3.722107410430908,2.3728489875793457,,,,North America
Niger,2014,NER,19215917.0,2.25625991821289,31.64527702331543,8.559584617614746,-7.10267448425293,0.2303046286106109,3.2301480770111084,9.796850204467772,Africa
Niger,2015,NER,19939496.0,2.198770046234131,44.73088836669922,-2.548021078109741,41.35091400146485,0.212525263428688,4.323528289794922,10.345922470092772,Africa
Niger,2016,NER,20685758.0,2.141519069671631,37.2175407409668,-2.6037752628326416,-16.79677963256836,0.2217108756303787,3.853121757507324,9.659061431884766,Africa
Niger,2017,NER,21435449.0,2.2425029277801514,25.991708755493164,4.715526103973389,-30.16274642944336,0.2388265579938888,2.7681169509887695,9.389671325683594,Africa
Niger,2018,NER,22188074.0,1.803408980369568,17.403108596801758,-19.58053207397461,-33.043617248535156,0.2128667384386062,2.0541887283325195,8.472009658813477,Africa
Niger,2019,NER,22947765.0,2.5133650302886963,13.916905403137209,39.36743927001953,-20.032072067260746,0.2303278893232345,1.275362491607666,10.912117958068848,Africa
Niger,2020,NER,23717615.0,3.0400359630584717,12.22429084777832,20.954811096191406,-12.162285804748535,0.2758043110370636,1.109036922454834,11.022438049316406,Africa
Niger,2021,NER,24502145.0,2.588205099105835,10.247283935546877,-14.862686157226562,-16.172773361206055,0.237048253417015,0.9385271072387696,10.918474197387695,Africa
Niger,2022,NER,25311978.0,3.2007319927215576,10.360077857971191,23.666095733642575,1.100718975067139,0.2372598052024841,0.7679587602615356,13.49040985107422,Africa
Niger,2023,NER,26159863.0,3.13339900970459,9.837931632995604,-2.1036744117736816,-5.039983749389648,0.2306285202503204,0.7241042256355286,13.586346626281738,Africa
Niger,2024,NER,27032417.0,3.1699578762054443,9.522710800170898,1.1667490005493164,-3.204137086868286,,,,Africa
Nigeria,2014,NGA,185896917.0,123.9712371826172,146.78085327148438,5.596590042114258,0.9678244590759276,0.2508561909198761,0.2970114946365356,494.19244384765625,Africa
Nigeria,2015,NGA,190671883.0,110.52458953857422,133.03488159179688,-10.846585273742676,-9.364956855773926,0.2357422709465026,0.2837553918361664,468.8365173339844,Africa
Nigeria,2016,NGA,195443698.0,116.39599609375,135.2318878173828,5.31231164932251,1.651442050933838,0.2449183166027069,0.2845524549484253,475.2441711425781,Africa
Nigeria,2017,NGA,200254580.0,112.54036712646484,149.47817993164062,-3.312510251998902,10.53471565246582,0.2446396946907043,0.3249349296092987,460.02496337890625,Africa
Nigeria,2018,NGA,204938752.0,106.78572845458984,154.226806640625,-5.113399028778076,3.1767964363098145,0.2172347903251648,0.3137444257736206,491.5682678222656,Africa
Nigeria,2019,NGA,209485637.0,127.85929870605467,164.00601196289062,19.73444175720215,6.34080171585083,0.2483729720115661,0.3185897469520569,514.7874755859375,Africa
Nigeria,2020,NGA,213996185.0,124.8992919921875,177.0405731201172,-2.315044403076172,7.947611808776856,0.2627229988574981,0.3724010586738586,475.4029541015625,Africa
Nigeria,2021,NGA,218529286.0,147.77662658691406,181.3777008056641,18.316614151000977,2.44978666305542,0.2883409261703491,0.3539031445980072,512.506591796875,Africa
Nigeria,2022,NGA,223150906.0,131.44093322753906,169.92950439453125,-11.054313659667969,-6.311798095703125,0.253900408744812,0.328247606754303,517.6869506835938,Africa
Nigeria,2023,NGA,227882949.0,129.3760986328125,170.56663513183594,-1.5709280967712402,0.3749370574951172,0.2423465698957443,0.3195044994354248,533.847412109375,Africa
Nigeria,2024,NGA,232679482.0,135.82400512695312,179.3392791748047,4.983842372894287,5.143237113952637,,,,Africa
Niue,2014,NIU,1792.0,0.0073279999196529,0.0073279999196529,0.0,0.0,0.2499939501285553,0.2499939501285553,0.0293127093464136,Oceania
Niue,2015,NIU,1803.0,0.0073279999196529,0.0073279999196529,0.0,0.0,0.2311193943023681,0.2311193943023681,0.0317065566778183,Oceania
Niue,2016,NIU,1806.0,0.0073279999196529,0.0073279999196529,0.0,0.0,0.2401411980390548,0.2401411980390548,0.0305153802037239,Oceania
Niue,2017,NIU,1803.0,0.0073279999196529,0.0073279999196529,0.0,0.0,0.2462950497865677,0.2462950497865677,0.0297529324889183,Oceania
Niue,2018,NIU,1805.0,0.0073279999196529,0.0073279999196529,0.0,0.0,0.2386805415153503,0.2386805415153503,0.0307021252810955,Oceania
Niue,2019,NIU,1814.0,0.0073279999196529,0.0073279999196529,0.0,0.0,0.2227146476507187,0.2227146476507187,0.0329030901193618,Oceania
Niue,2020,NIU,1822.0,0.0073279999196529,0.0073279999196529,0.0,0.0,0.2237109690904617,0.2237109690904617,0.0327565521001815,Oceania
Niue,2021,NIU,1836.0,0.0073279999196529,0.0073279999196529,0.0,0.0,0.219315618276596,0.219315618276596,0.0334130339324474,Oceania
Niue,2022,NIU,1844.0,0.0073279999196529,0.0073279999196529,0.0,0.0,0.2138753980398178,0.2138753980398178,0.03426294028759,Oceania
Niue,2023,NIU,1841.0,0.0072929998859763,0.0072929998859763,-0.4776179790496826,-0.4776179790496826,0.2000373005867004,0.2000373005867004,0.0364582017064094,Oceania
Niue,2024,NIU,1841.0,0.0076270001009106,0.0076270001009106,4.579734802246094,4.579734802246094,,,,Oceania
North Korea,2014,PRK,25451263.0,39.82455062866211,52.293399810791016,10.1820707321167,5.7247161865234375,0.2903762757778168,0.3812914788722992,137.14808654785156,Asia
North Korea,2015,PRK,25575355.0,31.277753829956055,44.02656936645508,-21.46112823486328,-15.808558464050291,0.256572812795639,0.3611518740653991,121.9059600830078,Asia
North Korea,2016,PRK,25698325.0,34.236419677734375,45.46023941040039,9.459328651428224,3.256380558013916,0.2762271463871002,0.3667834103107452,123.94300079345705,Asia
North Korea,2017,PRK,25817710.0,69.70791625976562,81.2149658203125,103.60751342773438,78.65054321289062,0.3056772649288177,0.3561370074748993,228.0441741943359,Asia
North Korea,2018,PRK,25931153.0,62.60828399658203,73.1332015991211,-10.184836387634276,-9.951085090637209,0.3016808629035949,0.3523956537246704,207.5315093994141,Asia
North Korea,2019,PRK,26037633.0,69.51219177246094,80.29395294189453,11.027145385742188,9.791385650634766,0.3037732243537903,0.3508903086185455,228.8292236328125,Asia
North Korea,2020,PRK,26136312.0,65.57675170898438,76.05117797851562,-5.661511421203613,-5.284052848815918,0.3011177778244018,0.349214643239975,217.7777557373047,Asia
North Korea,2021,PRK,26232530.0,53.96978759765625,63.58690643310547,-17.699813842773438,-16.38931655883789,0.2922596633434295,0.3443387150764465,184.6638336181641,Asia
North Korea,2022,PRK,26328843.0,56.28948211669922,67.02423858642578,4.298138618469238,5.405712127685547,0.3094352185726166,0.368446409702301,181.910400390625,Asia
North Korea,2023,PRK,26418196.0,62.02499771118164,72.10429382324219,10.189318656921388,7.579433917999268,0.3361714482307434,0.3908005952835083,184.50405883789065,Asia
North Korea,2024,PRK,26498832.0,62.550270080566406,72.54141235351562,0.8468747138977051,0.606238842010498,,,,Asia
North Macedonia,2014,MKD,1997842.0,7.166783809661865,9.529440879821776,-3.8330793380737305,-7.588916778564453,0.2562975287437439,0.3407905399799347,27.962751388549805,Europe
North Macedonia,2015,MKD,1980366.0,6.719776153564453,9.101816177368164,-6.237220764160156,-4.487407207489014,0.2279704958200454,0.3087819516658783,29.476516723632812,Europe
North Macedonia,2016,MKD,1961268.0,6.606192111968994,8.204758644104004,-1.6902923583984375,-9.855806350708008,0.215944156050682,0.2681983411312103,30.592130661010746,Europe
North Macedonia,2017,MKD,1940877.0,7.090023040771484,8.299912452697754,7.323896884918213,1.1597394943237305,0.2408858984708786,0.2819923162460327,29.433116912841797,Europe
North Macedonia,2018,MKD,1919730.0,6.6538238525390625,7.769512176513672,-6.15229606628418,-6.390434265136719,0.2186861485242843,0.2553546130657196,30.426361083984375,Europe
North Macedonia,2019,MKD,1897643.0,7.624612808227539,8.147209167480469,14.589941024780272,4.861271381378174,0.2454998791217804,0.2623266279697418,31.05750274658203,Europe
North Macedonia,2020,MKD,1872021.0,6.979919910430908,7.3089470863342285,-8.455419540405273,-10.28895378112793,0.2519099712371826,0.2637847661972046,27.70799446105957,Europe
North Macedonia,2021,MKD,1851109.0,6.518256187438965,6.575267791748047,-6.614172458648682,-10.038095474243164,0.2247840911149978,0.2267501652240753,28.997852325439453,Europe
North Macedonia,2022,MKD,1840236.0,7.352170944213867,7.175236701965332,12.793529510498049,9.124624252319336,0.2392181307077407,0.2334612011909485,30.73417282104492,Europe
North Macedonia,2023,MKD,1831800.0,7.338385105133057,6.987776756286621,-0.1875102519989013,-2.612590789794922,0.2256592065095901,0.2148778289556503,32.51976776123047,Europe
North Macedonia,2024,MKD,1823011.0,6.619636058807373,6.131225109100342,-9.794378280639648,-12.257862091064451,0.2238701581954956,0.2073525339365005,29.569087982177734,Europe
Norway,2014,NOR,5137397.0,44.974998474121094,49.86775970458984,0.9789228439331056,1.6027450561523438,0.0829889997839927,0.0920172333717346,541.9393310546875,Europe
Norway,2015,NOR,5189777.0,45.52299880981445,50.782928466796875,1.2184500694274902,1.835191249847412,0.0828791186213493,0.0924553424119949,549.2698364257812,Europe
Norway,2016,NOR,5235974.0,44.70800018310547,50.32018280029297,-1.7903029918670654,-0.9112179279327391,0.0801744759082794,0.0902387574315071,557.6338500976562,Europe
Norway,2017,NOR,5276807.0,44.196998596191406,50.294776916503906,-1.142972707748413,-0.0504910945892334,0.0789009481668472,0.0897867679595947,560.1580200195312,Europe
Norway,2018,NOR,5311751.0,44.47200012207031,50.608795166015625,0.6222128868103027,0.6243586540222168,0.0806193724274635,0.0917442217469215,551.6292114257812,Europe
Norway,2019,NOR,5347733.0,42.86600112915039,49.43503952026367,-3.6112606525421143,-2.319270372390747,0.0830825120210647,0.0958145707845687,515.9449462890625,Europe
Norway,2020,NOR,5379275.0,41.275001525878906,47.84246444702149,-3.7115633487701416,-3.2215535640716553,0.0741847157478332,0.0859886035323143,556.3814697265625,Europe
Norway,2021,NOR,5408082.0,41.05799865722656,48.24717330932617,-0.525742769241333,0.8459210395812988,0.0721327736973762,0.084763079881668,569.2003173828125,Europe
Norway,2022,NOR,5456796.0,40.83300018310547,48.48749923706055,-0.5480051040649414,0.4981160163879394,0.0765282735228538,0.0908741652965545,533.5675048828125,Europe
Norway,2023,NOR,5519167.0,38.86899948120117,46.662109375,-4.809832572937012,-3.764665126800537,0.0704791843891143,0.084610030055046,551.4962158203125,Europe
Norway,2024,NOR,5576656.0,37.18299865722656,44.925838470458984,-4.337644577026367,-3.7209391593933105,0.0669208839535713,0.0808562263846397,555.6262817382812,Europe
Oman,2014,OMN,4002444.0,66.1900405883789,66.54962158203125,0.9194731712341307,1.4655232429504397,0.2094830423593521,0.2106210887432098,315.9684753417969,Asia
Oman,2015,OMN,4184898.0,67.88322448730469,68.12006378173828,2.5580644607543945,2.3598074913024902,0.2011805176734924,0.2018824219703674,337.4244384765625,Asia
Oman,2016,OMN,4390880.0,66.23981475830078,66.7882080078125,-2.4209320545196533,-1.9551575183868408,0.1956029236316681,0.1972223073244094,338.6443176269531,Asia
Oman,2017,OMN,4537397.0,66.34371948242188,66.85155487060547,0.1568555831909179,0.0948429107666015,0.1885215640068054,0.18996462225914,351.9158020019531,Asia
Oman,2018,OMN,4597878.0,70.67793273925781,70.9847183227539,6.5329670906066895,6.182610988616943,0.1879696100950241,0.188785508275032,376.00726318359375,Asia
Oman,2019,OMN,4591248.0,72.03490447998047,72.28148651123047,1.9199371337890625,1.8268227577209473,0.1929115206003189,0.1935718953609466,373.4090270996094,Asia
Oman,2020,OMN,4522502.0,71.84515380859375,71.99727630615234,-0.2634167671203613,-0.3931939601898193,0.1987124532461166,0.1991332173347473,361.5533447265625,Asia
Oman,2021,OMN,4500429.0,75.04139709472656,75.37303161621094,4.448795318603516,4.688715934753418,0.1883838176727295,0.1892163604497909,398.3431091308594,Asia
Oman,2022,OMN,4730229.0,77.99378967285156,78.28207397460938,3.934347629547119,3.8595199584960938,0.183704599738121,0.1843836009502411,424.5609130859375,Asia
Oman,2023,OMN,5049267.0,79.81063842773438,80.08478546142578,2.3294806480407715,2.302837371826172,0.1833208352327346,0.1839505285024643,435.3604736328125,Asia
Oman,2024,OMN,5281542.0,82.66197204589844,82.93106079101562,3.5726308822631836,3.554081916809082,0.1849779933691024,0.1855801492929458,446.8746337890625,Asia
Pakistan,2014,PAK,214264649.0,150.80950927734375,155.6455841064453,1.772451400756836,-1.1370420455932615,0.1917945146560669,0.1979448795318603,786.3077392578125,Asia
Pakistan,2015,PAK,217290884.0,144.8955535888672,175.0081787109375,-3.921473026275635,12.440180778503418,0.1747177243232727,0.2110280692577362,829.312255859375,Asia
Pakistan,2016,PAK,220138863.0,176.74098205566406,203.87564086914065,21.978187561035156,16.494930267333984,0.1962834894657135,0.2264184802770614,900.4373168945312,Asia
Pakistan,2017,PAK,223273974.0,211.9807281494141,227.4883270263672,19.938648223876953,11.581897735595703,0.2226705551147461,0.2389601618051529,951.99267578125,Asia
Pakistan,2018,PAK,226928893.0,203.4996795654297,200.0663604736328,-4.000860214233398,-12.05422306060791,0.2103399038314819,0.2067911773920059,967.4801635742188,Asia
Pakistan,2019,PAK,230800908.0,190.82586669921875,203.09169006347656,-6.227922439575195,1.512157917022705,0.1959931254386901,0.2085910886526107,973.635498046875,Asia
Pakistan,2020,PAK,235001745.0,215.50955200195312,208.28411865234375,12.935185432434082,2.5566816329956055,0.2245663553476333,0.2170372605323791,959.6697998046876,Asia
Pakistan,2021,PAK,239477805.0,243.55235290527344,233.67681884765625,13.012325286865234,12.19137954711914,0.2284706979990005,0.219206690788269,1066.0113525390625,Asia
Pakistan,2022,PAK,243700667.0,211.96971130371097,198.5706329345703,-12.967496871948242,-15.023386001586914,0.2164941579103469,0.2028090953826904,979.1012573242188,Asia
Pakistan,2023,PAK,247504505.0,186.8608856201172,171.23147583007812,-11.845481872558594,-13.76798152923584,0.2066493481397628,0.1893647909164428,904.2413330078124,Asia
Pakistan,2024,PAK,251269160.0,179.80038452148438,162.65029907226562,-3.778475522994995,-5.011445045471191,0.2023929506540298,0.1830879002809524,888.372802734375,Asia
Palau,2014,PLW,17740.0,0.2198400050401687,0.2198400050401687,-3.225809335708618,-3.225809335708618,,,,Oceania
Palau,2015,PLW,17791.0,0.2015199959278106,0.2015199959278106,-8.333331108093262,-8.333331108093262,,,,Oceania
Palau,2016,PLW,17824.0,0.2088479995727539,0.2088479995727539,3.6363601684570312,3.6363601684570312,,,,Oceania
Palau,2017,PLW,17838.0,0.2161760032176971,0.2161760032176971,3.50877046585083,3.50877046585083,,,,Oceania
Palau,2018,PLW,17843.0,0.2125120013952255,0.2125120013952255,-1.6949176788330078,-1.6949176788330078,,,,Oceania
Palau,2019,PLW,17821.0,0.2161760032176971,0.2161760032176971,1.7241358757019043,1.7241358757019043,,,,Oceania
Palau,2020,PLW,17817.0,0.2088479995727539,0.2088479995727539,-3.389829397201538,-3.389829397201538,,,,Oceania
Palau,2021,PLW,17809.0,0.2125120013952255,0.2125120013952255,1.7543911933898926,1.7543911933898926,,,,Oceania
Palau,2022,PLW,17784.0,0.2172349989414215,0.2172349989414215,2.222466468811035,2.222466468811035,,,,Oceania
Palau,2023,PLW,17751.0,0.2162089943885803,0.2162089943885803,-0.4723012447357178,-0.4723012447357178,,,,Oceania
Palau,2024,PLW,17719.0,0.2260989993810653,0.2260989993810653,4.574275016784668,4.574275016784668,,,,Oceania
Palestine,2014,PSE,4415887.0,2.8359360694885254,2.8903098106384277,16.390979766845703,18.7225341796875,0.1718835234642028,0.1751790642738342,16.49917221069336,Asia
Palestine,2015,PSE,4521564.0,3.0008161067962646,2.9805541038513184,5.813956260681152,3.1223058700561523,0.1639156490564346,0.1628088504076004,18.30707550048828,Asia
Palestine,2016,PSE,4632743.0,3.235311985015869,3.748491764068603,7.8144073486328125,25.764930725097656,0.168803334236145,0.1955786198377609,19.166162490844727,Asia
Palestine,2017,PSE,4742747.0,3.2646238803863525,3.660849094390869,0.9060025215148926,-2.3380815982818604,0.1697155982255935,0.190313845872879,19.23585319519043,Asia
Palestine,2018,PSE,4850593.0,2.956847906112671,3.1454339027404785,-9.427606582641602,-14.07911205291748,0.1601720601320266,0.1703877449035644,18.46044921875,Asia
Palestine,2019,PSE,4957773.0,3.2646238803863525,3.3616831302642822,10.408926010131836,6.875026226043701,0.1586942821741104,0.1634123623371124,20.571781158447266,Asia
Palestine,2020,PSE,5069692.0,3.3269119262695312,3.3496286869049072,1.907968521118164,-0.3585875034332275,0.1573843508958816,0.1584589928388595,21.138771057128903,Asia
Palestine,2021,PSE,5185341.0,3.634687900543213,3.650113582611084,9.251106262207031,8.97068977355957,0.1605296730995178,0.1612109690904617,22.641843795776367,Asia
Palestine,2022,PSE,5305274.0,4.702033996582031,4.726766109466553,29.365550994873047,29.49640655517578,0.202373519539833,0.2034379839897155,23.234432220458984,Asia
Palestine,2023,PSE,5409201.0,4.7553582191467285,4.787161350250244,1.1340618133544922,1.2777328491210938,0.2001052051782608,0.2014434933662414,23.76428985595703,Asia
Palestine,2024,PSE,5495447.0,4.780045986175537,4.81771183013916,0.5191564559936523,0.6381750106811523,,,,Asia
Panama,2014,PAN,3892100.0,10.688620567321776,15.491539001464844,4.039359092712402,-10.842763900756836,0.1139435768127441,0.1651439815759658,93.80625915527344,North America
Panama,2015,PAN,3960034.0,10.652059555053713,15.449665069580078,-0.3420531749725342,-0.2703011035919189,0.1055124029517173,0.1530343741178512,100.9555206298828,North America
Panama,2016,PAN,4029085.0,10.333789825439451,15.297703742980955,-2.9878735542297363,-0.9835898876190186,0.0969332754611969,0.1434959024190902,106.60725402832033,North America
Panama,2017,PAN,4098704.0,9.567928314208984,14.370149612426758,-7.41124153137207,-6.063354015350342,0.0836018770933151,0.1255623400211334,114.4463348388672,North America
Panama,2018,PAN,4167860.0,9.121047019958496,12.08731174468994,-4.670614242553711,-15.88597297668457,0.081700824201107,0.108270838856697,111.63959503173828,North America
Panama,2019,PAN,4234698.0,12.448774337768556,14.82890796661377,36.48405075073242,22.68160629272461,0.099524974822998,0.1185535714030265,125.0819091796875,North America
Panama,2020,PAN,4293258.0,6.557340145111084,11.47036075592041,-47.32541275024414,-22.648643493652344,0.0770237520337104,0.1347330212593078,85.13400268554688,North America
Panama,2021,PAN,4345410.0,10.14461612701416,13.168771743774414,54.70626449584961,14.806949615478516,0.1094254776835441,0.1420457065105438,92.70799255371094,North America
Panama,2022,PAN,4400775.0,11.70734977722168,14.152483940124512,15.404569625854492,7.470035552978516,0.1142488867044448,0.1381102949380874,102.47233581542967,North America
Panama,2023,PAN,4458758.0,13.002120971679688,15.149810791015623,11.05947494506836,7.047009468078613,0.1275486797094345,0.1486171633005142,101.93849182128906,North America
Panama,2024,PAN,4515576.0,12.664427757263184,14.669844627380373,-2.597212791442871,-3.1681299209594727,,,,North America
Papua New Guinea,2014,PNG,8523440.0,6.124889850616455,44.92782211303711,35.14887237548828,2.9511332511901855,0.2880291640758514,2.112776517868042,21.26482582092285,Oceania
Papua New Guinea,2015,PNG,8743247.0,6.316258907318115,41.920448303222656,3.1244516372680664,-6.693792343139648,0.2522424459457397,1.6741106510162354,25.04042625427246,Oceania
Papua New Guinea,2016,PNG,8961717.0,7.024071216583252,75.56615447998047,11.206186294555664,80.26083374023438,0.2623359858989715,2.8222551345825195,26.775096893310547,Oceania
Papua New Guinea,2017,PNG,9178717.0,6.550139904022217,52.21995544433594,-6.74724006652832,-30.895042419433594,0.2505019009113312,1.9970868825912476,26.1480655670166,Oceania
Papua New Guinea,2018,PNG,9394518.0,7.5959038734436035,43.412349700927734,15.965520858764648,-16.866361618041992,0.3748177289962768,2.142169952392578,20.265594482421875,Oceania
Papua New Guinea,2019,PNG,9609014.0,7.582732200622559,40.58393859863281,-0.1734077930450439,-6.515216827392578,0.3596298992633819,1.9247941970825195,21.084819793701172,Oceania
Papua New Guinea,2020,PNG,9815743.0,7.910788059234619,39.076881408691406,4.326355457305908,-3.7134408950805664,0.3908125758171081,1.9304949045181272,20.241897583007812,Oceania
Papua New Guinea,2021,PNG,10012898.0,7.873085021972656,38.27750778198242,-0.476604700088501,-2.045637369155884,0.4049910008907318,1.968992590904236,19.440149307250977,Oceania
Papua New Guinea,2022,PNG,10203177.0,8.43602466583252,34.85177993774414,7.1501851081848145,-8.949714660644531,0.3214545845985412,1.3280264139175415,26.2432861328125,Oceania
Papua New Guinea,2023,PNG,10389638.0,8.357749938964844,36.818748474121094,-0.927865505218506,5.643808841705322,0.3125829994678497,1.3770350217819214,26.737699508666992,Oceania
Papua New Guinea,2024,PNG,10576509.0,8.345441818237305,36.31352233886719,-0.1472651958465576,-1.3721942901611328,,,,Oceania
Paraguay,2014,PRY,6069819.0,5.451217174530029,46.72423553466797,5.458557605743408,-11.223488807678224,0.1496975421905517,1.2831085920333862,36.41487503051758,South America
Paraguay,2015,PRY,6159106.0,6.045473098754883,49.372562408447266,10.901344299316406,5.667996406555176,0.1435267478227615,1.172163724899292,42.120880126953125,South America
Paraguay,2016,PRY,6249129.0,7.186515808105469,46.0684814453125,18.87433624267578,-6.692147254943848,0.1501504182815551,0.9625250697135924,47.86211395263672,South America
Paraguay,2017,PRY,6338658.0,7.939465045928955,43.333702087402344,10.477245330810549,-5.936330795288086,0.1617381423711776,0.8827688694000244,49.08839416503906,South America
Paraguay,2018,PRY,6427382.0,8.503591537475586,34.06977462768555,7.105350494384766,-21.37811279296875,0.1640685647726059,0.657343327999115,51.82950210571289,South America
Paraguay,2019,PRY,6515059.0,8.268412590026855,28.77600479125977,-2.7656495571136475,-15.538030624389648,0.1606888175010681,0.5592345595359802,51.4560546875,South America
Paraguay,2020,PRY,6603741.0,7.443760871887207,24.769132614135746,-9.973514556884766,-13.924354553222656,0.1490880846977234,0.4960909783840179,49.928611755371094,South America
Paraguay,2021,PRY,6684184.0,8.186966896057129,23.592256546020508,9.984278678894045,-4.751384258270264,0.1500259637832641,0.4323274791240692,54.570335388183594,South America
Paraguay,2022,PRY,6760460.0,7.53338098526001,23.06800842285156,-7.983249664306641,-2.222120761871338,0.1441068947315216,0.4412705302238464,52.276336669921875,South America
Paraguay,2023,PRY,6844150.0,7.645687103271484,23.043720245361328,1.49078369140625,-0.1052916049957275,0.1481253653764724,0.4464424550533294,51.61632537841797,South America
Paraguay,2024,PRY,6929152.0,7.936717987060547,23.205923080444336,3.806471824645996,0.703895092010498,,,,South America
Peru,2014,PER,30115825.0,49.38801956176758,122.5097427368164,15.614771842956545,49.90314102172851,0.1837153434753418,0.4557161927223205,268.82904052734375,South America
Peru,2015,PER,30457598.0,49.20405578613281,88.5235366821289,-0.3724873065948486,-27.741634368896484,0.1746872216463089,0.3142816126346588,281.6694641113281,South America
Peru,2016,PER,30866497.0,52.69766616821289,93.58805847167967,7.100248336791992,5.721104145050049,0.1762830168008804,0.3130685687065124,298.9378662109375,South America
Peru,2017,PER,31324639.0,54.72635269165039,83.21505737304688,3.849661350250244,-11.083680152893066,0.1802638322114944,0.2741031348705292,303.5903015136719,South America
Peru,2018,PER,31897590.0,56.01356887817383,80.80239868164062,2.3520946502685547,-2.899301052093506,0.175908476114273,0.2537568509578705,318.4245300292969,South America
Peru,2019,PER,32449302.0,58.66828155517578,83.47073364257812,4.73940372467041,3.302299976348877,0.1796416044235229,0.2555864453315735,326.58514404296875,South America
Peru,2020,PER,32838577.0,47.23673629760742,65.98047637939453,-19.485050201416016,-20.95375633239746,0.1640838086605072,0.2291929870843887,287.8817443847656,South America
Peru,2021,PER,33155883.0,59.961856842041016,77.568115234375,26.93903350830078,17.562210083007812,0.1830936521291732,0.2368543893098831,327.4928283691406,South America
Peru,2022,PER,33475436.0,64.78480529785156,81.58365631103516,8.043360710144043,5.176794528961182,0.1916317343711853,0.2413222789764404,338.06927490234375,South America
Peru,2023,PER,33845616.0,66.06475067138672,83.20146179199219,1.975691318511963,1.9830107688903809,0.1924402713775634,0.2423578649759292,343.300048828125,South America
Peru,2024,PER,34217850.0,70.24665069580078,86.9290542602539,6.330001354217529,4.480195045471191,0.1876280605792999,0.2321866005659103,374.39306640625,South America
Philippines,2014,PHL,103767127.0,100.07381439208984,164.82278442382812,5.534780025482178,-5.991363525390625,0.2466846108436584,0.4062925279140472,405.6751403808594,Asia
Philippines,2015,PHL,105312988.0,111.04629516601562,169.01754760742188,10.96438217163086,2.545022964477539,0.2498499155044555,0.3802830278873443,444.4520263671875,Asia
Philippines,2016,PHL,106735721.0,120.2156219482422,177.23049926757812,8.257209777832031,4.8592209815979,0.2476517856121063,0.3651060163974762,485.4219970703125,Asia
Philippines,2017,PHL,108119691.0,133.5756072998047,188.99002075195312,11.113346099853516,6.635153293609619,0.2508382797241211,0.3548996150493622,532.516845703125,Asia
Philippines,2018,PHL,109465284.0,139.8567657470703,189.06253051757812,4.702329635620117,0.0383734703063964,0.2540805339813232,0.3434735834598541,550.4426879882812,Asia
Philippines,2019,PHL,110804685.0,142.60121154785156,188.9677734375,1.9623279571533203,-0.0501155853271484,0.2518915832042694,0.3337936997413635,566.1214599609375,Asia
Philippines,2020,PHL,112081270.0,131.45741271972656,176.66297912597656,-7.814657688140869,-6.511587142944336,0.2558741569519043,0.3438641130924225,513.7581176757812,Asia
Philippines,2021,PHL,113100947.0,140.26950073242188,179.52392578125,6.703376770019531,1.6194343566894531,0.2571122348308563,0.3290651142597198,545.5574951171875,Asia
Philippines,2022,PHL,113964343.0,150.96302795410156,193.7204742431641,7.623553276062012,7.907891273498535,0.2643931806087494,0.3392776250839233,570.979248046875,Asia
Philippines,2023,PHL,114891199.0,160.98046875,202.83734130859375,6.635689735412598,4.7061920166015625,0.2644349932670593,0.333191305398941,608.7714233398438,Asia
Philippines,2024,PHL,115843663.0,174.8780059814453,217.69021606445312,8.633052825927734,7.322561740875244,0.267986536026001,0.3335928618907928,652.5626220703125,Asia
Poland,2014,POL,38265113.0,309.41534423828125,260.48187255859375,-3.835749626159668,-4.781073570251465,0.2840355038642883,0.2391158044338226,1089.3544921875,Europe
Poland,2015,POL,38266314.0,312.5488586425781,265.0318603515625,1.012718677520752,1.7467617988586426,0.2833591401576996,0.2402798980474472,1103.0130615234375,Europe
Poland,2016,POL,38263260.0,323.30047607421875,278.8766784667969,3.439974784851074,5.223822593688965,0.2810709476470947,0.2424497753381729,1150.2451171875,Europe
Poland,2017,POL,38254964.0,336.5050964355469,293.1450500488281,4.084312915802002,5.116379261016846,0.2784971892833709,0.2426117211580276,1208.2889404296875,Europe
Poland,2018,POL,38241070.0,335.7186279296875,312.30877685546875,-0.2337157726287841,6.537282466888428,0.2747102677822113,0.2555545568466186,1222.08251953125,Europe
Poland,2019,POL,38225884.0,317.4440612792969,305.6217041015625,-5.443418025970459,-2.14117169380188,0.2673736214637756,0.2574159801006317,1187.2677001953125,Europe
Poland,2020,POL,38171005.0,302.1024169921875,273.3776550292969,-4.832863807678223,-10.550308227539062,0.2651802599430084,0.2399661391973495,1139.2342529296875,Europe
Poland,2021,POL,38040303.0,330.6937255859375,299.0461120605469,9.464109420776367,9.389376640319824,0.2700073421001434,0.2441674619913101,1224.75830078125,Europe
Poland,2022,POL,38385734.0,314.8919677734375,283.9660339355469,-4.778367042541504,-5.042719841003418,0.2653133571147918,0.2392566204071045,1186.8681640625,Europe
Poland,2023,POL,38762847.0,283.24346923828125,253.2803192138672,-10.050594329833984,-10.80612564086914,0.250020682811737,0.2235720455646515,1132.880126953125,Europe
Poland,2024,POL,38539209.0,272.86181640625,243.97621154785156,-3.665268421173096,-3.6734461784362793,0.2424211502075195,0.2167580276727676,1125.5693359375,Europe
Portugal,2014,PRT,10406203.0,47.94233322143555,43.81325912475586,-0.4234373569488525,-1.4410018920898438,0.1643134653568267,0.1501618325710296,291.77362060546875,Europe
Portugal,2015,PRT,10370264.0,52.23304748535156,47.86750411987305,8.949745178222656,9.25346565246582,0.1804111748933792,0.1653327196836471,289.5222473144531,Europe
Portugal,2016,PRT,10346377.0,50.310916900634766,47.71412658691406,-3.679913282394409,-0.3204166889190674,0.1623630970716476,0.1539827585220337,309.86669921875,Europe
Portugal,2017,PRT,10330838.0,55.165157318115234,54.320858001708984,9.648477554321287,13.846492767333984,0.1827399730682373,0.1799431592226028,301.8778991699219,Europe
Portugal,2018,PRT,10325355.0,51.340274810791016,61.06519317626953,-6.933504104614258,12.415731430053713,0.1688326001167297,0.2008130103349685,304.0898132324219,Europe
Portugal,2019,PRT,10343218.0,47.58304977416992,51.01464080810547,-7.318287849426269,-16.458724975585938,0.1623680889606475,0.1740777492523193,293.056640625,Europe
Portugal,2020,PRT,10370519.0,41.73814392089844,43.704978942871094,-12.283587455749512,-14.328551292419434,0.1573553681373596,0.1647704392671585,265.2476806640625,Europe
Portugal,2021,PRT,10390957.0,40.29984664916992,41.41916275024414,-3.446000814437866,-5.230104923248291,0.1512246429920196,0.1554248631000518,266.4899597167969,Europe
Portugal,2022,PRT,10417074.0,40.72249603271485,43.65362548828125,1.0487556457519531,5.394744873046875,0.1550862491130828,0.1662490516901016,262.5796813964844,Europe
Portugal,2023,PRT,10430735.0,37.622039794921875,41.29267120361328,-7.613616943359375,-5.408376693725586,0.1414520889520645,0.1552530080080032,265.9701843261719,Europe
Portugal,2024,PRT,10425291.0,35.53885269165039,39.65762710571289,-5.53714656829834,-3.959649801254273,0.1315074115991592,0.1467484533786773,270.2422180175781,Europe
Qatar,2014,QAT,2218378.0,91.64163970947266,91.66651916503906,0.2276539802551269,0.2074360847473144,0.1771977841854095,0.1772458851337433,517.1715087890625,Asia
Qatar,2015,QAT,2427340.0,93.31037139892578,93.3270034790039,1.8209218978881836,1.8114328384399416,0.1567149758338928,0.1567429155111313,595.4144897460938,Asia
Qatar,2016,QAT,2599382.0,91.37834167480467,91.4145050048828,-2.0705342292785645,-2.049243450164795,0.1557987630367279,0.1558604091405868,586.5151977539062,Asia
Qatar,2017,QAT,2706716.0,105.65658569335938,105.7238540649414,15.625405311584473,15.653264999389648,0.1873108595609665,0.187430128455162,564.07080078125,Asia
Qatar,2018,QAT,2761144.0,102.62140655517578,102.65779113769533,-2.8726816177368164,-2.9000699520111084,0.1789847314357757,0.1790481954813003,573.3528442382812,Asia
Qatar,2019,QAT,2797927.0,101.42957305908205,101.45211029052734,-1.1613845825195312,-1.1744678020477295,0.1733220070600509,0.1733605116605758,585.2088623046875,Asia
Qatar,2020,QAT,2803375.0,101.32923126220705,101.3460464477539,-0.0989317893981933,-0.1045465469360351,0.1973838210105896,0.1974165886640548,513.3613891601562,Asia
Qatar,2021,QAT,2814988.0,104.38568878173828,104.39813995361328,3.016364574432373,3.011560440063477,0.1922142952680587,0.1922372281551361,543.0693359375,Asia
Qatar,2022,QAT,2892466.0,109.59440612792967,109.61265563964844,4.989874362945557,4.994833469390869,0.1939711272716522,0.1940034180879593,565.0037231445312,Asia
Qatar,2023,QAT,2979086.0,119.54435729980467,119.56546020507812,9.07888412475586,9.079980850219728,0.1928864270448684,0.1929204910993576,619.7655029296875,Asia
Qatar,2024,QAT,3048429.0,125.812255859375,125.83482360839844,5.243158340454102,5.2434563636779785,0.1923882216215133,0.1924227327108383,653.9498901367188,Asia
Romania,2014,ROU,19968179.0,79.3353500366211,74.8386001586914,0.6851792335510254,1.9732236862182615,0.2092638313770294,0.1974027007818222,379.1163940429687,Europe
Romania,2015,ROU,19871018.0,78.04598999023438,66.29638671875,-1.625204086303711,-11.414182662963867,0.2047722041606903,0.1739443242549896,381.13568115234375,Europe
Romania,2016,ROU,19777049.0,76.5869140625,63.085697174072266,-1.869511604309082,-4.842936992645264,0.2009706050157547,0.165542259812355,381.0851135253906,Europe
Romania,2017,ROU,19689405.0,79.43234252929688,73.6800765991211,3.7153005599975586,16.793643951416016,0.2047563642263412,0.1899284869432449,387.9358825683594,Europe
Romania,2018,ROU,19597874.0,79.87442016601562,103.64795684814452,0.5565524101257324,40.672969818115234,0.2037347257137298,0.2643736004829407,392.0510864257813,Europe
Romania,2019,ROU,19501542.0,76.69035339355469,67.75462341308594,-3.98634672164917,-34.63004684448242,0.1998093724250793,0.1765281856060028,383.8175659179687,Europe
Romania,2020,ROU,19392467.0,73.94638061523438,68.0307846069336,-3.5779833793640137,0.4075884819030761,0.200131744146347,0.1841215044260025,369.488525390625,Europe
Romania,2021,ROU,19248159.0,77.50126647949219,60.702919006347656,4.807376861572266,-10.77139377593994,0.1987196654081344,0.1556473225355148,390.00299072265625,Europe
Romania,2022,ROU,19166776.0,73.18602752685547,54.547733306884766,-5.567961692810059,-10.139852523803713,0.2032009661197662,0.151451751589775,360.1657409667969,Europe
Romania,2023,ROU,19118482.0,67.86602020263672,47.78569030761719,-7.269149780273437,-12.39655590057373,0.1888477504253387,0.1329711079597473,359.3689880371094,Europe
Romania,2024,ROU,19015096.0,68.55139923095703,47.184234619140625,1.0098934173583984,-1.2586534023284912,0.1928465515375137,0.1327371448278427,355.4712219238281,Europe
Russia,2014,RUS,144925639.0,1637.311279296875,1764.956787109375,-0.0144004821777343,-7.044661045074463,0.2031967639923095,0.2190380990505218,8057.76171875,Europe
Russia,2015,RUS,145307612.0,1635.2435302734375,2082.6650390625,-0.1262843608856201,18.000900268554688,0.2061953395605087,0.2626127600669861,7930.55517578125,Europe
Russia,2016,RUS,145778668.0,1629.328369140625,2084.41845703125,-0.3617286682128906,0.0841975212097168,0.201498344540596,0.2577791512012481,8086.0634765625,Europe
Russia,2017,RUS,146186798.0,1661.01220703125,2089.44921875,1.944589614868164,0.2413511276245117,0.2041623443365097,0.2568233907222748,8135.74267578125,Europe
Russia,2018,RUS,146430146.0,1709.90966796875,2027.107666015625,2.9438376426696777,-2.983635663986206,0.2027831226587295,0.2404005527496338,8432.208984375,Europe
Russia,2019,RUS,146533063.0,1704.4586181640625,1969.9044189453125,-0.3187894821166992,-2.821916341781616,0.2036382853984832,0.2353521287441253,8370.0302734375,Europe
Russia,2020,RUS,146371295.0,1631.901611328125,1841.9384765625,-4.256897926330566,-6.4960479736328125,0.2020752280950546,0.2280836850404739,8075.71337890625,Europe
Russia,2021,RUS,145836172.0,1674.5242919921875,1914.7510986328125,2.611839771270752,3.9530515670776367,0.2009927779436111,0.2298271656036377,8331.265625,Europe
Russia,2022,RUS,145579889.0,1675.4608154296875,2052.19140625,0.0559329986572265,7.177972793579102,0.194216713309288,0.2378867268562317,8626.759765625,Europe
Russia,2023,RUS,145440502.0,1733.1346435546875,2119.28515625,3.442263603210449,3.269374370574951,0.1978259980678558,0.2419025599956512,8760.904296875,Europe
Russia,2024,RUS,144820421.0,1780.5244140625,2166.401611328125,2.7343392372131348,2.223217487335205,0.1967615336179733,0.2394039034843444,9049.1494140625,Europe
Rwanda,2014,RWA,11364758.0,0.829804003238678,4.12930965423584,6.542754173278809,-11.439251899719238,0.1970994174480438,0.9808152318000792,4.210078716278076,Africa
Rwanda,2015,RWA,11640026.0,0.9667819738388062,3.87944221496582,16.507266998291016,-6.051063537597656,0.2125595659017563,0.8529456853866577,4.548287391662598,Africa
Rwanda,2016,RWA,11919183.0,1.0519969463348389,3.8237032890319824,8.814298629760742,-1.4367759227752686,0.2275907397270202,0.8272261619567871,4.622319221496582,Africa
Rwanda,2017,RWA,12202062.0,1.1697239875793457,2.1487083435058594,11.190807342529297,-43.80556869506836,0.2373043447732925,0.435912936925888,4.9292144775390625,Africa
Rwanda,2018,RWA,12488000.0,1.3130749464035034,1.7071382999420166,12.255107879638672,-20.55048942565918,0.2684326469898224,0.3489912152290344,4.891636848449707,Africa
Rwanda,2019,RWA,12776102.0,1.41349196434021,3.499260425567627,7.647466659545898,104.97815704345705,0.2571033239364624,0.6364885568618774,5.497758865356445,Africa
Rwanda,2020,RWA,13065838.0,1.3943109512329102,5.148408889770508,-1.3569951057434082,47.12848663330078,0.2425906807184219,0.8957513570785522,5.747587203979492,Africa
Rwanda,2021,RWA,13355260.0,1.6990489959716797,4.554880619049072,21.85580825805664,-11.528385162353516,0.2607516944408417,0.6990339159965515,6.515964984893799,Africa
Rwanda,2022,RWA,13651025.0,1.957226037979126,4.57427453994751,15.19538116455078,0.4257798194885254,0.2879529595375061,0.6729809641838074,6.797033786773682,Africa
Rwanda,2023,RWA,13954473.0,2.01601505279541,4.440667152404785,3.003692626953125,-2.9208481311798096,0.2726936936378479,0.6006611585617065,7.392965316772461,Africa
Rwanda,2024,RWA,14256573.0,2.0335500240325928,4.321387767791748,0.8697867393493652,-2.6860594749450684,,,,Africa
Saint Helena,2014,SHN,5493.0,0.0109919998794794,,0.0,,0.2547751069068908,,0.0431439317762851,Africa
Saint Helena,2015,SHN,5529.0,0.0109919998794794,,0.0,,0.2798974215984344,,0.0392715260386467,Africa
Saint Helena,2016,SHN,5544.0,0.0146559998393058,,33.333335876464844,,0.3704321980476379,,0.0395645946264267,Africa
Saint Helena,2017,SHN,5528.0,0.0109919998794794,,-25.0,,0.2598333656787872,,0.0423040352761745,Africa
Saint Helena,2018,SHN,5507.0,0.0109919998794794,,0.0,,0.215639978647232,,0.0509738512337207,Africa
Saint Helena,2019,SHN,5485.0,0.0146559998393058,,33.333335876464844,,0.256111592054367,,0.0572250559926033,Africa
Saint Helena,2020,SHN,5451.0,0.0109919998794794,,-25.0,,0.2472723126411438,,0.0444530174136161,Africa
Saint Helena,2021,SHN,5415.0,0.0073279999196529,,-33.33333206176758,,0.152958795428276,,0.0479083284735679,Africa
Saint Helena,2022,SHN,5369.0,0.0109919998794794,,50.0,,0.2172261029481887,,0.0506016500294208,Africa
Saint Helena,2023,SHN,5316.0,0.0109700001776218,,-0.2001464366912841,,0.2102874368429184,,0.0521666929125785,Africa
Saint Helena,2024,SHN,5262.0,0.0113909998908638,,3.837740421295166,,,,,Africa
Saint Kitts and Nevis,2014,KNA,47112.0,0.2271679937839508,0.1551704108715057,1.6393423080444336,1.9253969192504885,0.2205663323402404,0.1506610363721847,1.029930591583252,North America
Saint Kitts and Nevis,2015,KNA,47108.0,0.2308319956064224,0.1553535908460617,1.6129016876220703,0.1180529594421386,0.2187616527080536,0.1472300589084625,1.05517578125,North America
Saint Kitts and Nevis,2016,KNA,47099.0,0.2381599992513656,0.174076646566391,3.17460298538208,12.051892280578612,0.2197782695293426,0.160640999674797,1.0836375951766968,North America
Saint Kitts and Nevis,2017,KNA,47075.0,0.2418240010738372,0.171585127711296,1.5384674072265625,-1.4312744140625,0.2222120761871338,0.1576695740222931,1.0882576704025269,North America
Saint Kitts and Nevis,2018,KNA,47032.0,0.2491520047187805,0.1789497435092926,3.0303001403808594,4.292106628417969,0.2245596945285797,0.1612866818904876,1.109513521194458,North America
Saint Kitts and Nevis,2019,KNA,46976.0,0.2601439952850342,0.1914073526859283,4.411768913269043,6.961512565612793,0.2309270054101944,0.1699102371931076,1.1265203952789309,North America
Saint Kitts and Nevis,2020,KNA,46896.0,0.2418240010738372,0.175102561712265,-7.042253017425537,-8.518373489379883,0.2302553802728653,0.1667258292436599,1.05024254322052,North America
Saint Kitts and Nevis,2021,KNA,46786.0,0.234495997428894,0.169936329126358,-3.0303001403808594,-2.950406074523926,0.2247086614370346,0.1628435850143432,1.0435556173324585,North America
Saint Kitts and Nevis,2022,KNA,46732.0,0.250654011964798,0.188256099820137,6.890523433685303,10.780370712280272,0.221286341547966,0.1661992222070694,1.1327134370803833,North America
Saint Kitts and Nevis,2023,KNA,46783.0,0.2501470148563385,0.1899475008249282,-0.202268362045288,0.8984565734863281,0.2241064310073852,0.1701737642288208,1.1161973476409912,North America
Saint Kitts and Nevis,2024,KNA,46867.0,0.2597570121288299,0.2017192542552948,3.841745853424072,6.19736909866333,,,,North America
Saint Lucia,2014,LCA,174145.0,0.487311989068985,0.3633222579956054,0.0,-5.408758163452148,0.2665203809738159,0.1987079679965973,1.828423023223877,North America
Saint Lucia,2015,LCA,174919.0,0.4799839854240417,0.4014644622802734,-1.5037596225738523,10.498178482055664,0.2609725892543793,0.2182806432247162,1.839212417602539,North America
Saint Lucia,2016,LCA,175651.0,0.4726560115814209,0.3591819405555725,-1.526719331741333,-10.532074928283691,0.2542612254619598,0.1932188272476196,1.8589385747909544,North America
Saint Lucia,2017,LCA,176352.0,0.4946399927139282,0.3781248033046722,4.651165008544922,5.273890495300293,0.2454448938369751,0.1876289844512939,2.0152792930603027,North America
Saint Lucia,2018,LCA,177032.0,0.5092960000038147,0.3912052810192108,2.962958812713623,3.459298610687256,0.200187012553215,0.1537695527076721,2.5441009998321533,North America
Saint Lucia,2019,LCA,177675.0,0.5019680261611938,0.386661946773529,-1.4388442039489746,-1.1613726615905762,0.1997265070676803,0.153847724199295,2.5132768154144287,North America
Saint Lucia,2020,LCA,178261.0,0.487311989068985,0.3769889771938324,-2.919715642929077,-2.5016605854034424,0.2033698260784149,0.157328724861145,2.396186351776123,North America
Saint Lucia,2021,LCA,178540.0,0.5056319832801819,0.4000355005264282,3.7593960762023926,6.113314628601074,0.2030580043792724,0.1606512516736984,2.490086317062378,North America
Saint Lucia,2022,LCA,178794.0,0.518094003200531,0.4141096770763397,2.4646401405334473,3.518235683441162,0.2044647932052612,0.1634275764226913,2.5339033603668213,North America
Saint Lucia,2023,LCA,179291.0,0.5170459747314453,0.4168355762958526,-0.2022862434387207,0.6582498550415039,0.2070690691471099,0.166936308145523,2.4969735145568848,North America
Saint Lucia,2024,LCA,179751.0,0.5369089841842651,0.4404725432395935,3.841638565063477,5.670571327209473,,,,North America
Saint Pierre and Miquelon,2014,SPM,5984.0,0.0659520030021667,,0.0,,0.1652906835079193,,0.3990061581134796,North America
Saint Pierre and Miquelon,2015,SPM,5971.0,0.0659520030021667,,0.0,,0.1652906835079193,,0.3990061581134796,North America
Saint Pierre and Miquelon,2016,SPM,5957.0,0.0659520030021667,,0.0,,0.1623470038175583,,0.4062409698963165,North America
Saint Pierre and Miquelon,2017,SPM,5946.0,0.0659520030021667,,0.0,,0.1652906835079193,,0.3990061581134796,North America
Saint Pierre and Miquelon,2018,SPM,5932.0,0.0586239993572235,,-11.11111068725586,,0.2049213796854019,,0.2860804498195648,North America
Saint Pierre and Miquelon,2019,SPM,5899.0,0.0659520030021667,,12.5,,0.2156668305397033,,0.3058050274848938,North America
Saint Pierre and Miquelon,2020,SPM,5852.0,0.0622880011796951,,-5.555558204650879,,0.2166424840688705,,0.2875151634216308,North America
Saint Pierre and Miquelon,2021,SPM,5802.0,0.0549600012600421,,-11.764705657958984,,0.2137535810470581,,0.2571184933185577,North America
Saint Pierre and Miquelon,2022,SPM,5760.0,0.0533830001950264,,-2.869361639022827,,0.21536885201931,,0.2478677928447723,North America
Saint Pierre and Miquelon,2023,SPM,5707.0,0.0532750003039836,,-0.2023100852966308,,0.2138031423091888,,0.2491778284311294,North America
Saint Pierre and Miquelon,2024,SPM,5652.0,0.0553219988942146,,3.842329978942871,,,,,North America
Saint Vincent and the Grenadines,2014,VCT,107555.0,0.2564800083637237,0.2908849716186523,18.64406967163086,-37.835716247558594,0.2702505886554718,0.3065027594566345,0.949045181274414,North America
Saint Vincent and the Grenadines,2015,VCT,106975.0,0.234495997428894,0.2123287916183471,-8.571434020996094,-27.005922317504883,0.243144229054451,0.220159500837326,0.9644317030906676,North America
Saint Vincent and the Grenadines,2016,VCT,106365.0,0.2418240010738372,0.197343036532402,3.125,-7.057809829711914,0.2506583929061889,0.2045524269342422,0.9647552371025084,North America
Saint Vincent and the Grenadines,2017,VCT,105674.0,0.2125120013952255,0.1565627157688141,-12.121212005615234,-20.66468620300293,0.1916920691728592,0.1412241756916046,1.1086113452911377,North America
Saint Vincent and the Grenadines,2018,VCT,104939.0,0.2418240010738372,0.1791329681873321,13.793098449707031,14.41611099243164,0.2271615266799926,0.1682716310024261,1.0645464658737185,North America
Saint Vincent and the Grenadines,2019,VCT,104183.0,0.2198400050401687,0.1533750295639038,-9.090906143188477,-14.379226684570312,0.2249755859375,0.1569579541683197,0.9771726727485656,North America
Saint Vincent and the Grenadines,2020,VCT,103540.0,0.2381599992513656,0.169826403260231,8.333337783813477,10.726237297058104,0.2276127189397812,0.1623053848743438,1.046338677406311,North America
Saint Vincent and the Grenadines,2021,VCT,102848.0,0.234495997428894,0.1639640033245086,-1.538461446762085,-3.4519970417022705,0.2277555167675018,0.1592509299516677,1.0295952558517456,North America
Saint Vincent and the Grenadines,2022,VCT,102063.0,0.2466979920864105,0.1766789704561233,5.203497409820557,7.754731178283691,0.2299288809299469,0.1646693497896194,1.0729317665100098,North America
Saint Vincent and the Grenadines,2023,VCT,101331.0,0.2461989969015121,0.1768394857645034,-0.2022743225097656,0.0908493995666503,0.2225594222545623,0.1598596721887588,1.1062169075012207,North America
Saint Vincent and the Grenadines,2024,VCT,100630.0,0.2556569874286651,0.1872500926256179,3.8416028022766113,5.887043476104736,,,,North America
Samoa,2014,WSM,200051.0,0.2015199959278106,0.8656566739082336,5.769228935241699,18.171369552612305,0.1728912889957428,0.742678165435791,1.1655880212783811,Oceania
Samoa,2015,WSM,201794.0,0.2271679937839508,0.6100193858146667,12.727272033691406,-29.531024932861328,0.1681023836135864,0.4514091610908508,1.3513668775558472,Oceania
Samoa,2016,WSM,203509.0,0.2381599992513656,0.4160105586051941,4.838705062866211,-31.803714752197266,0.1662347465753555,0.2903737425804138,1.4326727390289309,Oceania
Samoa,2017,WSM,205423.0,0.234495997428894,0.2514236867427826,-1.538461446762085,-39.56314849853515,0.1638907194137573,0.1757215857505798,1.4308069944381714,Oceania
Samoa,2018,WSM,207595.0,0.234495997428894,0.139085441827774,0.0,-44.680850982666016,0.1624928116798401,0.0963785499334335,1.4431161880493164,Oceania
Samoa,2019,WSM,209794.0,0.2601439952850342,0.1543643176555633,10.9375,10.98524284362793,0.165588766336441,0.0982571095228195,1.5710244178771973,Oceania
Samoa,2020,WSM,211957.0,0.234495997428894,0.1212783977389335,-9.859156608581545,-21.433656692504883,0.1722470670938491,0.0890840291976928,1.3613933324813845,Oceania
Samoa,2021,WSM,213792.0,0.2674719989299774,0.1488683074712753,14.0625,22.749244689941406,0.1942846924066543,0.1081340759992599,1.3767013549804688,Oceania
Samoa,2022,WSM,215270.0,0.235958993434906,0.0748529210686683,-11.781793594360352,-49.71870040893555,0.1657111644744873,0.0525683015584945,1.4239174127578735,Oceania
Samoa,2023,WSM,216673.0,0.2348449975252151,0.0362195633351802,-0.472116470336914,-51.61235809326172,0.1575415134429931,0.0242972411215305,1.490686297416687,Oceania
Samoa,2024,WSM,218031.0,0.2455870062112808,0.0135824996978044,4.574084281921387,-62.49954605102539,,,,Oceania
Sao Tome and Principe,2014,STP,196780.0,0.1282400041818618,0.1789864003658294,16.666675567626953,-45.425086975097656,0.2113423943519592,0.2949735820293426,0.606787919998169,Africa
Sao Tome and Principe,2015,STP,200308.0,0.1355679929256439,0.5435910224914551,5.714273452758789,203.70518493652344,0.2155904173851013,0.864459216594696,0.6288220286369324,Africa
Sao Tome and Principe,2016,STP,203702.0,0.1465599983930587,0.4091222286224365,8.108102798461914,-24.737125396728516,0.2247779667377472,0.627467691898346,0.6520211696624756,Africa
Sao Tome and Principe,2017,STP,206986.0,0.1392319947481155,0.3867718279361725,-5.000000953674316,-5.463004112243652,0.2102057486772537,0.5839294195175171,0.6623605489730835,Africa
Sao Tome and Principe,2018,STP,210198.0,0.1392319947481155,0.2437292784452438,0.0,-36.98370361328125,0.2208273708820343,0.3865641057491302,0.6305015683174133,Africa
Sao Tome and Principe,2019,STP,213405.0,0.1465599983930587,0.2198400050401687,5.263161659240723,-9.80156707763672,0.220946118235588,0.3314191699028015,0.6633291244506836,Africa
Sao Tome and Principe,2020,STP,217450.0,0.1428959965705871,0.3170092701911926,-2.499997615814209,44.20000457763672,0.2245518863201141,0.4981597363948822,0.6363607048988342,Africa
Sao Tome and Principe,2021,STP,221975.0,0.1428959965705871,0.2220750302076339,0.0,-29.946834564208984,0.2168297618627548,0.3369756639003753,0.6590239405632019,Africa
Sao Tome and Principe,2022,STP,226313.0,0.1355679929256439,0.2498481571674347,-5.128204822540283,12.506187438964844,0.2329761832952499,0.4293688237667084,0.5818963646888733,Africa
Sao Tome and Principe,2023,STP,230882.0,0.1398379951715469,0.2600172162055969,3.149712085723877,4.070091247558594,0.2328599840402603,0.4329838752746582,0.6005239486694336,Africa
Sao Tome and Principe,2024,STP,235548.0,0.1417790055274963,0.265145868062973,1.3880372047424316,1.9724369049072263,,,,Africa
Saudi Arabia,2014,SAU,28998127.0,585.109130859375,584.2847900390625,0.3311514854431152,0.3373265266418457,0.1995789706707,0.1992978006601333,2931.71728515625,Asia
Saudi Arabia,2015,SAU,29974944.0,624.5469970703125,623.8155517578125,6.740260124206543,6.7656636238098145,0.204325646162033,0.204086348414421,3056.62548828125,Asia
Saudi Arabia,2016,SAU,30717804.0,641.1741943359375,641.59375,2.6622772216796875,2.849912643432617,0.2016369998455047,0.2017689347267151,3179.843994140625,Asia
Saudi Arabia,2017,SAU,30782400.0,644.4865112304688,645.6215209960938,0.5166053771972656,0.6277799606323242,0.2025528252124786,0.2029095292091369,3181.8193359375,Asia
Saudi Arabia,2018,SAU,30365119.0,652.2041625976562,652.5943603515625,1.1974811553955078,1.080024242401123,0.2102746367454528,0.2104004323482513,3101.677734375,Asia
Saudi Arabia,2019,SAU,30472809.0,708.334716796875,708.78369140625,8.606290817260742,8.61014175415039,0.2387071698904037,0.238858476281166,2967.37939453125,Asia
Saudi Arabia,2020,SAU,30991206.0,653.564697265625,653.6008911132812,-7.732224464416504,-7.785558700561523,0.2262837439775467,0.2262962907552719,2888.252685546875,Asia
Saudi Arabia,2021,SAU,31328374.0,695.3944702148438,695.353759765625,6.40026330947876,6.38812780380249,0.2331703156232834,0.2331566661596298,2982.345703125,Asia
Saudi Arabia,2022,SAU,32175351.0,666.9935302734375,667.2189331054688,-4.0841522216796875,-4.046118259429932,0.2117403745651245,0.2118119299411773,3150.0537109375,Asia
Saudi Arabia,2023,SAU,33264289.0,677.44189453125,677.8151245117188,1.5664935111999512,1.5881061553955078,0.2116515785455703,0.2117681950330734,3200.740966796875,Asia
Saudi Arabia,2024,SAU,33962751.0,692.1334838867188,692.60546875,2.1686911582946777,2.1820664405822754,0.2103478163480758,0.2104912400245666,3290.423828125,Asia
Senegal,2014,SEN,14152103.0,8.724359512329102,27.117162704467773,11.100566864013672,308.3777770996094,0.2776751518249511,0.8630732893943787,31.41930389404297,Africa
Senegal,2015,SEN,14593335.0,9.845416069030762,18.15764045715332,12.849723815917969,-33.0400390625,0.2697519361972809,0.4974963665008545,36.4980354309082,Africa
Senegal,2016,SEN,15034517.0,10.012804985046388,16.464595794677734,1.7001748085021973,-9.324139595031738,0.2843258380889892,0.4675323069095611,35.2159538269043,Africa
Senegal,2017,SEN,15475001.0,10.757183074951172,16.661169052124023,7.434260845184326,1.1939167976379397,0.2887016832828522,0.447153091430664,37.26055145263672,Africa
Senegal,2018,SEN,15914495.0,11.330391883850098,17.11742401123047,5.328619480133057,2.7384281158447266,0.3013626933097839,0.4552845656871795,37.59719467163086,Africa
Senegal,2019,SEN,16352926.0,12.711456298828123,18.237573623657227,12.18901824951172,6.543922424316406,0.3034583032131195,0.4353823065757751,41.888641357421875,Africa
Senegal,2020,SEN,16789217.0,10.819990158081056,18.852174758911133,-14.880013465881348,3.3699631690979004,0.2910971939563751,0.5071922540664673,37.169681549072266,Africa
Senegal,2021,SEN,17220866.0,12.319013595581056,16.87354850769043,13.854206085205078,-10.495477676391602,0.2975201308727264,0.4075179994106293,41.40564727783203,Africa
Senegal,2022,SEN,17651099.0,14.13271713256836,19.558807373046875,14.722787857055664,15.914022445678713,0.3130005002021789,0.4331733882427215,45.152374267578125,Africa
Senegal,2023,SEN,18077573.0,14.081856727600098,19.81631088256836,-0.359874963760376,1.316547393798828,0.320131242275238,0.4504960179328918,43.98775863647461,Africa
Senegal,2024,SEN,18501988.0,14.091845512390137,19.978757858276367,0.0709295272827148,0.8197665214538574,,,,Africa
Serbia,2014,SRB,7227203.0,37.33103942871094,11.423848152160645,-16.2531795501709,-36.79219436645508,0.2485760301351547,0.0760679319500923,150.1795654296875,Europe
Serbia,2015,SRB,7177257.0,43.896995544433594,20.087297439575195,17.58846092224121,75.8365249633789,0.2574178278446197,0.1177945882081985,170.5281982421875,Europe
Serbia,2016,SRB,7126083.0,45.192630767822266,21.354867935180664,2.951538562774658,6.31030797958374,0.2595203518867492,0.1226311177015304,174.13906860351562,Europe
Serbia,2017,SRB,7073507.0,45.672508239746094,24.74370384216309,1.061844825744629,15.869152069091797,0.2518402934074402,0.1364379078149795,181.3550567626953,Europe
Serbia,2018,SRB,7020014.0,44.47806167602539,23.399948120117188,-2.6152431964874268,-5.430698394775391,0.2456337511539459,0.1292281448841095,181.07470703125,Europe
Serbia,2019,SRB,6966155.0,44.44451141357422,25.484411239624023,-0.0754237174987793,8.90798568725586,0.2454737573862075,0.1407542675733566,181.0560607910156,Europe
Serbia,2020,SRB,6907814.0,45.35615539550781,26.552433013916016,2.0511984825134277,4.1908860206604,0.2547546923160553,0.1491386890411377,178.03854370117188,Europe
Serbia,2021,SRB,6835429.0,43.886131286621094,24.93559455871582,-3.241068124771118,-6.089234352111816,0.235643059015274,0.1338896602392196,186.23988342285156,Europe
Serbia,2022,SRB,6791215.0,44.46240234375,26.530092239379883,1.3131022453308103,6.394469738006592,0.2493437677621841,0.1487799137830734,178.31768798828125,Europe
Serbia,2023,SRB,6773204.0,42.907318115234375,25.760385513305664,-3.497523069381714,-2.9012560844421387,0.2405750304460525,0.1444346904754638,178.35317993164062,Europe
Serbia,2024,SRB,6736217.0,42.019439697265625,25.61421012878418,-2.0692944526672363,-0.5674421787261963,,,,Europe
Seychelles,2014,SYC,104663.0,0.4580000042915344,0.4580000042915344,10.619473457336426,10.619473457336426,0.1049946770071983,0.1049946770071983,4.362125873565674,Africa
Seychelles,2015,SYC,107247.0,0.498304009437561,0.498304009437561,8.800005912780762,8.800005912780762,0.1102411746978759,0.1102411746978759,4.520125865936279,Africa
Seychelles,2016,SYC,109836.0,0.5532640218734741,0.5532640218734741,11.029410362243652,11.029410362243652,0.1098841875791549,0.1098841875791549,5.034973621368408,Africa
Seychelles,2017,SYC,112443.0,0.5752480030059814,0.5752480030059814,3.973507881164551,3.973507881164551,0.1095796450972557,0.1095796450972557,5.2495880126953125,Africa
Seychelles,2018,SYC,115053.0,0.5972319841384888,0.5972319841384888,3.8216590881347656,3.8216590881347656,0.1411253958940506,0.1411253958940506,4.231924533843994,Africa
Seychelles,2019,SYC,117662.0,0.5899040102958679,0.5899040102958679,-1.2269914150238037,-1.2269914150238037,0.1537366807460785,0.1537366807460785,3.837106466293335,Africa
Seychelles,2020,SYC,120299.0,0.5972319841384888,0.5972319841384888,1.242232322692871,1.242232322692871,0.1661450415849685,0.1661450415849685,3.594642400741577,Africa
Seychelles,2021,SYC,123000.0,0.6118879914283752,0.6118879914283752,2.4539828300476074,2.4539828300476074,0.1796322017908096,0.1796322017908096,3.4063379764556885,Africa
Seychelles,2022,SYC,125533.0,0.6289359927177429,0.6289359927177429,2.786135673522949,2.786135673522949,0.1743919402360916,0.1743919402360916,3.6064510345458984,Africa
Seychelles,2023,SYC,127961.0,0.6413090229034424,0.6413090229034424,1.9672870635986328,1.9672870635986328,0.1730155795812606,0.1730155795812606,3.706654787063598,Africa
Seychelles,2024,SYC,130436.0,0.6525710225105286,0.6525710225105286,1.7560958862304688,1.7560958862304688,,,,Africa
Sierra Leone,2014,SLE,6876385.0,1.1285120248794556,17.991485595703125,7.317078113555908,-17.38774871826172,0.2221162915229797,3.5411248207092285,5.080726146697998,Africa
Sierra Leone,2015,SLE,7037660.0,1.084144949913025,15.77235221862793,-3.9314627647399902,-12.334358215332031,0.2630774080753326,3.827301025390625,4.121011734008789,Africa
Sierra Leone,2016,SLE,7205339.0,1.1395039558410645,15.56360912322998,5.106234550476074,-1.3234734535217283,0.2700968086719513,3.689044713973999,4.218872547149658,Africa
Sierra Leone,2017,SLE,7379300.0,1.0955359935760498,14.229949951171877,-3.858518600463867,-8.569086074829102,0.2623321115970611,3.407439947128296,4.176141262054443,Africa
Sierra Leone,2018,SLE,7554568.0,1.036911964416504,12.34064483642578,-5.3511738777160645,-13.27696418762207,0.2280526310205459,2.71413254737854,4.546809673309326,Africa
Sierra Leone,2019,SLE,7731994.0,1.1175199747085571,11.873191833496094,7.773852348327637,-3.787910938262939,0.2465401291847229,2.6193878650665283,4.532811641693115,Africa
Sierra Leone,2020,SLE,7912557.0,1.1871360540390017,11.36023235321045,6.229507923126221,-4.320323467254639,0.2584904432296753,2.473610162734986,4.59257173538208,Africa
Sierra Leone,2021,SLE,8094603.0,1.4836130142211914,10.653395652770996,24.974143981933594,-6.222021579742432,0.2660740911960602,1.910601019859314,5.575939655303955,Africa
Sierra Leone,2022,SLE,8276809.0,1.4436160326004028,10.161077499389648,-2.695918083190918,-4.621231555938721,0.2605346143245697,1.8338065147399905,5.540976047515869,Africa
Sierra Leone,2023,SLE,8460523.0,1.3804349899291992,9.741573333740234,-4.376578330993652,-4.128545761108398,0.2419129163026809,1.707152009010315,5.706330299377441,Africa
Sierra Leone,2024,SLE,8642029.0,1.4342830181121826,9.587891578674316,3.9008021354675297,-1.5775799751281738,,,,Africa
Singapore,2014,SGP,5457899.0,47.599998474121094,47.909278869628906,1.276600360870361,1.3582110404968262,0.0553190000355243,0.0556784346699714,860.4638671875,Asia
Singapore,2015,SGP,5525343.0,49.400001525878906,49.52490234375,3.7815093994140625,3.3722519874572754,0.0541893206536769,0.0543263331055641,911.6187133789062,Asia
Singapore,2016,SGP,5577936.0,49.099998474121094,49.20621871948242,-0.6072878837585449,-0.6434798240661621,0.051098346710205,0.0512088872492313,960.8921508789062,Asia
Singapore,2017,SGP,5604087.0,50.099998474121094,50.20277404785156,2.0366549491882324,2.0252585411071777,0.0508064553141593,0.0509106814861297,986.0951538085938,Asia
Singapore,2018,SGP,5634366.0,50.29999923706055,50.37313079833984,0.3991961479187011,0.3393411636352539,0.0506251379847526,0.0506987459957599,993.5774536132812,Asia
Singapore,2019,SGP,5669562.0,49.0,49.073463439941406,-2.5844931602478027,-2.580082416534424,0.0502818152308464,0.050357200205326,974.5073852539062,Asia
Singapore,2020,SGP,5620151.0,46.70000076293945,46.80482864379883,-4.693877696990967,-4.622936248779297,0.0511292926967144,0.0512440651655197,913.3707275390624,Asia
Singapore,2021,SGP,5546291.0,50.099998474121094,50.20526885986328,7.280516624450684,7.265150547027588,0.054931417107582,0.0550468415021896,912.04638671875,Asia
Singapore,2022,SGP,5649888.0,48.93388366699219,49.03156661987305,-2.3275792598724365,-2.337801456451416,0.0546362772583961,0.0547453463077545,895.6299438476562,Asia
Singapore,2023,SGP,5789092.0,51.0676155090332,51.164894104003906,4.360437393188477,4.350924491882324,0.0515142269432544,0.0516123585402965,991.3303833007812,Asia
Singapore,2024,SGP,5832387.0,53.91946029663086,54.016849517822266,5.584442615509033,5.57403564453125,0.0511608272790908,0.0512532331049442,1053.9207763671875,Asia
Sint Maarten (Dutch part),2014,SXM,36695.0,0.7254719734191895,,1.5384674072265625,,,,,North America
Sint Maarten (Dutch part),2015,SXM,37490.0,0.7437919974327087,,2.5252580642700195,,,,,North America
Sint Maarten (Dutch part),2016,SXM,38274.0,0.7474560141563416,,0.4926085472106933,,,,,North America
Sint Maarten (Dutch part),2017,SXM,39012.0,0.7034879922866821,,-5.882352828979492,,,,,North America
Sint Maarten (Dutch part),2018,SXM,39736.0,0.6851680278778076,,-2.604168653488159,,,,,North America
Sint Maarten (Dutch part),2019,SXM,40410.0,0.6888319849967957,,0.5347609519958496,,,,,North America
Sint Maarten (Dutch part),2020,SXM,41027.0,0.6521919965744019,,-5.319148063659668,,,,,North America
Sint Maarten (Dutch part),2021,SXM,41593.0,0.6815040111541748,,4.494380950927734,,,,,North America
Sint Maarten (Dutch part),2022,SXM,42163.0,0.6924960017204285,,1.6129016876220703,,,,,North America
Sint Maarten (Dutch part),2023,SXM,42775.0,0.6910949945449829,,-0.2023100852966308,,,,,North America
Sint Maarten (Dutch part),2024,SXM,43372.0,0.717644989490509,,3.841733932495117,,,,,North America
Slovakia,2014,SVK,5415238.0,33.70817184448242,39.54561996459961,-5.371827125549316,-3.0386805534362793,0.1861096918582916,0.2183394283056259,181.11990356445312,Europe
Slovakia,2015,SVK,5420278.0,34.527854919433594,41.3694953918457,2.4317026138305664,4.612076282501221,0.188687190413475,0.2260752618312835,182.98992919921875,Europe
Slovakia,2016,SVK,5427262.0,34.9775505065918,43.187950134277344,1.3024091720581057,4.395639896392822,0.1893301308155059,0.23377226293087,184.74371337890625,Europe
Slovakia,2017,SVK,5435702.0,36.18394470214844,43.03745651245117,3.4490466117858887,-0.3484666347503662,0.1859451681375503,0.2211645692586898,194.59469604492188,Europe
Slovakia,2018,SVK,5443229.0,36.18406677246094,41.1303596496582,0.0003457069396972,-4.431247711181641,0.1891525834798813,0.2150093913078308,191.295654296875,Europe
Slovakia,2019,SVK,5450627.0,33.85319137573242,37.731903076171875,-6.441718101501465,-8.262645721435547,0.1831397861242294,0.2041229307651519,184.8489227294922,Europe
Slovakia,2020,SVK,5455028.0,31.17616081237793,34.30818557739258,-7.907766342163086,-9.073805809020996,0.1721247285604477,0.1894167512655258,181.1253967285156,Europe
Slovakia,2021,SVK,5442766.0,35.25132369995117,37.66304016113281,13.071405410766602,9.778583526611328,0.1805693656206131,0.1929230093955993,195.22315979003903,Europe
Slovakia,2022,SVK,5473195.0,31.58946418762207,33.57912826538086,-10.38786792755127,-10.84328842163086,0.1756015419960022,0.1866618245840072,179.8928680419922,Europe
Slovakia,2023,SVK,5518057.0,30.76624298095703,32.398521423339844,-2.605992555618286,-3.515899181365967,0.1669069081544876,0.1757619976997375,184.33175659179688,Europe
Slovakia,2024,SVK,5506759.0,29.09095764160156,30.437807083129883,-5.445206165313721,-6.05185604095459,0.1606551706790924,0.1680931746959686,181.07699584960935,Europe
Slovenia,2014,SVN,2058395.0,13.568340301513672,17.722620010375977,-10.361808776855469,-9.886968612670898,0.1637481451034546,0.2138836532831192,82.86103057861328,Europe
Slovenia,2015,SVN,2059946.0,13.658673286437988,17.886489868164062,0.6657600402832031,0.9246349334716796,0.1828090846538543,0.2393946349620819,74.71550750732422,Europe
Slovenia,2016,SVN,2061379.0,14.468011856079102,18.61342430114746,5.925452709197998,4.064154624938965,0.1811714172363281,0.233081117272377,79.85813903808594,Europe
Slovenia,2017,SVN,2062410.0,14.637192726135254,18.85203742980957,1.1693477630615234,1.2819409370422363,0.1813308447599411,0.2335458844900131,80.7209243774414,Europe
Slovenia,2018,SVN,2069484.0,14.56335163116455,17.872127532958984,-0.5044758319854736,-5.197900772094727,0.176759123802185,0.2169185876846313,82.39095306396484,Europe
Slovenia,2019,SVN,2083438.0,14.053007125854492,17.653106689453125,-3.504312038421631,-1.2254953384399414,0.175657570362091,0.2206575274467468,80.00228881835938,Europe
Slovenia,2020,SVN,2102421.0,12.872990608215332,15.70442008972168,-8.396893501281738,-11.038774490356444,0.1665428578853607,0.2031741589307785,77.29536437988281,Europe
Slovenia,2021,SVN,2113495.0,13.076157569885254,15.818807601928713,1.5782475471496582,0.7283806800842285,0.1707473248243332,0.2065606117248535,76.58191680908203,Europe
Slovenia,2022,SVN,2115231.0,12.727840423583984,15.415786743164062,-2.6637613773345947,-2.5477349758148193,0.1802765429019928,0.2183485031127929,70.60175323486328,Europe
Slovenia,2023,SVN,2118394.0,12.012164115905762,14.475470542907717,-5.622917175292969,-6.099695205688477,0.1628509014844894,0.1962463706731796,73.76172637939453,Europe
Slovenia,2024,SVN,2118692.0,12.75119400024414,14.995614051818848,6.15234375,3.593266010284424,0.1610898971557617,0.189444363117218,79.15576171875,Europe
Solomon Islands,2014,SLB,616915.0,0.3297599852085113,7.0466413497924805,-12.621360778808594,-26.312095642089844,0.217360258102417,4.644771575927734,1.5171127319335938,Oceania
Solomon Islands,2015,SLB,639423.0,0.2967840135097503,8.466733932495117,-10.000001907348633,20.152759552001953,0.2141630053520202,6.109699726104736,1.3857855796813965,Oceania
Solomon Islands,2016,SLB,662387.0,0.2931199967861175,7.75214433670044,-1.234567165374756,-8.439964294433594,0.2202447354793548,5.824812412261963,1.3308830261230469,Oceania
Solomon Islands,2017,SLB,685677.0,0.2894560098648071,8.028849601745605,-1.2499988079071045,3.5694003105163574,0.2190632075071334,6.0763139724731445,1.3213355541229248,Oceania
Solomon Islands,2018,SLB,709109.0,0.2931199967861175,6.8804426193237305,1.2658238410949707,-14.303504943847656,0.2166057974100113,5.084414958953857,1.3532416820526123,Oceania
Solomon Islands,2019,SLB,728156.0,0.2967840135097503,6.346230983734131,1.250004768371582,-7.764202117919922,0.2228119820356369,4.764462471008301,1.3319929838180542,Oceania
Solomon Islands,2020,SLB,744505.0,0.2931199967861175,5.880756378173828,-1.234567165374756,-7.334661483764648,0.2247555553913116,4.509186744689941,1.304172396659851,Oceania
Solomon Islands,2021,SLB,762594.0,0.2894560098648071,5.636514663696289,-1.2499988079071045,-4.153239727020264,0.2243871390819549,4.369442462921143,1.2899848222732544,Oceania
Solomon Islands,2022,SLB,781075.0,0.2830969989299774,5.683503150939941,-2.19687819480896,0.8336424827575684,0.2262382507324218,4.54199743270874,1.2513223886489868,Oceania
Solomon Islands,2023,SLB,800014.0,0.2817600071430206,5.620390892028809,-0.4722774028778076,-1.1104404926300049,0.2125178873538971,4.239187717437744,1.3258178234100342,Oceania
Solomon Islands,2024,SLB,819206.0,0.2946479916572571,5.549630165100098,4.574108123779297,-1.259005069732666,,,,Oceania
Somalia,2014,SOM,13339497.0,0.8866879940032959,21.78636360168457,3.4188032150268555,-9.200769424438477,0.2600928544998169,6.390610218048096,3.409121036529541,Africa
Somalia,2015,SOM,13806969.0,0.9233279824256896,21.213863372802734,4.132235050201416,-2.6277899742126465,0.261134922504425,5.999689102172852,3.535827159881592,Africa
Somalia,2016,SOM,14348741.0,0.9563040137290956,21.249588012695312,3.5714268684387207,0.1683950424194336,0.2651600241661072,5.891997814178467,3.6065165996551514,Africa
Somalia,2017,SOM,14916630.0,0.9929440021514891,21.747270584106445,3.8314223289489746,2.342081069946289,0.2759431302547455,6.04365348815918,3.5983645915985107,Africa
Somalia,2018,SOM,15452489.0,1.033247947692871,22.62421226501465,4.059028625488281,4.032421112060547,0.3032913208007812,6.64093017578125,3.4067838191986084,Africa
Somalia,2019,SOM,16030969.0,1.0698879957199097,23.59121322631836,3.5461068153381348,4.274189472198486,0.3140463531017303,6.92477560043335,3.4067838191986084,Africa
Somalia,2020,SOM,16651200.0,1.1395039558410645,24.727272033691406,6.506848335266113,4.8156023025512695,0.3578808903694153,7.766026020050049,3.1840314865112305,Africa
Somalia,2021,SOM,17271435.0,1.1541600227355957,25.838197708129883,1.286172866821289,4.492712020874023,0.347582995891571,7.781346321105957,3.320530652999878,Africa
Somalia,2022,SOM,17801895.0,1.271407961845398,27.289947509765625,10.158729553222656,5.618619918823242,0.3744688630104065,8.037731170654297,3.395230293273926,Africa
Somalia,2023,SOM,18358622.0,1.2964190244674685,28.81342315673828,1.967191696166992,5.582559108734131,0.3714332580566406,8.255250930786133,3.4903147220611572,Africa
Somalia,2024,SOM,19009155.0,1.3191850185394287,30.46611976623535,1.7560720443725586,5.7358503341674805,,,,Africa
South Africa,2014,ZAF,55594840.0,481.6378479003906,486.135009765625,5.578804016113281,4.696929454803467,0.3326124846935272,0.3357181549072265,1448.0450439453125,Africa
South Africa,2015,ZAF,56723536.0,457.4732360839844,461.5744323730469,-5.0171732902526855,-5.052214622497559,0.323207676410675,0.3261051774024963,1415.4158935546875,Africa
South Africa,2016,ZAF,57259550.0,457.04974365234375,459.13037109375,-0.0925719738006591,-0.5295038223266602,0.3088047504425049,0.3102104961872101,1480.0606689453125,Africa
South Africa,2017,ZAF,57635158.0,440.0102844238281,438.9366149902344,-3.7281453609466553,-4.3982625007629395,0.2982833981513977,0.2975555658340454,1475.1417236328125,Africa
South Africa,2018,ZAF,58613001.0,453.7659912109375,454.0854187011719,3.126227855682373,3.451251983642578,0.3218519687652588,0.32207852602005,1409.859375,Africa
South Africa,2019,ZAF,59587880.0,470.7274169921875,473.1085510253906,3.737926483154297,4.189324378967285,0.3198510408401489,0.3214689791202545,1471.708251953125,Africa
South Africa,2020,ZAF,60562374.0,435.2976684570313,438.0776062011719,-7.526600360870361,-7.404422760009766,0.3110164701938629,0.3130027055740356,1399.5968017578125,Africa
South Africa,2021,ZAF,61502602.0,439.4643859863281,442.7082214355469,0.9572148323059082,1.0570287704467771,0.3126413524150848,0.3149490654468536,1405.6502685546875,Africa
South Africa,2022,ZAF,62378417.0,428.78216552734375,432.4909973144531,-2.4307310581207275,-2.307891845703125,0.3185202777385711,0.3212753534317016,1346.169189453125,Africa
South Africa,2023,ZAF,63212386.0,436.6041870117187,440.4347534179687,1.824235916137695,1.8367409706115725,0.3191577494144439,0.3219578862190246,1367.98876953125,Africa
South Africa,2024,ZAF,64007187.0,439.83050537109375,443.6433410644531,0.7389545440673828,0.7284998893737793,0.3228132426738739,0.3256116509437561,1362.4920654296875,Africa
South Korea,2014,KOR,50539055.0,629.366455078125,627.215087890625,-0.8216798305511475,-0.3652215003967285,0.1925038844347,0.1918458640575409,3269.3701171875,Asia
South Korea,2015,KOR,50983909.0,634.1773071289062,632.2835083007812,0.7643938064575195,0.8080840110778809,0.1909879893064499,0.1904176771640777,3320.508544921875,Asia
South Korea,2016,KOR,51297836.0,637.9140625,633.601318359375,0.5892276763916016,0.2084255218505859,0.1854971945285797,0.1842431128025055,3438.94189453125,Asia
South Korea,2017,KOR,51486268.0,654.5372924804688,649.9692993164062,2.605867385864258,2.58331298828125,0.1881115287542343,0.1867987066507339,3479.51708984375,Asia
South Korea,2018,KOR,51640894.0,670.168701171875,667.2019653320312,2.388167381286621,2.6513099670410156,0.1881137192249298,0.1872809678316116,3562.572021484375,Asia
South Korea,2019,KOR,51767844.0,646.1022338867188,641.2999267578125,-3.5911083221435547,-3.882193565368652,0.1837639957666397,0.1823981404304504,3515.9345703125,Asia
South Korea,2020,KOR,51858481.0,597.63427734375,592.1395263671875,-7.501584053039551,-7.665741443634033,0.1763084232807159,0.1746874004602432,3389.709228515625,Asia
South Korea,2021,KOR,51848401.0,616.0750122070312,609.33935546875,3.085613250732422,2.904689311981201,0.172409787774086,0.1705247908830642,3573.318115234375,Asia
South Korea,2022,KOR,51782515.0,606.8772583007812,603.0690307617188,-1.4929592609405518,-1.0290265083312988,0.1676655858755111,0.1666134893894195,3619.569580078125,Asia
South Korea,2023,KOR,51748744.0,589.178466796875,585.4429321289062,-2.9163658618927,-2.9227375984191895,0.1655973345041275,0.164547398686409,3557.898193359375,Asia
South Korea,2024,KOR,51717587.0,583.6791381835938,580.0601196289062,-0.9333908557891846,-0.9194493293762208,0.1614059507846832,0.1604051738977432,3616.21826171875,Asia
South Sudan,2014,SSD,11235071.0,1.498576045036316,22.471532821655273,3.8071036338806152,-35.41108322143555,0.2295705527067184,3.442469358444214,6.527736186981201,Africa
South Sudan,2015,SSD,11107569.0,1.912608027458191,27.269502639770508,27.62836265563965,21.35132598876953,0.2390650361776352,3.408531427383423,8.000367164611816,Africa
South Sudan,2016,SSD,10830108.0,1.703760027885437,26.797874450683594,-10.919541358947754,-1.729506254196167,0.220551386475563,3.4689793586730957,7.725002288818359,Africa
South Sudan,2017,SSD,10259150.0,1.4546079635620115,23.512474060058594,-14.623653411865234,-12.259930610656738,0.2149372547864914,3.474273920059204,6.7675933837890625,Africa
South Sudan,2018,SSD,10122983.0,1.7367359399795532,22.211570739746097,19.395469665527344,-5.532824993133545,0.2206677794456482,2.82217788696289,7.870365142822266,Africa
South Sudan,2019,SSD,10423382.0,1.769711971282959,8.416831016540527,1.8987298011779783,-62.10609817504883,0.2382933050394058,1.1333338022232056,7.426612377166748,Africa
South Sudan,2020,SSD,10698471.0,1.7074240446090698,32.123497009277344,-3.5196661949157715,281.6578369140625,0.2539480328559875,4.7777814865112305,6.723517417907715,Africa
South Sudan,2021,SSD,10865786.0,1.740399956703186,23.098405838012695,1.9313335418701172,-28.094982147216797,0.2393031567335128,3.176006555557251,7.272783279418945,Africa
South Sudan,2022,SSD,11021175.0,1.634143948554993,19.258718490600582,-6.10526180267334,-16.6231746673584,0.2388617694377899,2.8150343894958496,6.841379165649414,Africa
South Sudan,2023,SSD,11483370.0,1.6662909984588623,17.5843563079834,1.9672036170959473,-8.694046974182129,0.2366692572832107,2.497568845748902,7.040588855743408,Africa
South Sudan,2024,SSD,11943410.0,1.6955519914627075,16.707143783569336,1.7560601234436035,-4.988593101501465,,,,Africa
Spain,2014,ESP,46720187.0,253.6578369140625,237.9374084472656,0.6142854690551758,0.2388715744018554,0.1632059961557388,0.1530913114547729,1554.2188720703125,Europe
Spain,2015,ESP,46683683.0,270.2480163574219,248.6892852783203,6.540381908416748,4.518783092498779,0.1717884540557861,0.1580842137336731,1573.1444091796875,Europe
Spain,2016,ESP,46732768.0,259.5546875,239.7687530517578,-3.956860303878784,-3.587019443511963,0.1639727652072906,0.1514730602502823,1582.9134521484375,Europe
Spain,2017,ESP,46868594.0,273.4838562011719,248.86636352539065,5.366575717926025,3.794324398040771,0.170709490776062,0.1553431749343872,1602.0426025390625,Europe
Spain,2018,ESP,47092817.0,268.5205993652344,247.83468627929688,-1.814830303192139,-0.4145503044128418,0.1648709326982498,0.1521698385477066,1628.6715087890625,Europe
Spain,2019,ESP,47435121.0,250.67364501953125,227.71275329589844,-6.646400451660156,-8.119094848632812,0.1582664549350738,0.1437697559595108,1583.87109375,Europe
Spain,2020,ESP,47679482.0,211.7647399902344,190.7591094970703,-15.521740913391112,-16.228187561035156,0.1488198786973953,0.1340579539537429,1422.9599609375,Europe
Spain,2021,ESP,47735670.0,228.8057098388672,228.5303649902344,8.047127723693848,19.800508499145508,0.149360790848732,0.1491810530424118,1531.8994140625,Europe
Spain,2022,ESP,47828386.0,234.2234649658203,225.67300415039065,2.367842197418213,-1.2503206729888916,0.1471100002527237,0.1417396664619445,1592.16552734375,Europe
Spain,2023,ESP,47911583.0,215.46075439453125,205.1519012451172,-8.010607719421387,-9.093290328979492,0.1372684091329574,0.1307007223367691,1569.631103515625,Europe
Spain,2024,ESP,47910533.0,220.34127807617188,209.8771209716797,2.26515531539917,2.3032784461975098,0.1356575489044189,0.1292150765657425,1624.246337890625,Europe
Sri Lanka,2014,LKA,21547454.0,17.07601547241211,29.875652313232425,20.73737335205078,2.2054314613342285,0.1988101601600647,0.3478319048881531,85.89106750488281,Asia
Sri Lanka,2015,LKA,21729975.0,19.17897605895996,35.225059509277344,12.315284729003906,17.905580520629883,0.2100649923086166,0.3858157992362976,91.30020141601562,Asia
Sri Lanka,2016,LKA,21910763.0,22.33918571472168,36.8687744140625,16.477466583251953,4.666328430175781,0.2214612811803817,0.3655014932155609,100.87174987792967,Asia
Sri Lanka,2017,LKA,22087525.0,22.167978286743164,43.86017608642578,-0.7664024829864502,18.96293258666992,0.2076985985040664,0.4109394550323486,106.73147583007812,Asia
Sri Lanka,2018,LKA,22253116.0,20.136762619018555,34.01973342895508,-9.162837028503418,-22.435945510864254,0.1792018264532089,0.3027496933937073,112.36917114257812,Asia
Sri Lanka,2019,LKA,22410552.0,21.10557556152344,32.01242446899414,4.8111677169799805,-5.900424957275391,0.186716541647911,0.2832070887088775,113.03538513183594,Asia
Sri Lanka,2020,LKA,22561808.0,20.41240882873535,29.76718521118164,-3.284287452697754,-7.01364278793335,0.1944395154714584,0.2835489809513092,104.9807586669922,Asia
Sri Lanka,2021,LKA,22700377.0,20.823087692260746,29.166309356689453,2.0119190216064453,-2.018582820892334,0.1913019865751266,0.2679512798786163,108.84929656982422,Asia
Sri Lanka,2022,LKA,22834965.0,18.37696075439453,28.26078414916992,-11.747193336486816,-3.104698657989502,0.1886615604162216,0.2901308834552765,97.40702056884766,Asia
Sri Lanka,2023,LKA,22971615.0,19.166019439697266,29.42430305480957,4.2937517166137695,4.117083549499512,0.191510871052742,0.2940137982368469,100.07797241210938,Asia
Sri Lanka,2024,LKA,23103561.0,20.825544357299805,31.18026351928711,8.658683776855469,5.967724323272705,0.187043622136116,0.2800440192222595,111.340576171875,Asia
Sudan,2014,SDN,38823324.0,13.094856262207031,58.26457595825195,-24.630714416503903,5.601108074188232,0.180182009935379,0.8017063140869141,72.67571258544922,Africa
Sudan,2015,SDN,40024433.0,14.246500968933104,52.62656784057617,8.794641494750977,-9.676563262939451,0.1858254522085189,0.6864391565322876,76.6660385131836,Africa
Sudan,2016,SDN,41259892.0,19.73725318908691,53.575687408447266,38.54106521606445,1.8035054206848145,0.2131777703762054,0.5786592960357666,92.5858917236328,Africa
Sudan,2017,SDN,42714311.0,20.30616569519043,53.10771942138672,2.8824329376220703,-0.8734703063964844,0.2178706526756286,0.5698078870773315,93.20285034179688,Africa
Sudan,2018,SDN,44230597.0,20.515953063964844,40.037601470947266,1.0331273078918457,-24.610584259033203,0.2084151357412338,0.4067294001579284,98.43792724609376,Africa
Sudan,2019,SDN,45548179.0,22.00700569152832,26.09738540649414,7.267773151397705,-34.81781005859375,0.2353572845458984,0.279102474451065,93.50466918945312,Africa
Sudan,2020,SDN,46789237.0,19.799938201904297,33.85441970825195,-10.028934478759766,29.723417282104492,0.2441972494125366,0.4175344705581665,81.08173370361328,Africa
Sudan,2021,SDN,48066930.0,19.208158493041992,27.79302024841309,-2.988797426223755,-17.904312133789062,0.2509282529354095,0.3630777597427368,76.54840087890625,Africa
Sudan,2022,SDN,49383344.0,17.528614044189453,26.045984268188477,-8.743911743164062,-6.285881996154785,0.1982517838478088,0.2945847511291504,88.41593170166016,Africa
Sudan,2023,SDN,50042800.0,17.71552276611328,26.384435653686523,1.066303253173828,1.299440860748291,0.1965640783309936,0.292750746011734,90.1259307861328,Africa
Sudan,2024,SDN,50448960.0,17.7947998046875,26.660139083862305,0.4475116729736328,1.0449528694152832,,,,Africa
Suriname,2014,SUR,575380.0,3.2009260654449463,5.688818454742432,1.570749282836914,-22.31106185913086,0.32011279463768,0.5689177513122559,9.999369621276855,South America
Suriname,2015,SUR,581634.0,2.7136199474334717,4.560348987579346,-15.22390842437744,-19.83662223815918,0.2834299802780151,0.4763156473636627,9.574216842651367,South America
Suriname,2016,SUR,587765.0,2.9135279655456543,4.832218170166016,7.366836071014404,5.96158504486084,0.3179324865341186,0.5273053646087646,9.163984298706056,South America
Suriname,2017,SUR,593720.0,2.4301838874816895,4.338322162628174,-16.58964729309082,-10.220897674560549,0.2363528460264206,0.421932965517044,10.28201675415039,South America
Suriname,2018,SUR,599519.0,2.0930960178375244,3.841263771057129,-13.870882987976074,-11.45738410949707,0.2468688786029815,0.4530554413795471,8.4785737991333,South America
Suriname,2019,SUR,605779.0,2.6323130130767822,4.409829616546631,25.761699676513672,14.801526069641112,0.2599898874759674,0.4355526864528656,10.124674797058104,South America
Suriname,2020,SUR,612320.0,2.9218220710754395,4.099651336669922,10.998272895812988,-7.033789157867432,0.311161994934082,0.4365959763526916,9.390034675598145,South America
Suriname,2021,SUR,617905.0,2.64699387550354,3.42852520942688,-9.406047821044922,-16.37032699584961,0.2451089024543762,0.3174779117107391,10.799256324768066,South America
Suriname,2022,SUR,623172.0,2.827579975128174,3.402278423309326,6.822299957275391,-0.765538215637207,0.2478100508451461,0.2981768250465393,11.410271644592283,South America
Suriname,2023,SUR,628892.0,2.868587017059326,3.2364892959594727,1.4502525329589844,-4.872888565063477,0.2555864155292511,0.2883658707141876,11.223550796508787,South America
Suriname,2024,SUR,634438.0,2.9877679347991943,3.1622841358184814,4.154694080352783,-2.292764186859131,,,,South America
Sweden,2014,SWE,9696438.0,43.38474655151367,47.703758239746094,-3.815770149230957,-2.290266752243042,0.0722144395112991,0.0794034898281097,600.776611328125,Europe
Sweden,2015,SWE,9799483.0,43.31014251708984,48.33063125610352,-0.1719594001770019,1.314091682434082,0.0696235373616218,0.07769425958395,622.0618286132812,Europe
Sweden,2016,SWE,9923281.0,43.30837631225586,48.98493576049805,-0.0040829181671142,1.3538122177124023,0.0710671693086624,0.0803821608424186,609.4005737304688,Europe
Sweden,2017,SWE,10057864.0,42.35542297363281,49.24114227294922,-2.2003889083862305,0.5230307579040527,0.0670878365635871,0.0779943093657493,631.3428344726562,Europe
Sweden,2018,SWE,10175400.0,41.85600280761719,48.902244567871094,-1.17911696434021,-0.6882429122924805,0.0687070861458778,0.0802735611796379,609.1948852539062,Europe
Sweden,2019,SWE,10279120.0,40.77248001098633,48.47816467285156,-2.588695287704468,-0.8671998977661133,0.0651505887508392,0.0774635449051857,625.8190307617188,Europe
Sweden,2020,SWE,10353682.0,36.62221908569336,44.5184326171875,-10.179072380065918,-8.168071746826172,0.0610086321830749,0.0741628557443618,600.2793579101562,Europe
Sweden,2021,SWE,10416134.0,38.56798553466797,47.19256210327149,5.313074588775635,6.006801128387451,0.0608635433018207,0.0744738578796386,633.6795654296875,Europe
Sweden,2022,SWE,10487335.0,36.34215545654297,45.76380157470703,-5.771178245544434,-3.0275166034698486,0.0584578923881053,0.0736130028963089,621.680908203125,Europe
Sweden,2023,SWE,10551493.0,36.708595275878906,45.80377960205078,1.008307933807373,0.0873565673828125,0.0612467341125011,0.0764216557145118,599.3560180664062,Europe
Sweden,2024,SWE,10606993.0,38.09665298461914,46.08736038208008,3.781282901763916,0.6191134452819824,0.0624531507492065,0.0755525976419448,610.003662109375,Europe
Switzerland,2014,CHE,8190238.0,39.24414825439453,39.128143310546875,-9.121150016784668,-9.504276275634766,0.1139362454414367,0.113599456846714,344.4395446777344,Europe
Switzerland,2015,CHE,8283940.0,38.75606155395508,38.65566635131836,-1.243722438812256,-1.2075066566467283,0.1152351200580596,0.1149366199970245,336.32159423828125,Europe
Switzerland,2016,CHE,8374903.0,39.22477722167969,39.01295852661133,1.209402084350586,0.9242892265319824,0.1240327954292297,0.123363010585308,316.24517822265625,Europe
Switzerland,2017,CHE,8453630.0,38.23400115966797,38.29148864746094,-2.525895833969116,-1.849311590194702,0.1206139251589775,0.1207952797412872,316.9949035644531,Europe
Switzerland,2018,CHE,8516341.0,36.945068359375,36.90721893310547,-3.3711671829223633,-3.615081310272217,0.1149297207593917,0.1148119866847992,321.4579162597656,Europe
Switzerland,2019,CHE,8577525.0,36.822242736816406,36.606910705566406,-0.3324508666992187,-0.81368088722229,0.109604574739933,0.1089636161923408,335.9553527832031,Europe
Switzerland,2020,CHE,8640582.0,34.34325408935547,34.03987503051758,-6.732308864593506,-7.012433052062988,0.1109270602464675,0.1099471524357795,309.6021728515625,Europe
Switzerland,2021,CHE,8707019.0,35.90244674682617,35.75222396850586,4.5400261878967285,5.030417442321777,0.1237640008330345,0.1232461482286453,290.08795166015625,Europe
Switzerland,2022,CHE,8792180.0,32.9505615234375,32.79363250732422,-8.221960067749023,-8.275264739990234,0.1107636913657188,0.1102361679077148,297.4852294921875,Europe
Switzerland,2023,CHE,8870564.0,31.97748565673828,31.843420028686523,-2.953141927719116,-2.89754867553711,0.1007899418473243,0.1003673821687698,317.26861572265625,Europe
Switzerland,2024,CHE,8921979.0,32.07170867919922,31.94401741027832,0.294649600982666,0.3159165382385254,0.0945327281951904,0.0941563546657562,339.2656555175781,Europe
Syria,2014,SYR,20273661.0,34.86931228637695,34.40145492553711,1.7888188362121582,0.5669951438903809,0.2623428702354431,0.2588229179382324,132.9150390625,Asia
Syria,2015,SYR,19424615.0,31.11540412902832,30.627065658569336,-10.765647888183594,-10.971599578857422,0.2565173208713531,0.2524914443492889,121.2994155883789,Asia
Syria,2016,SYR,19193835.0,29.16201400756836,28.969249725341797,-6.277889251708984,-5.412912368774414,0.2486131191253662,0.2469697594642639,117.29877471923828,Asia
Syria,2017,SYR,19224671.0,34.473472595214844,33.90580749511719,18.2136173248291,17.040681838989258,0.2913238108158111,0.2865266799926758,118.33385467529295,Asia
Syria,2018,SYR,19577849.0,31.77134704589844,30.69405746459961,-7.838273048400879,-9.472566604614258,0.240662544965744,0.2325022518634796,132.01617431640625,Asia
Syria,2019,SYR,20353536.0,33.491607666015625,32.76349639892578,5.4144978523254395,6.7421555519104,0.2817289233207702,0.2756041288375854,118.87883758544922,Asia
Syria,2020,SYR,21049431.0,32.344417572021484,28.931365966796875,-3.4253060817718506,-11.696344375610352,0.2876206934452057,0.2572703659534454,112.45511627197266,Asia
Syria,2021,SYR,21628837.0,32.50849914550781,26.962560653686523,0.5072951316833496,-6.805091857910156,0.2924371063709259,0.2425474226474762,111.16407012939452,Asia
Syria,2022,SYR,22462170.0,31.42333221435547,25.571081161499023,-3.338104486465454,-5.160778999328613,0.3402335047721863,0.2768687307834625,92.35813903808594,Asia
Syria,2023,SYR,23594623.0,31.673643112182617,25.55516815185547,0.7965803146362305,-0.0622332096099853,0.337563693523407,0.272355705499649,93.83011627197266,Asia
Syria,2024,SYR,24672758.0,31.7784481048584,25.38546371459961,0.3308892250061035,-0.664067268371582,,,,Asia
Taiwan,2014,TWN,23472811.0,276.9590148925781,,0.8678913116455078,,0.2076329588890075,,1333.887451171875,Asia
Taiwan,2015,TWN,23529260.0,276.2640075683594,,-0.250941514968872,,0.2072574943304062,,1332.9505615234375,Asia
Taiwan,2016,TWN,23586140.0,280.1969909667969,,1.423633098602295,,0.2091399431228637,,1339.7584228515625,Asia
Taiwan,2017,TWN,23632950.0,285.7359924316406,,1.976823806762695,,0.2131137102842331,,1340.767822265625,Asia
Taiwan,2018,TWN,23659308.0,284.1510009765625,,-0.5547046661376953,,0.2097750455141067,,1354.5511474609375,Asia
Taiwan,2019,TWN,23674137.0,274.7040100097656,,-3.324645757675171,,0.2068327218294143,,1328.145751953125,Asia
Taiwan,2020,TWN,23663461.0,272.4642028808594,,-0.8153557777404785,,0.2113491147756576,,1289.16650390625,Asia
Taiwan,2021,TWN,23558330.0,283.8209228515625,,4.168152809143066,,0.207116425037384,,1370.3448486328125,Asia
Taiwan,2022,TWN,23420107.0,273.98883056640625,,-3.464192152023315,,0.2080689519643783,,1316.8175048828125,Asia
Taiwan,2023,TWN,23317145.0,267.1268005371094,,-2.5044918060302734,,0.2126167565584182,,1256.3770751953125,Asia
Taiwan,2024,TWN,23213964.0,262.3448181152344,,-1.790153980255127,,0.2092318683862686,,1253.8472900390625,Asia
Tajikistan,2014,TJK,8425559.0,4.606222152709961,7.223013877868652,58.38276290893555,48.33910369873047,0.131546065211296,0.206277310848236,35.01603698730469,Asia
Tajikistan,2015,TJK,8643839.0,5.306567192077637,8.313098907470703,15.204322814941406,15.091824531555176,0.1547946184873581,0.2424963116645813,34.281341552734375,Asia
Tajikistan,2016,TJK,8865623.0,6.015883922576904,9.401089668273926,13.366783142089844,13.087665557861328,0.1617692708969116,0.2527986764907837,37.18804931640625,Asia
Tajikistan,2017,TJK,9085942.0,6.879487991333008,8.730504035949707,14.35539722442627,-7.133066654205322,0.1822477132081985,0.2312838435173034,37.748008728027344,Asia
Tajikistan,2018,TJK,9307345.0,8.080877304077148,9.117423057556152,17.463361740112305,4.431807994842529,0.1987511664628982,0.2242452502250671,40.65826416015625,Asia
Tajikistan,2019,TJK,9529970.0,8.714167594909668,9.377608299255373,7.836902141571045,2.853715419769287,0.1973834186792373,0.212410882115364,44.148433685302734,Asia
Tajikistan,2020,TJK,9749312.0,9.423311233520508,9.847455978393556,8.137822151184082,5.010318756103516,0.2033454924821853,0.2124980986118316,46.34138107299805,Asia
Tajikistan,2021,TJK,9966912.0,9.38433837890625,9.636788368225098,-0.4135787487030029,-2.1393120288848877,0.2017792612314224,0.20720736682415,46.50794219970703,Asia
Tajikistan,2022,TJK,10182228.0,10.520922660827637,10.670377731323242,12.111509323120115,10.725461959838867,0.214160606265068,0.2172028720378875,49.12632369995117,Asia
Tajikistan,2023,TJK,10389807.0,10.26428508758545,10.364604949951172,-2.4393081665039062,-2.86562442779541,0.2081905305385589,0.2102253288030624,49.302364349365234,Asia
Tajikistan,2024,TJK,10590930.0,10.739768028259276,10.809786796569824,4.632401466369629,4.295217990875244,,,,Asia
Tanzania,2014,TZA,50351506.0,10.99743366241455,131.65760803222656,-2.257835865020752,6.879079341888428,0.2375539243221283,2.843916177749634,46.29447555541992,Africa
Tanzania,2015,TZA,52020958.0,12.782671928405762,124.83050537109376,16.233217239379883,-5.185496807098389,0.2617906630039215,2.5565438270568848,48.82783889770508,Africa
Tanzania,2016,TZA,53824012.0,13.529452323913574,122.2185287475586,5.842125415802002,-2.0924150943756104,0.2525583505630493,2.2814900875091553,53.569610595703125,Africa
Tanzania,2017,TZA,55652888.0,13.513486862182615,127.33439636230467,-0.1179993152618408,4.185843467712402,0.2802227139472961,2.640472412109375,48.224098205566406,Africa
Tanzania,2018,TZA,57437134.0,14.233062744140623,122.891845703125,5.324876308441162,-3.48888635635376,0.251965194940567,2.1755306720733643,56.48821258544922,Africa
Tanzania,2019,TZA,59174889.0,16.19084930419922,120.50438690185548,13.755202293395996,-1.9427359104156496,0.2615548074245453,1.9466861486434937,61.902320861816406,Africa
Tanzania,2020,TZA,60972803.0,15.952437400817873,93.62205505371094,-1.4725089073181152,-22.308176040649418,0.2684011161327362,1.5751991271972656,59.435062408447266,Africa
Tanzania,2021,TZA,62830410.0,17.677692413330078,78.40962982177734,10.81498908996582,-16.248762130737305,0.2625302076339721,1.164456129074097,67.3358383178711,Africa
Tanzania,2022,TZA,64711822.0,19.702383041381836,87.443115234375,11.453378677368164,11.520886421203612,0.2564612030982971,1.1382259130477903,76.82403564453125,Africa
Tanzania,2023,TZA,66617607.0,20.309608459472656,91.4045867919922,3.081977367401123,4.530346393585205,0.2542510032653808,1.1442714929580688,79.8801498413086,Africa
Tanzania,2024,TZA,68560162.0,20.01836395263672,99.04000091552734,-1.4340221881866455,8.353424072265625,,,,Africa
Thailand,2014,THA,70216362.0,272.4876403808594,349.73114013671875,3.311479091644287,5.753827095031738,0.2007764130830764,0.2576915621757507,1357.1695556640625,Asia
Thailand,2015,THA,70540787.0,277.0987243652344,339.7840576171875,1.692211627960205,-2.8442025184631348,0.2011684626340866,0.2466768473386764,1377.4461669921875,Asia
Thailand,2016,THA,70859835.0,284.04547119140625,339.8197021484375,2.5069594383239746,0.0104904174804687,0.2020853757858276,0.2417661994695663,1405.5716552734375,Asia
Thailand,2017,THA,71160183.0,283.3476257324219,337.0189208984375,-0.2456843852996826,-0.8242011070251465,0.1977741718292236,0.2352362722158432,1432.6826171875,Asia
Thailand,2018,THA,71376081.0,288.3049011230469,377.3447570800781,1.7495393753051758,11.9654541015625,0.1950145661830902,0.2552427351474762,1478.376220703125,Asia
Thailand,2019,THA,71522264.0,281.87744140625,416.8512878417969,-2.2293925285339355,10.469615936279297,0.1904905438423156,0.2817048132419586,1479.7451171875,Asia
Thailand,2020,THA,71641484.0,271.9233093261719,415.7531433105469,-3.531372547149658,-0.2634406089782715,0.1970981210470199,0.3013502955436706,1379.6341552734375,Asia
Thailand,2021,THA,71727338.0,267.1418151855469,357.08648681640625,-1.7583966255187988,-14.11093521118164,0.192629337310791,0.2574862241744995,1386.81787109375,Asia
Thailand,2022,THA,71735321.0,272.5733642578125,378.1493835449219,2.033209800720215,5.898535251617432,0.1963954418897628,0.2724653780460357,1387.88037109375,Asia
Thailand,2023,THA,71702436.0,264.7336730957031,375.3752746582031,-2.876180410385132,-0.7336020469665527,0.1907050907611847,0.270407497882843,1388.1837158203125,Asia
Thailand,2024,THA,71668010.0,267.76019287109375,379.9998779296875,1.1432290077209473,1.231992244720459,0.1884547770023346,0.2674512267112732,1420.8193359375,Asia
Togo,2014,TGO,7472457.0,1.4906020164489746,5.543609142303467,-8.844173431396484,-10.02625846862793,0.1705430001020431,0.6342563033103943,8.74032974243164,Africa
Togo,2015,TGO,7663199.0,1.7983609437942505,4.754000186920166,20.64661979675293,-14.24359130859375,0.2942392230033874,0.777826726436615,6.111900806427002,Africa
Togo,2016,TGO,7858297.0,2.292639970779419,4.736748218536377,27.484966278076172,-0.3628969192504883,0.2649673521518707,0.5474402904510498,8.65253734588623,Africa
Togo,2017,TGO,8057138.0,1.9119819402694704,5.6216721534729,-16.60348129272461,18.682098388671875,0.2342756688594818,0.6888250112533569,8.161248207092285,Africa
Togo,2018,TGO,8258782.0,2.033828020095825,4.565651893615723,6.3727617263793945,-18.78480339050293,0.2055953294038772,0.4615320265293121,9.892383575439451,Africa
Togo,2019,TGO,8463070.0,2.363701105117798,3.8483541011810303,16.219318389892578,-15.71074676513672,0.2493410855531692,0.4059535264968872,9.47978973388672,Africa
Togo,2020,TGO,8669721.0,2.751281976699829,4.162545204162598,16.397212982177734,8.164299011230469,0.304541528224945,0.460755318403244,9.03417682647705,Africa
Togo,2021,TGO,8878382.0,2.620181083679199,4.029208660125732,-4.765087127685547,-3.2032370567321777,0.2367197871208191,0.3640181720256805,11.068702697753906,Africa
Togo,2022,TGO,9089742.0,2.7386670112609863,4.283263206481934,4.522049427032471,6.3053131103515625,0.2325619757175445,0.3637259006500244,11.776073455810549,Africa
Togo,2023,TGO,9304346.0,2.6710128784179688,4.493706703186035,-2.4703264236450195,4.913163185119629,0.2158689647912979,0.363177478313446,12.37330722808838,Africa
Togo,2024,TGO,9515238.0,2.75358510017395,4.793700218200684,3.09140682220459,6.675863265991211,,,,Africa
Tonga,2014,TON,106627.0,0.1062560006976127,0.2018497437238693,-3.333336114883423,-3.112912178039551,0.1962252408266067,0.3727602660655975,0.5415001511573792,Oceania
Tonga,2015,TON,106110.0,0.1062560006976127,0.1753590255975723,0.0,-13.123977661132812,0.1880753487348556,0.3103891611099243,0.5649650692939758,Oceania
Tonga,2016,TON,105536.0,0.1392319947481155,0.1946683079004287,31.034481048583984,11.01127815246582,0.2327710390090942,0.3254506587982178,0.5981500148773193,Oceania
Tonga,2017,TON,105373.0,0.1428959965705871,0.1891356855630874,2.6315808296203613,-2.842080593109131,0.2012571096420288,0.2663818597793579,0.7100171446800232,Oceania
Tonga,2018,TON,105590.0,0.1319040060043335,0.1711454391479492,-7.692307472229004,-9.511822700500488,0.2143240422010421,0.2780854403972626,0.6154419183731079,Oceania
Tonga,2019,TON,105688.0,0.1612160056829452,0.1948515176773071,22.22222137451172,13.851428031921388,0.237494558095932,0.2870445549488067,0.6788197755813599,Oceania
Tonga,2020,TON,105721.0,0.1392319947481155,0.1678844839334488,-13.636362075805664,-13.839787483215332,0.1759374737739563,0.2121435552835464,0.7913720607757568,Oceania
Tonga,2021,TON,105504.0,0.1392319947481155,0.1637807935476303,0.0,-2.4443507194519043,0.174958735704422,0.2058067172765731,0.7957990765571594,Oceania
Tonga,2022,TON,105053.0,0.1465599983930587,0.1677379161119461,5.263161659240723,2.416110038757324,0.2173834443092346,0.2487953454256057,0.6742003560066223,Oceania
Tonga,2023,TON,104613.0,0.1458680033683776,0.1640780717134475,-0.4721641540527344,-2.1818816661834717,0.2044708281755447,0.2299968600273132,0.7133927345275879,Oceania
Tonga,2024,TON,104192.0,0.1525399982929229,0.1681486368179321,4.574000835418701,2.4808645248413086,,,,Oceania
Trinidad and Tobago,2014,TTO,1421135.0,46.865814208984375,46.385284423828125,2.328658103942871,2.578103542327881,0.2048023343086242,0.2027024030685424,228.8343963623047,North America
Trinidad and Tobago,2015,TTO,1429190.0,45.53367614746094,45.19215774536133,-2.842456102371216,-2.5722146034240723,0.2054434418678283,0.2039025276899337,221.6360626220703,North America
Trinidad and Tobago,2016,TTO,1437031.0,39.86735534667969,39.55140686035156,-12.444239616394045,-12.481695175170898,0.2036411613225937,0.2020273059606552,195.7725830078125,North America
Trinidad and Tobago,2017,TTO,1445265.0,40.29689407348633,39.9974365234375,1.077425479888916,1.1277198791503906,0.1946080178022384,0.1931618303060531,207.0669708251953,North America
Trinidad and Tobago,2018,TTO,1470522.0,40.30735778808594,40.027244567871094,0.025951862335205,0.0745296478271484,0.2077285647392273,0.2062849700450897,194.03857421875,North America
Trinidad and Tobago,2019,TTO,1484898.0,40.75453567504883,40.49640655517578,1.1094212532043457,1.1721134185791016,0.2087800651788711,0.2074576914310455,195.2032012939453,North America
Trinidad and Tobago,2020,TTO,1481026.0,35.04307174682617,34.80590057373047,-14.01430320739746,-14.051884651184082,0.2069351077079773,0.2055345475673675,169.3433074951172,North America
Trinidad and Tobago,2021,TTO,1487715.0,36.38881301879883,36.17124557495117,3.840243816375733,3.922736644744873,0.2101888954639434,0.2089321911334991,173.1243133544922,North America
Trinidad and Tobago,2022,TTO,1495923.0,37.492889404296875,37.29513931274414,3.0341029167175293,3.107154369354248,0.2166511416435241,0.2155084758996963,173.05648803710938,North America
Trinidad and Tobago,2023,TTO,1502938.0,35.5359001159668,35.355411529541016,-5.219626426696777,-5.2010178565979,0.2167844921350479,0.2156834304332733,163.92271423339844,North America
Trinidad and Tobago,2024,TTO,1507778.0,34.57627868652344,34.41172790527344,-2.7004241943359375,-2.669137716293335,0.216362714767456,0.2153330147266388,159.80703735351562,North America
Tunisia,2014,TUN,11274295.0,29.874574661254883,28.29220199584961,3.827583789825439,3.3737659454345703,0.277660608291626,0.2629536986351013,107.5938491821289,Africa
Tunisia,2015,TUN,11402270.0,31.380537033081055,31.048871994018555,5.040955543518066,9.743571281433104,0.2821577191352844,0.2791755497455597,111.21630096435548,Africa
Tunisia,2016,TUN,11528676.0,30.97148323059082,33.86205291748047,-1.3035297393798828,9.060489654541016,0.2791606783866882,0.3052147328853607,110.94500732421876,Africa
Tunisia,2017,TUN,11650504.0,31.676916122436523,32.29452133178711,2.277684211730957,-4.629170894622803,0.2694419920444488,0.2746953070163727,117.56488037109376,Africa
Tunisia,2018,TUN,11765515.0,31.1217098236084,31.392772674560547,-1.752716302871704,-2.7922630310058594,0.2594708800315857,0.261730819940567,119.9429702758789,Africa
Tunisia,2019,TUN,11875084.0,30.578563690185547,30.74278450012207,-1.745229959487915,-2.0705044269561768,0.2511060535907745,0.2524546086788177,121.77549743652344,Africa
Tunisia,2020,TUN,11974058.0,28.844812393188477,29.01797103881836,-5.669826507568359,-5.61046028137207,0.256786972284317,0.2583285272121429,112.32972717285156,Africa
Tunisia,2021,TUN,12048625.0,31.526714324951172,31.754613876342773,9.297693252563477,9.430849075317385,0.2567951381206512,0.258651465177536,122.7698974609375,Africa
Tunisia,2022,TUN,12119338.0,30.78493309020996,30.903573989868164,-2.3528635501861572,-2.680051326751709,0.2518193125724792,0.2527897953987121,122.25008392333984,Africa
Tunisia,2023,TUN,12200434.0,31.737823486328125,31.23669815063477,3.0953168869018555,1.0779500007629397,0.2629714906215668,0.2588192820549011,120.68922424316406,Africa
Tunisia,2024,TUN,12277103.0,32.6636962890625,31.34359359741211,2.9172539710998535,0.3422141075134277,,,,Africa
Turkey,2014,TUR,78036154.0,367.2716369628906,354.80487060546875,4.745149612426758,2.403581142425537,0.2525323033332824,0.2439602613449096,1454.3551025390625,Asia
Turkey,2015,TUR,80014222.0,387.7038879394531,383.5491333007813,5.563259124755859,8.10142707824707,0.2439891248941421,0.2413744330406189,1589.021240234375,Asia
Turkey,2016,TUR,81652087.0,405.55224609375,396.3988342285156,4.60360050201416,3.350222110748291,0.2429563999176025,0.2374728173017501,1669.2388916015625,Asia
Turkey,2017,TUR,83083667.0,430.6216735839844,423.326171875,6.181550025939941,6.7929863929748535,0.2409285753965377,0.2368468344211578,1787.341552734375,Asia
Turkey,2018,TUR,84415966.0,423.81829833984375,385.2142028808594,-1.579892635345459,-9.00297737121582,0.2370516806840896,0.2154595106840133,1787.8729248046875,Asia
Turkey,2019,TUR,85357670.0,406.5677490234375,378.3685607910156,-4.07027006149292,-1.7770946025848389,0.2198699116706848,0.2046199440956115,1849.128662109375,Asia
Turkey,2020,TUR,86091691.0,416.32806396484375,416.0843811035156,2.400660514831543,9.968006134033203,0.2285219877958297,0.2283882349729538,1821.829345703125,Asia
Turkey,2021,TUR,86686254.0,457.3772888183594,477.3544921875,9.859824180603027,14.72541046142578,0.2344414740800857,0.2446813434362411,1950.923095703125,Asia
Turkey,2022,TUR,87058469.0,443.6026916503906,443.9125061035156,-3.0116498470306396,-7.0056915283203125,0.2252876907587051,0.2254450470209121,1969.0498046875,Asia
Turkey,2023,TUR,87270502.0,486.944580078125,480.79339599609375,9.770429611206056,8.308148384094238,0.2482516765594482,0.2451157122850418,1961.49560546875,Asia
Turkey,2024,TUR,87473800.0,513.0346069335938,503.5105590820313,5.3578972816467285,4.724931716918945,0.2451124787330627,0.2405621856451034,2093.057861328125,Asia
Turkmenistan,2014,TKM,6075286.0,62.79934310913086,62.72089767456055,-2.394014596939087,1.050710678100586,0.2213561981916427,0.2210796922445297,283.7026672363281,Asia
Turkmenistan,2015,TKM,6215773.0,63.0916748046875,66.59779357910156,0.4655003547668457,6.181192398071289,0.1957860738039016,0.2066662758588791,322.2480163574219,Asia
Turkmenistan,2016,TKM,6360041.0,62.09092330932617,63.03443908691406,-1.5861868858337402,-5.350560188293457,0.1780819445848465,0.1807880401611328,348.6648864746094,Asia
Turkmenistan,2017,TKM,6507065.0,62.956573486328125,62.92366790771485,1.3941645622253418,-0.1757323741912841,0.1945657879114151,0.1944641023874282,323.5747375488281,Asia
Turkmenistan,2018,TKM,6655523.0,61.301658630371094,61.033199310302734,-2.6286542415618896,-3.0043840408325195,0.167762354016304,0.1670276671648025,365.4077453613281,Asia
Turkmenistan,2019,TKM,6803943.0,62.25421524047851,61.72465896606445,1.5538811683654783,1.1329293251037598,0.1775257736444473,0.1760156899690628,350.6770324707031,Asia
Turkmenistan,2020,TKM,6949915.0,62.90496826171875,62.27369689941406,1.0453104972839355,0.8894920349121094,0.1415945291519165,0.1401735693216323,444.26129150390625,Asia
Turkmenistan,2021,TKM,7092042.0,91.69364166259766,91.0413055419922,45.76533889770508,46.1954345703125,0.2061472237110138,0.2046806216239929,444.796875,Asia
Turkmenistan,2022,TKM,7230197.0,102.06282806396484,102.01263427734376,11.308515548706056,12.050938606262209,0.216339886188507,0.2162334769964218,471.770751953125,Asia
Turkmenistan,2023,TKM,7364437.0,95.42076873779295,95.18854522705078,-6.507820129394531,-6.689453125,0.2176269590854644,0.2170973122119903,438.4602661132813,Asia
Turkmenistan,2024,TKM,7494494.0,81.00555419921875,80.68370056152344,-15.107000350952148,-15.23801040649414,0.2182470858097076,0.2173799574375152,371.1644287109375,Asia
Turks and Caicos Islands,2014,TCA,35077.0,0.307776004076004,,7.692313194274902,,0.3718037009239197,,0.827791690826416,North America
Turks and Caicos Islands,2015,TCA,36632.0,0.3151040077209472,,2.380955219268799,,0.3693505823612213,,0.8531298637390137,North America
Turks and Caicos Islands,2016,TCA,38342.0,0.3260959982872009,,3.4883737564086914,,0.369540274143219,,0.882436990737915,North America
Turks and Caicos Islands,2017,TCA,39931.0,0.351743996143341,,7.865166664123535,,0.3682627081871032,,0.955144226551056,North America
Turks and Caicos Islands,2018,TCA,41580.0,0.3590719997882843,,2.0833373069763184,,0.1925713121891021,,1.8646184206008911,North America
Turks and Caicos Islands,2019,TCA,43191.0,0.3627359867095947,,1.0204076766967771,,0.1926594823598861,,1.8827829360961912,North America
Turks and Caicos Islands,2020,TCA,44405.0,0.3590719997882843,,-1.0101020336151123,,0.1939175575971603,,1.851673483848572,North America
Turks and Caicos Islands,2021,TCA,45262.0,0.3664000034332275,,2.0408153533935547,,0.1932334750890731,,1.896151781082153,North America
Turks and Caicos Islands,2022,TCA,45869.0,0.3655659854412079,,-0.2276182174682617,,0.1936709433794021,,1.8875625133514404,North America
Turks and Caicos Islands,2023,TCA,46221.0,0.3648270070552826,,-0.2021551132202148,,0.1962243318557739,,1.85923433303833,North America
Turks and Caicos Islands,2024,TCA,46563.0,0.3788419961929321,,3.841543197631836,,,,,North America
Tuvalu,2014,TUV,11007.0,0.0073279999196529,0.0073279999196529,0.0,0.0,,,0.0,Oceania
Tuvalu,2015,TUV,10985.0,0.0073279999196529,0.0073279999196529,0.0,0.0,,,0.0,Oceania
Tuvalu,2016,TUV,10951.0,0.0073279999196529,0.0073279999196529,0.0,0.0,,,0.0,Oceania
Tuvalu,2017,TUV,10892.0,0.0073279999196529,0.0073279999196529,0.0,0.0,,,0.0,Oceania
Tuvalu,2018,TUV,10775.0,0.0109919998794794,0.0109919998794794,50.0,50.0,,,0.0,Oceania
Tuvalu,2019,TUV,10603.0,0.0109919998794794,0.0109919998794794,0.0,0.0,,,0.0,Oceania
Tuvalu,2020,TUV,10423.0,0.0109919998794794,0.0109919998794794,0.0,0.0,,,0.0,Oceania
Tuvalu,2021,TUV,10214.0,0.0109919998794794,0.0109919998794794,0.0,0.0,,,0.0,Oceania
Tuvalu,2022,TUV,10012.0,0.0109919998794794,0.0109919998794794,0.0,0.0,,,0.0,Oceania
Tuvalu,2023,TUV,9837.0,0.0109400004148483,0.0109400004148483,-0.4730701446533203,-0.4730701446533203,,,0.0,Oceania
Tuvalu,2024,TUV,9669.0,0.0114399995654821,0.0114399995654821,4.5703887939453125,4.5703887939453125,,,,Oceania
Uganda,2014,UGA,36395542.0,4.08966588973999,14.381658554077148,8.926177024841309,-9.84656810760498,0.18187016248703,0.6395618915557861,22.48673439025879,Africa
Uganda,2015,UGA,37531444.0,4.5285491943359375,12.346792221069336,10.73150634765625,-14.149040222167969,0.1970424950122833,0.5372234582901001,22.982601165771484,Africa
Uganda,2016,UGA,38799153.0,4.817419052124023,12.464590072631836,6.3788652420043945,0.9540796279907228,0.2011909782886505,0.5205615758895874,23.944507598876953,Africa
Uganda,2017,UGA,40177384.0,5.4062018394470215,11.98326587677002,12.221956253051758,-3.861528635025024,0.2086018472909927,0.4623821675777435,25.91636657714844,Africa
Uganda,2018,UGA,41565839.0,5.548648834228516,12.051369667053224,2.634882926940918,0.5683302879333496,0.1988176703453064,0.4318213760852813,27.90822982788086,Africa
Uganda,2019,UGA,42999636.0,5.761237144470215,11.896056175231934,3.831350803375244,-1.2887656688690186,0.2019839286804199,0.4170653223991394,28.523242950439453,Africa
Uganda,2020,UGA,44457148.0,5.571383953094482,11.24893569946289,-3.2953500747680664,-5.439787864685059,0.2041374593973159,0.412164956331253,27.292316436767575,Africa
Uganda,2021,UGA,45910931.0,6.232326984405518,11.547216415405272,11.86317253112793,2.6516318321228027,0.2069037109613418,0.3833498954772949,30.121871948242188,Africa
Uganda,2022,UGA,47312718.0,6.128251075744629,11.098540306091309,-1.6699373722076416,-3.8855791091918945,0.1953046768903732,0.3537056148052215,31.377901077270508,Africa
Uganda,2023,UGA,48656606.0,6.235860824584961,10.98854637145996,1.755964756011963,-0.99107027053833,0.1941632181406021,0.3421454429626465,32.11659240722656,Africa
Uganda,2024,UGA,50015091.0,6.333809852600098,10.901389122009276,1.570737361907959,-0.7931649684906006,,,,Africa
Ukraine,2014,UKR,45972379.0,257.70306396484375,264.86199951171875,-13.388835906982422,-13.87205696105957,0.2132648676633834,0.2191893309354782,1208.370849609375,Europe
Ukraine,2015,UKR,45784904.0,223.8498077392578,242.59434509277344,-13.13653564453125,-8.407264709472656,0.2230895459651947,0.2417704313993454,1003.4078979492188,Europe
Ukraine,2016,UKR,45616831.0,234.10565185546875,243.3836669921875,4.581570625305176,0.3253579139709472,0.2229587435722351,0.2317949831485748,1049.995361328125,Europe
Ukraine,2017,UKR,45436037.0,223.2877655029297,232.86187744140625,-4.620945453643799,-4.3231306076049805,0.2289353907108307,0.2387516796588897,975.3308715820312,Europe
Ukraine,2018,UKR,45208903.0,231.8999786376953,239.880859375,3.857004642486572,3.014230728149414,0.2291527688503265,0.237039104104042,1011.9885864257812,Europe
Ukraine,2019,UKR,44957451.0,222.1878967285156,228.34304809570312,-4.188048839569092,-4.809808731079102,0.232010468840599,0.2384377419948578,957.6632080078124,Europe
Ukraine,2020,UKR,44680008.0,207.10064697265625,212.58135986328125,-6.790316104888916,-6.902641296386719,0.2254889011383056,0.2314562648534774,918.4515991210938,Europe
Ukraine,2021,UKR,44298642.0,210.63607788085935,215.4177703857422,1.7071127891540527,1.3342738151550293,0.2252949178218841,0.2304093986749649,934.9348754882812,Europe
Ukraine,2022,UKR,41048768.0,143.0398712158203,148.3357391357422,-32.091468811035156,-31.14043426513672,0.2311640679836273,0.2397226095199585,618.78076171875,Europe
Ukraine,2023,UKR,37732833.0,139.32537841796875,144.89047241210938,-2.596825361251831,-2.3226141929626465,0.2368955761194229,0.2463579624891281,588.1298828125,Europe
Ukraine,2024,UKR,37860221.0,142.4978485107422,148.081787109375,2.2770285606384277,2.2025704383850098,0.2370801120996475,0.2463703602552414,601.0535888671875,Europe
United Arab Emirates,2014,ARE,8236880.0,214.53033447265625,214.4396514892578,0.1598000526428222,0.1679182052612304,0.1889814138412475,0.1889015138149261,1135.19287109375,Asia
United Arab Emirates,2015,ARE,8674633.0,225.0448303222656,224.9689483642578,4.90117073059082,4.910147190093994,0.183998629450798,0.183936595916748,1223.078857421875,Asia
United Arab Emirates,2016,ARE,9030873.0,227.8977203369141,227.83387756347656,1.267695426940918,1.2734770774841309,0.1795145571231842,0.1794642657041549,1269.522216796875,Asia
United Arab Emirates,2017,ARE,9234330.0,196.49282836914065,196.4290008544922,-13.78026008605957,-13.784104347229004,0.162137746810913,0.1620850712060928,1211.8883056640625,Asia
United Arab Emirates,2018,ARE,9346870.0,204.10479736328125,204.10198974609375,3.873920440673828,3.906238079071045,0.180189162492752,0.1801866739988327,1132.72509765625,Asia
United Arab Emirates,2019,ARE,9377855.0,204.05807495117188,204.03286743164065,-0.02288818359375,-0.0338673591613769,0.167678877711296,0.1676581501960754,1216.9576416015625,Asia
United Arab Emirates,2020,ARE,9448529.0,215.26617431640625,215.25584411621097,5.492603778839111,5.5005669593811035,0.1817360818386078,0.1817273497581482,1184.4989013671875,Asia
United Arab Emirates,2021,ARE,9789055.0,212.17295837402344,212.1555938720703,-1.436924934387207,-1.4402568340301514,0.1710236072540283,0.1710096001625061,1240.6063232421875,Asia
United Arab Emirates,2022,ARE,10242085.0,207.10340881347656,207.0928955078125,-2.389347553253174,-2.3863136768341064,0.153075709939003,0.1530679315328598,1352.9476318359375,Asia
United Arab Emirates,2023,ARE,10642089.0,210.42510986328125,210.4204864501953,1.6038775444030762,1.6068100929260254,0.1468141227960586,0.1468109041452407,1433.275634765625,Asia
United Arab Emirates,2024,ARE,11027135.0,221.9880828857422,221.9881896972656,5.495059490203857,5.497431755065918,0.1458493620157241,0.1458494365215301,1522.03662109375,Asia
United Kingdom,2014,GBR,64865914.0,438.80706787109375,452.22418212890625,-8.124637603759766,-8.694589614868164,0.1945319026708603,0.2004799842834472,2255.70751953125,Europe
United Kingdom,2015,GBR,65382107.0,422.4607849121094,444.9059143066406,-3.725159168243408,-1.618283987045288,0.1853331178426742,0.1951797604560852,2279.46728515625,Europe
United Kingdom,2016,GBR,65893359.0,399.4301452636719,420.7926025390625,-5.451548099517822,-5.419868469238281,0.1777677088975906,0.1872751265764236,2246.921875,Europe
United Kingdom,2017,GBR,66354473.0,387.36712646484375,399.7982482910156,-3.0200541019439697,-4.9892425537109375,0.1720834225416183,0.1776057928800583,2251.04296875,Europe
United Kingdom,2018,GBR,66752473.0,379.7297668457031,403.0946044921875,-1.9716143608093264,0.8244991302490234,0.1690374165773391,0.1794383078813552,2246.42431640625,Europe
United Kingdom,2019,GBR,67110958.0,364.7532653808594,375.3549499511719,-3.9439857006073,-6.881671905517578,0.1663273274898529,0.1711616814136505,2192.984619140625,Europe
United Kingdom,2020,GBR,67351860.0,326.2632141113281,335.4317321777344,-10.552358627319336,-10.636120796203612,0.1645431667566299,0.169167086482048,1982.8426513671875,Europe
United Kingdom,2021,GBR,67668788.0,342.3655700683594,344.395263671875,4.93539571762085,2.6722311973571777,0.1719594150781631,0.172978863120079,1990.96728515625,Europe
United Kingdom,2022,GBR,68179315.0,311.1180114746094,310.71173095703125,-9.126955032348633,-9.780484199523926,0.1547894030809402,0.1545872688293457,2009.94384765625,Europe
United Kingdom,2023,GBR,68682965.0,307.8261413574219,305.2690734863281,-1.0580778121948242,-1.7516732215881348,0.1595263034105301,0.1582011431455612,1929.626220703125,Europe
United Kingdom,2024,GBR,69138185.0,312.9055480957031,308.37396240234375,1.650083065032959,1.0170936584472656,0.1615446805953979,0.1592051535844802,1936.9595947265625,Europe
United States,2014,USA,323115377.0,5531.38525390625,5606.26953125,1.0587334632873535,2.3823142051696777,0.212779015302658,0.2156596332788467,25995.9140625,North America
United States,2015,USA,326126496.0,5368.49658203125,5422.1767578125,-2.9448091983795166,-3.28369140625,0.208506166934967,0.2105910181999206,25747.42578125,North America
United States,2016,USA,329179423.0,5245.36181640625,5350.54736328125,-2.2936582565307617,-1.3210415840148926,0.2038850635290146,0.2079735994338989,25727.05078125,North America
United States,2017,USA,332204657.0,5195.41748046875,5359.83447265625,-0.9521543979644777,0.1735687255859375,0.2011999934911728,0.2075672596693039,25822.15625,North America
United States,2018,USA,335056492.0,5361.236328125,5460.88671875,3.1916379928588867,1.8853545188903809,0.2002778947353363,0.2040004730224609,26768.98828125,North America
United States,2019,USA,337790069.0,5235.912109375,5333.9677734375,-2.3375988006591797,-2.3241400718688965,0.1969980746507644,0.2006873488426208,26578.494140625,North America
United States,2020,USA,339436156.0,4689.95361328125,4776.4921875,-10.427188873291016,-10.451430320739746,0.1904132664203643,0.1939267516136169,24630.39453125,North America
United States,2021,USA,340161438.0,5020.11083984375,5109.8271484375,7.039666175842285,6.978654861450195,0.1934023350477218,0.1968586891889572,25956.828125,North America
United States,2022,USA,341534041.0,5055.40283203125,5173.41162109375,0.7030129432678223,1.24436616897583,0.1906799077987671,0.1951309740543365,26512.509765625,North America
United States,2023,USA,343477330.0,4918.40673828125,5037.44970703125,-2.7099013328552246,-2.628093957901001,0.1876069605350494,0.1921477317810058,26216.544921875,North America
United States,2024,USA,345426566.0,4904.11962890625,5016.1787109375,-0.2904772758483886,-0.4222571849822998,0.1848615258932113,0.1890856176614761,26528.611328125,North America
Uruguay,2014,URY,3356343.0,6.683818817138672,18.72482109069824,-10.774988174438477,-23.337894439697266,0.1440608352422714,0.4035886228084564,46.395809173583984,South America
Uruguay,2015,URY,3368022.0,6.738131999969482,10.937771797180176,0.8126020431518555,-41.58677291870117,0.1377605497837066,0.2236218452453613,48.91191482543945,South America
Uruguay,2016,URY,3379279.0,6.520387172698975,9.1249418258667,-3.2315313816070557,-16.574031829833984,0.1326487064361572,0.1856349408626556,49.15530014038086,South America
Uruguay,2017,URY,3388444.0,6.151027202606201,8.634265899658203,-5.664694309234619,-5.377304553985596,0.1339954733848571,0.1880909502506256,45.90473556518555,South America
Uruguay,2018,URY,3394538.0,6.570396900177002,8.88758373260498,6.817889213562012,2.9338717460632324,0.1428765803575515,0.1932649612426757,45.98652648925781,South America
Uruguay,2019,URY,3397206.0,6.408475875854492,8.355012893676758,-2.4644017219543457,-5.992305278778076,0.1318436861038208,0.1718904376029968,48.60662078857422,South America
Uruguay,2020,URY,3398966.0,6.476820945739746,7.974151134490967,1.0664820671081543,-4.558485984802246,0.1482866555452346,0.1825679838657379,43.67770767211914,South America
Uruguay,2021,URY,3396693.0,7.829207897186279,9.063389778137209,20.88041305541992,13.65962028503418,0.1729703545570373,0.2002370804548263,45.2632942199707,South America
Uruguay,2022,URY,3390913.0,7.500854969024658,8.467015266418457,-4.1939496994018555,-6.580042839050293,0.1581594347953796,0.1785314232110977,47.425907135009766,South America
Uruguay,2023,URY,3388083.0,7.62693977355957,8.371098518371582,1.6809463500976562,-1.1328279972076416,0.1678741574287414,0.1842536032199859,45.4324836730957,South America
Uruguay,2024,URY,3386583.0,7.973269939422607,8.508251190185547,4.540872573852539,1.6384005546569824,,,,South America
Uzbekistan,2014,UZB,30222994.0,107.49562072753906,105.35577392578124,-4.358834266662598,-3.349578380584717,0.1898650676012039,0.1860855370759964,566.1685180664062,Asia
Uzbekistan,2015,UZB,30749349.0,103.37357330322266,101.45254516601562,-3.834617137908935,-3.70481014251709,0.1913776993751526,0.1878212541341781,540.15478515625,Asia
Uzbekistan,2016,UZB,31284565.0,109.83733367919922,107.97833251953124,6.252813339233398,6.43235445022583,0.210928738117218,0.2073587477207183,520.7319946289062,Asia
Uzbekistan,2017,UZB,31819172.0,108.88287353515624,107.31541442871094,-0.8689820766448975,-0.6139397621154785,0.2024809122085571,0.1995660364627838,537.743896484375,Asia
Uzbekistan,2018,UZB,32373489.0,102.33026885986328,100.77267456054688,-6.018024444580078,-6.096744537353516,0.1898491531610489,0.1869594156742096,539.00830078125,Asia
Uzbekistan,2019,UZB,32964700.0,107.94720458984376,106.62216186523438,5.489027500152588,5.804634094238281,0.198661983013153,0.1962234079837799,543.3712158203125,Asia
Uzbekistan,2020,UZB,33586373.0,108.13882446289062,106.95022583007812,0.1775145530700683,0.3076910972595215,0.2003246992826461,0.1981228440999984,539.8177490234375,Asia
Uzbekistan,2021,UZB,34243696.0,123.16163635253906,122.0589599609375,13.892162322998049,14.12688446044922,0.2138529419898986,0.21193827688694,575.91748046875,Asia
Uzbekistan,2022,UZB,34938953.0,119.10547637939452,118.1054229736328,-3.293365240097046,-3.2390356063842773,0.2010144740343094,0.199326679110527,592.5219116210938,Asia
Uzbekistan,2023,UZB,35652311.0,122.87201690673828,121.98136901855467,3.16234827041626,3.2817721366882324,0.2046459019184112,0.2031625211238861,600.4127807617188,Asia
Uzbekistan,2024,UZB,36361859.0,139.2341766357422,138.44297790527344,13.316429138183594,13.495182991027832,0.2001711130142212,0.19903364777565,695.5757446289062,Asia
Vanuatu,2014,VUT,260247.0,0.1575520038604736,-1.1691824197769165,43.33332824707031,18.611299514770508,0.2201021462678909,-1.6333625316619873,0.7158131003379822,Oceania
Vanuatu,2015,VUT,266115.0,0.1319040060043335,-1.1942076683044434,-16.279071807861328,2.1404027938842773,0.1964051723480224,-1.778176188468933,0.6715912818908691,Oceania
Vanuatu,2016,VUT,272097.0,0.1502240002155304,-1.2130770683288574,13.888883590698242,1.5800833702087402,0.2212778627872467,-1.7868456840515137,0.6788930296897888,Oceania
Vanuatu,2017,VUT,278518.0,0.1392319947481155,0.8206260800361633,-7.317071914672852,-167.64830017089844,0.1839825063943863,1.0843831300735474,0.7567676305770874,Oceania
Vanuatu,2018,VUT,285273.0,0.1758719980716705,-0.3666198253631592,26.315784454345703,-144.67562866210938,0.1818469613790512,-0.3790751099586487,0.967142939567566,Oceania
Vanuatu,2019,VUT,291995.0,0.1648799926042556,-0.7136372327804565,-6.25,94.65321350097656,0.1770152300596237,-0.7661612629890442,0.9314452409744264,Oceania
Vanuatu,2020,VUT,298867.0,0.2051839977502823,-0.7649332880973816,24.444448471069336,7.187974452972412,0.189078614115715,-0.7048918604850769,1.085178256034851,Oceania
Vanuatu,2021,VUT,305882.0,0.2161760032176971,-0.7740200161933899,5.357146263122559,1.18790864944458,0.1890314668416977,-0.6768287420272827,1.143597960472107,Oceania
Vanuatu,2022,VUT,313061.0,0.1893530040979385,-0.3910246193408966,-12.407946586608888,-49.481327056884766,0.1649597585201263,-0.3406512439250946,1.1478737592697144,Oceania
Vanuatu,2023,VUT,320422.0,0.1884579956531524,-0.230373814702034,-0.4726648330688476,-41.08457565307617,0.1551630496978759,-0.1896735876798629,1.2145802974700928,Oceania
Vanuatu,2024,VUT,327786.0,0.1970790028572082,-0.1182814687490463,4.574489593505859,-48.65671920776367,,,,Oceania
Venezuela,2014,VEN,30254080.0,175.99159240722656,187.44171142578125,-11.317873001098633,-12.300390243530272,0.1736922413110733,0.1849927455186844,1013.2381591796876,South America
Venezuela,2015,VEN,30573968.0,166.328369140625,179.35693359375,-5.490732192993164,-4.313224792480469,0.1715962588787078,0.1850374639034271,969.3006591796876,South America
Venezuela,2016,VEN,30765719.0,152.7334442138672,164.04519653320312,-8.17354965209961,-8.537012100219727,0.1715943217277526,0.1843029707670211,890.0844116210938,South America
Venezuela,2017,VEN,30565331.0,139.09329223632812,152.859375,-8.930683135986328,-6.818747520446777,0.1593326181173324,0.1751017868518829,872.974365234375,South America
Venezuela,2018,VEN,29807591.0,111.23958587646484,121.3452606201172,-20.02519989013672,-20.616405487060547,0.1528284251689911,0.1667122840881347,727.8723754882812,South America
Venezuela,2019,VEN,28938096.0,105.43048095703124,115.6966781616211,-5.222153663635254,-4.654967784881592,0.1604803949594497,0.1761070340871811,656.968017578125,South America
Venezuela,2020,VEN,28444080.0,80.90115356445312,90.43084716796876,-23.265880584716797,-21.83799171447754,0.1532624661922454,0.171315923333168,527.8601684570312,South America
Venezuela,2021,VEN,28237830.0,94.90249633789062,103.28924560546876,17.306732177734375,14.219045639038086,0.157100960612297,0.1709843426942825,604.0859985351562,South America
Venezuela,2022,VEN,28213015.0,108.42350006103516,117.55430603027344,14.247262954711914,13.810789108276367,0.1678259968757629,0.181959331035614,646.047119140625,South America
Venezuela,2023,VEN,28300861.0,119.58776092529295,129.4872589111328,10.296893119812012,10.151016235351562,0.1709666848182678,0.1851193606853485,699.4798583984375,South America
Venezuela,2024,VEN,28405544.0,116.04242706298828,125.9429931640625,-2.9646337032318115,-2.7371585369110107,0.1661200374364853,0.1802931576967239,698.5455932617188,South America
Vietnam,2014,VNM,91679582.0,180.04751586914062,560.3728637695312,18.875133514404297,106.15853881835938,0.2487596869468689,0.774229884147644,723.7809448242188,Asia
Vietnam,2015,VNM,92823254.0,213.3913116455078,441.4866638183594,18.519437789916992,-21.215551376342773,0.2632900774478912,0.5447225570678711,810.4799194335938,Asia
Vietnam,2016,VNM,94000115.0,221.02700805664065,391.104248046875,3.5782575607299805,-11.411989212036133,0.2521201074123382,0.4461230933666229,876.6734619140625,Asia
Vietnam,2017,VNM,95176978.0,227.69436645507812,370.10748291015625,3.016531467437744,-5.368584632873535,0.2396718263626098,0.3895763456821441,950.0255737304688,Asia
Vietnam,2018,VNM,96237319.0,255.46841430664065,431.0153503417969,12.19794750213623,16.456806182861328,0.2367833852767944,0.3994907736778259,1078.9119873046875,Asia
Vietnam,2019,VNM,97173778.0,339.3123474121094,471.83837890625,32.81968688964844,9.471357345581056,0.2808473408222198,0.3905385434627533,1208.173583984375,Asia
Vietnam,2020,VNM,98079196.0,362.598876953125,481.46533203125,6.862854957580566,2.0403146743774414,0.2951009571552276,0.3918403685092926,1228.728271484375,Asia
Vietnam,2021,VNM,98935101.0,314.19659423828125,425.4719848632813,-13.348711013793944,-11.629777908325195,0.2568256556987762,0.3477826118469238,1223.3848876953125,Asia
Vietnam,2022,VNM,99680656.0,322.65313720703125,436.9096984863281,2.691483497619629,2.6882410049438477,0.2494429498910904,0.3377746045589447,1293.4947509765625,Asia
Vietnam,2023,VNM,100352189.0,347.3987731933594,461.9677734375,7.669425010681152,5.735301971435547,0.2524817883968353,0.335748016834259,1375.93603515625,Asia
Vietnam,2024,VNM,100987685.0,370.9313354492187,484.1653137207031,6.773924827575684,4.80499267578125,0.2512655556201935,0.3279692530632019,1476.2520751953125,Asia
Wallis and Futuna,2014,WLF,12328.0,0.0256479997187852,,0.0,,,,,Oceania
Wallis and Futuna,2015,WLF,12185.0,0.0256479997187852,,0.0,,,,,Oceania
Wallis and Futuna,2016,WLF,12057.0,0.0256479997187852,,0.0,,,,,Oceania
Wallis and Futuna,2017,WLF,11945.0,0.0256479997187852,,0.0,,,,,Oceania
Wallis and Futuna,2018,WLF,11827.0,0.0256479997187852,,0.0,,,,,Oceania
Wallis and Futuna,2019,WLF,11711.0,0.0256479997187852,,0.0,,,,,Oceania
Wallis and Futuna,2020,WLF,11640.0,0.0293119996786117,,14.28571891784668,,,,,Oceania
Wallis and Futuna,2021,WLF,11590.0,0.0293119996786117,,0.0,,,,,Oceania
Wallis and Futuna,2022,WLF,11501.0,0.0293119996786117,,0.0,,,,,Oceania
Wallis and Futuna,2023,WLF,11394.0,0.0291740000247955,,-0.4707992076873779,,,,,Oceania
Wallis and Futuna,2024,WLF,11303.0,0.0305080004036426,,4.572570323944092,,,,,Oceania
Yemen,2014,YEM,30226311.0,26.592205047607425,25.34395408630371,-2.524900436401367,-3.2766759395599365,0.2741773426532745,0.2613072991371155,96.98907470703124,Asia
Yemen,2015,YEM,31159378.0,14.122820854187012,12.399568557739258,-46.89112854003906,-51.07484436035156,0.2706193923950195,0.2375986874103546,52.18702697753906,Asia
Yemen,2016,YEM,32109023.0,10.043701171875,10.986044883728027,-28.88318252563477,-11.399782180786133,0.2410169690847396,0.2636302411556244,41.672176361083984,Asia
Yemen,2017,YEM,33090923.0,9.213894844055176,9.365327835083008,-8.261955261230469,-14.752507209777832,0.2400651425123214,0.2440106868743896,38.38080978393555,Asia
Yemen,2018,YEM,34085181.0,11.503875732421877,11.39461612701416,24.85356330871582,21.668088912963867,0.3042992353439331,0.3014090955257416,37.80448532104492,Asia
Yemen,2019,YEM,35111416.0,11.787782669067385,11.630597114562988,2.467930316925049,2.0709872245788574,0.3092634081840515,0.3051395118236542,38.11567306518555,Asia
Yemen,2020,YEM,36134867.0,10.757014274597168,10.62159252166748,-8.744382858276367,-8.675426483154297,0.3240469098091125,0.3199674487113952,33.19585418701172,Asia
Yemen,2021,YEM,37140234.0,10.607955932617188,10.543359756469728,-1.3856828212738037,-0.736546516418457,0.3308413326740265,0.3288266956806183,32.063575744628906,Asia
Yemen,2022,YEM,38222878.0,10.403768539428713,10.425752639770508,-1.924848556518555,-1.1154592037200928,0.3044750988483429,0.3051184713840484,34.169525146484375,Asia
Yemen,2023,YEM,39390800.0,10.141168594360352,10.254349708557127,-2.5240838527679443,-1.6440331935882568,0.2940548062324524,0.2973366379737854,34.487342834472656,Asia
Yemen,2024,YEM,40583173.0,10.123089790344238,10.327871322631836,-0.1782715320587158,0.7169723510742188,,,,Asia
Zambia,2014,ZMB,15895320.0,5.283260822296143,90.43894958496094,19.353973388671875,-6.0958027839660645,0.1914347857236862,3.2769839763641357,27.598228454589844,Africa
Zambia,2015,ZMB,16399092.0,5.522488117218018,86.6947021484375,4.528021812438965,-4.140085220336914,0.1944318413734436,3.05228590965271,28.40320587158203,Africa
Zambia,2016,ZMB,16914428.0,5.977866172790527,92.85343170166016,8.245885848999023,7.103931903839111,0.2045500576496124,3.1772496700286865,29.22446632385254,Africa
Zambia,2017,ZMB,17441328.0,7.458888053894043,94.08734893798828,24.775100708007812,1.328885555267334,0.2183664292097091,2.7545015811920166,34.15766906738281,Africa
Zambia,2018,ZMB,17973574.0,8.657800674438477,87.7877426147461,16.073619842529297,-6.695490837097168,0.2326506823301315,2.3590145111083984,37.21373748779297,Africa
Zambia,2019,ZMB,18513839.0,8.846335411071777,82.02484130859375,2.1776199340820312,-6.564587593078613,0.2435053437948227,2.257826328277588,36.32912063598633,Africa
Zambia,2020,ZMB,19059394.0,9.990585327148438,78.31436157226562,12.934732437133787,-4.5236053466796875,0.2595307826995849,2.034414052963257,38.49479675292969,Africa
Zambia,2021,ZMB,19603610.0,9.349844932556152,75.67674255371094,-6.413435935974121,-3.3679842948913574,0.2264338731765747,1.832733988761902,41.29172134399414,Africa
Zambia,2022,ZMB,20152935.0,10.938909530639648,76.39125061035156,16.99563217163086,0.9441494941711426,0.2732003331184387,1.9078789949417112,40.03988265991211,Africa
Zambia,2023,ZMB,20723967.0,11.830726623535156,76.00337219238281,8.15269947052002,-0.507742166519165,0.2356773316860199,1.5140467882156372,50.198829650878906,Africa
Zambia,2024,ZMB,21314962.0,12.043298721313477,74.63196563720703,1.7967820167541504,-1.8044054508209229,,,,Africa
Zimbabwe,2014,ZWE,14207367.0,11.946147918701172,9.66875171661377,2.354252338409424,-12.144840240478516,0.267386645078659,0.2164124548435211,44.677433013916016,Africa
Zimbabwe,2015,ZWE,14399008.0,12.016794204711914,17.86842155456543,0.5913734436035156,84.8058853149414,0.2618472278118133,0.389354795217514,45.89238739013672,Africa
Zimbabwe,2016,ZWE,14600297.0,10.588241577148438,10.80738639831543,-11.887961387634276,-39.516841888427734,0.2530571222305298,0.2582946419715881,41.841312408447266,Africa
Zimbabwe,2017,ZWE,14812484.0,9.830570220947266,15.400436401367188,-7.155787944793701,42.49917221069336,0.2553954720497131,0.4000990390777588,38.49155807495117,Africa
Zimbabwe,2018,ZWE,15034457.0,11.209238052368164,10.13066577911377,14.024293899536133,-34.218318939208984,0.2572759091854095,0.2325204014778137,43.56893539428711,Africa
Zimbabwe,2019,ZWE,15271377.0,10.26679515838623,16.59661102294922,-8.407735824584961,63.825477600097656,0.2581877112388611,0.4173689186573028,39.76485061645508,Africa
Zimbabwe,2020,ZWE,15526887.0,8.490839004516602,7.89734411239624,-17.298053741455078,-52.41593170166016,0.2528110146522522,0.2351399511098861,33.585716247558594,Africa
Zimbabwe,2021,ZWE,15797220.0,10.2227783203125,12.444005012512209,20.397735595703125,57.57202911376953,0.2716235220432281,0.330642431974411,37.63583755493164,Africa
Zimbabwe,2022,ZWE,16069061.0,12.231844902038574,11.893548011779783,19.652843475341797,-4.423469543457031,0.2095212191343307,0.2037264853715896,58.379981994628906,Africa
Zimbabwe,2023,ZWE,16340829.0,13.443294525146484,12.13323211669922,9.904062271118164,2.015244960784912,0.2585941553115845,0.2333938777446746,51.98607635498047,Africa
Zimbabwe,2024,ZWE,16634366.0,13.701153755187988,11.949102401733398,1.9181251525878904,-1.5175700187683103,,,,Africa
