country,year,prct_access_elec,prct_renew_prod,renew_prod_kwh,prct_renew_cons,co2,co2_luc,prim_ener_cons,region,GDP,population,gdp_per_cap
Afghanistan,2014,89.5,2.77200987806233,32440000.0,19.1,8.697668075561523,8.776041030883789,26.630216598510746,Asia,19500460924.407177,32792523.0,594.6618052050212
Afghanistan,2015,71.5,2.83229014034404,33440000.0,17.7,9.384400367736816,9.696866035461426,30.953519821166992,Asia,18699573703.900463,33831764.0,552.7223973275666
Afghanistan,2016,97.7,3.19005850365957,38660000.0,20.2,8.605932235717773,8.944814682006836,28.075347900390625,Asia,18224349784.215027,34700612.0,525.1881374373174
Afghanistan,2017,97.7,3.16865225907967,39470000.0,19.5,9.311054229736328,14.564167976379396,36.51741790771485,Asia,19034302820.422146,35688935.0,533.3390536989167
Afghanistan,2018,93.4,3.47404347045087,38680000.0,18.3,10.191503524780272,13.07367992401123,46.49251174926758,Asia,18856319310.77826,36743039.0,513.1943307895207
Afghanistan,2019,97.7,3.82453122312059,55580000.0,18.9,10.400110244750977,20.062664031982425,47.11153030395508,Asia,19372358437.2955,37856121.0,511.73648872517873
Afghanistan,2020,97.7,5.43252738169043,65720000.0,18.2,11.11862564086914,16.71674156188965,46.9117431640625,Asia,19983008211.711617,39068979.0,511.4801748904577
Albania,2014,100.0,0.0345046570702794,1630000.0,38.6,6.072488784790039,6.733584403991699,25.747249603271484,Europe,13296322525.59727,2903749.0,4579.019235339304
Albania,2015,100.0,0.0242578456318914,1430000.0,38.5,4.712143898010254,5.963399887084961,24.037635803222656,Europe,11470172142.318493,2898632.0,3957.098432059845
Albania,2016,99.9,0.013621177075302,1060000.0,39.4,4.55503511428833,5.233314514160156,26.761011123657227,Europe,11988668667.056004,2897867.0,4137.066562080317
Albania,2017,99.9,0.0481661511268228,2180000.0,36.9,5.343791961669922,6.116896152496338,29.290279388427734,Europe,13258235096.557516,2898242.0,4574.578346652045
Albania,2018,100.0,0.017303869987139,1480000.0,37.8,5.194859981536865,5.8552961349487305,27.9931640625,Europe,15379508438.346537,2894231.0,5313.8496679589625
Albania,2019,100.0,0.442758355743373,23050000.0,40.1,4.94052791595459,5.226393699645996,24.897661209106445,Europe,15585105256.370428,2885010.0,5402.097481939552
Albania,2020,100.0,0.624317711274233,33170000.0,44.4,4.865033149719238,4.858584403991699,21.116933822631836,Europe,15241458812.701334,2871954.0,5306.999629068339
Algeria,2014,99.3,0.213769807913826,137330000.0,0.1,152.43466186523438,155.23577880859375,585.61328125,Africa,238942665181.03055,39205031.0,6094.693948361642
Algeria,2015,99.4,0.263844879211605,181520000.0,0.1,160.3216094970703,162.77407836914062,617.5181884765625,Africa,187493854988.65735,40019529.0,4685.059011780408
Algeria,2016,99.4,0.299308421482598,212500000.0,0.1,158.30831909179688,161.08226013183594,616.995849609375,Africa,180763840072.70865,40850721.0,4424.985303752867
Algeria,2017,99.5,0.761806414270304,579110000.0,0.1,165.2516326904297,168.07342529296875,623.794677734375,Africa,189880897473.426,41689299.0,4554.667553259314
Algeria,2018,99.6,0.866989290792168,664660000.0,0.2,174.461181640625,179.34844970703125,669.6197509765625,Africa,194554484211.74625,42505035.0,4577.21030489085
Algeria,2019,99.5,0.843951622795182,688040000.0,0.2,182.42498779296875,184.90182495117188,694.348876953125,Africa,193459661550.37885,43294546.0,4468.453406356977
Algeria,2020,99.7,1.00020213505148,791710000.0,0.1,171.13853454589844,172.73910522460938,648.8988037109375,Africa,164873415325.20148,44042091.0,3743.5419522928983
Angola,2014,32.0,0.898958004420587,85410000.0,47.5,26.09214782714844,128.6487579345703,103.2271499633789,Africa,164448325262.3059,27160769.0,6054.626997575287
Angola,2015,42.0,-2.02336352408399,-196590000.0,47.1,27.50522804260254,138.711669921875,108.4906005859375,Africa,131661044066.6179,28157798.0,4675.828843811505
Angola,2016,41.8,0.72992299229923,79620000.0,48.1,25.465633392333984,117.15609741210938,97.20850372314452,Africa,114763688250.54002,29183070.0,3932.5433633452553
Angola,2017,42.9,12.9602383834621,1391800000.0,52.5,23.600984573364254,113.74996185302734,83.87429809570312,Africa,139834648370.39935,30234839.0,4624.950983545815
Angola,2018,45.3,8.7914499847048,1149570000.0,52.5,23.27804946899414,99.2865219116211,91.0769271850586,Africa,114189182449.651,31297155.0,3648.548324908478
Angola,2019,45.6,13.4239253582139,2014260000.0,51.0,22.21007537841797,84.3017578125,95.10540771484376,Africa,94671230890.12453,32375632.0,2924.150820905196
Angola,2020,47.0,9.68738673432403,1603650000.0,60.1,16.549341201782227,70.41219329833984,76.32183074951172,Africa,66520647133.966385,33451132.0,1988.5918101057505
Antigua and Barbuda,2014,100.0,0.187149095446039,630000.0,0.1,0.5679199695587158,0.5300709009170532,2.972179412841797,North America,1378888888.8888888,88765.0,15534.15072256958
Antigua and Barbuda,2015,100.0,1.55200370627751,5360000.0,0.4,0.5789120197296143,0.5383148789405823,3.0341224670410156,North America,1437777777.7777777,89409.0,16080.90659528434
Antigua and Barbuda,2016,100.0,1.55959364715982,5450000.0,0.4,0.5935680270195007,0.5552425384521484,3.0791196823120117,North America,1489629629.6296296,89969.0,16557.14334525925
Antigua and Barbuda,2017,100.0,1.84609239021885,6470000.0,0.4,0.6008960008621216,0.5842980742454529,2.9270098209381104,North America,1534855555.555555,90468.0,16965.72882738156
Antigua and Barbuda,2018,100.0,2.82657253950307,10250000.0,0.7,0.6155520081520081,0.5832721590995789,2.9174349308013916,North America,1661529629.6296296,90926.0,18273.427068491183
Antigua and Barbuda,2019,100.0,3.68746637977407,13710000.0,0.7,0.6375359892845154,0.602215051651001,3.0267083644866943,North America,1726448148.148148,91364.0,18896.372183224772
Antigua and Barbuda,2020,100.0,4.9484175555167,16980000.0,0.9,0.6155520081520081,0.5800111889839172,2.9243905544281006,North America,1411637037.037037,91846.0,15369.60822504014
Argentina,2014,100.0,-4.22381942039026,-5853200000.0,9.8,188.5391845703125,366.3091735839844,993.0078125,South America,567050145343.2926,43024071.0,13179.834733521442
Argentina,2015,99.7,-3.80281477101625,-5531080000.0,9.4,191.8087921142578,303.17913818359375,1009.9921264648438,South America,644903200498.5957,43477012.0,14833.199680295318
Argentina,2016,99.9,-2.9382760494498,-4325730000.0,9.4,190.02049255371097,297.87921142578125,1005.7216796875,South America,557532317365.8942,43900313.0,12699.962238672288
Argentina,2017,100.0,-3.09416110516053,-4506460000.0,10.4,187.06800842285156,267.747802734375,996.9880981445312,South America,643628396190.9314,44288894.0,14532.500996546254
Argentina,2018,100.0,-2.69236376021798,-3952390000.0,10.5,182.48345947265625,295.87225341796875,986.0548095703124,South America,524819898585.6981,44654882.0,11752.800031712057
Argentina,2019,100.0,1.5032854430153,2097910000.0,10.7,180.4276580810547,342.2071533203125,925.657958984375,South America,447754686715.10254,44973465.0,9955.974855731098
Argentina,2020,100.0,6.17318136617456,8877220000.0,9.8,164.6127166748047,293.6573486328125,863.9719848632812,South America,385740510259.615,45191965.0,8535.59942037517
Armenia,2014,99.7,0.0593624983868886,4600000.0,7.1,5.6041131019592285,6.2473649978637695,40.35306930541992,Asia,11609513241.075388,2922422.0,3972.565646260324
Armenia,2015,100.0,0.0423131170662906,3300000.0,10.7,5.469203948974609,6.132974147796631,36.87443161010742,Asia,10553337527.774534,2921177.0,3612.700472369369
Armenia,2016,99.8,0.0323991797676008,2370000.0,13.2,5.206676959991455,5.785735607147217,36.976322174072266,Asia,10546136240.39524,2918793.0,3613.1840251759
Armenia,2017,99.7,0.0321957501609788,2500000.0,12.6,5.5365891456604,5.9973368644714355,39.81497573852539,Asia,11527458712.618654,2914963.0,3954.5814861521926
Armenia,2018,99.9,0.275959440379926,21500000.0,11.1,5.822122097015381,6.153860569000244,39.06568145751953,Asia,12457940705.308825,2909965.0,4281.1307714384275
Armenia,2019,100.0,0.36202630550853,27800000.0,10.3,6.284110069274902,6.49112606048584,41.378082275390625,Asia,13619290545.81314,2903972.0,4689.883561485145
Armenia,2020,100.0,0.750191375350855,58800000.0,8.4,6.79518985748291,6.9529619216918945,44.73744201660156,Asia,12641698593.790771,2890892.0,4372.9404605190275
Australia,2014,100.0,7.17778899545684,17774000000.0,9.3,392.6095886230469,476.27691650390625,1566.4581298828125,Oceania,1464051506405.894,23595601.0,62047.64635602602
Australia,2015,100.0,7.98431659191756,20099000000.0,9.4,400.5891723632813,438.6661071777344,1601.6258544921875,Oceania,1245530860500.932,23948002.0,52009.80275936723
Australia,2016,100.0,8.61820532591848,22130000000.0,9.6,409.6663208007813,505.0890808105469,1606.8890380859375,Oceania,1306598824672.465,24329963.0,53703.28038199093
Australia,2017,100.0,9.36755170930399,24171000000.0,9.9,413.4078369140625,503.28228759765625,1602.028076171875,Oceania,1411790455926.0771,24731038.0,57085.77439920141
Australia,2018,100.0,10.9604835744055,28613000000.0,9.8,414.7805786132813,465.7263793945313,1625.908203125,Oceania,1454947196305.6863,25119706.0,57920.55035618993
Australia,2019,100.0,13.656230825752,36056000000.0,10.3,414.9253234863281,454.1058654785156,1680.292724609375,Oceania,1377583583453.9373,25482714.0,54059.53162814358
Australia,2020,100.0,16.8875246061136,44782000000.0,11.2,398.5469055175781,492.4983520507813,1585.4119873046875,Oceania,1435443783359.3667,25743791.0,55758.83456167612
Austria,2014,100.0,14.0280418105688,9179670000.0,35.7,64.15873718261719,64.1197509765625,394.8892517089844,Europe,438556021078.0278,8547817.0,51306.20146383899
Austria,2015,100.0,15.9661097413437,10425710000.0,34.8,66.35778045654297,65.6677017211914,396.38323974609375,Europe,379546097300.63306,8644039.0,43908.42027675176
Austria,2016,100.0,16.2666012765708,11111390000.0,34.6,67.21873474121094,66.19050598144531,409.6510925292969,Europe,393687359770.28424,8737915.0,45055.068602782725
Austria,2017,100.0,17.892616790982,12761730000.0,34.0,69.60147857666016,68.91455078125,417.5686645507813,Europe,414926138132.69507,8798778.0,47157.24594173135
Austria,2018,100.0,18.094276928458,12415750000.0,34.1,66.56651306152344,66.17977905273438,408.4021301269531,Europe,452582294972.7678,8841650.0,51187.53795646376
Austria,2019,100.0,18.6002370881267,13807700000.0,34.0,67.95123291015625,67.2562484741211,427.96038818359375,Europe,442983642371.835,8880876.0,49880.62465592752
Austria,2020,100.0,18.5045480856694,13426530000.0,35.8,62.17982864379883,61.37931442260742,400.14410400390625,Europe,434397601557.6887,8921405.0,48691.613210888725
Azerbaijan,2014,100.0,0.722864768683274,178750000.0,2.1,34.34476089477539,37.38976287841797,157.2412872314453,Asia,75239737488.8044,9631138.0,7812.133674006582
Azerbaijan,2015,100.0,0.775599481529488,191480000.0,2.3,34.683326721191406,40.50861358642578,171.82615661621094,Asia,53076244754.50366,9752850.0,5442.126635240331
Azerbaijan,2016,100.0,0.933031420327028,232810000.0,1.9,34.726966857910156,44.40670394897461,170.1923370361328,Asia,37867007022.784386,9868428.0,3837.1873435955945
Azerbaijan,2017,100.0,0.945723684210526,230000000.0,1.9,34.698280334472656,40.7308349609375,166.95396423339844,Asia,40866632047.84144,9968510.0,4099.572759403505
Azerbaijan,2018,100.0,1.12648143010028,284200000.0,1.9,34.57623291015625,39.47676086425781,176.16668701171875,Asia,47700708816.580414,10039784.0,4751.1688315784895
Azerbaijan,2019,100.0,1.32824486038662,346300000.0,1.7,37.7525520324707,41.50309753417969,185.89059448242188,Asia,48762470588.2353,10110475.0,4822.965349129027
Azerbaijan,2020,100.0,1.33209489531329,344200000.0,1.3,36.23716354370117,39.52333068847656,184.9285125732422,Asia,42693000000.0,10181730.0,4193.09881523081
Bahamas,2014,100.0,0.176121967163518,3260000.0,1.4,2.0628321170806885,2.046453952789306,12.360112190246582,North America,11139100000.0,382298.0,29137.21756326217
Bahamas,2015,100.0,0.187146837890514,3620000.0,1.4,2.2313759326934814,2.2093186378479004,11.815635681152344,North America,11837600000.0,385346.0,30719.405417468977
Bahamas,2016,100.0,0.212265020515441,4030000.0,1.2,2.2460319995880127,2.2221059799194336,12.369999885559082,North America,11880900000.0,388055.0,30616.53631572844
Bahamas,2017,100.0,0.22405023958657,4110000.0,1.1,2.520832061767578,2.502035856246948,14.75145149230957,North America,12446900000.0,390485.0,31875.488174961905
Bahamas,2018,100.0,0.21874610832264,4040000.0,1.1,2.4548799991607666,2.4296717643737793,12.154809951782228,North America,12819200000.0,392717.0,32642.335320345184
Bahamas,2019,100.0,0.259294143719874,4680000.0,1.1,2.520832061767578,2.494487762451172,12.59621810913086,North America,13277000000.0,394675.0,33640.336986127826
Bahamas,2020,100.0,0.314668862486766,5350000.0,1.4,2.05184006690979,2.0262653827667236,10.4798002243042,North America,10363200000.0,395863.0,26178.75376077077
Bahrain,2014,100.0,0.034675081642388,9450000.0,0.0,30.97074508666992,30.970781326293945,201.8088531494141,Asia,34772528255.319145,1312848.0,26486.332199400957
Bahrain,2015,100.0,0.0331765201516641,9450000.0,0.0,32.52061462402344,32.52061462402344,203.5911865234375,Asia,32523247805.851063,1369650.0,23745.663348922033
Bahrain,2016,100.0,0.0331462644686075,9450000.0,0.0,31.635435104370117,31.63547134399414,203.13877868652344,Asia,33884766492.02128,1429604.0,23702.20459093657
Bahrain,2017,100.0,0.0323353293413174,9450000.0,0.0,32.91658020019531,32.91665267944336,208.9939727783203,Asia,37204728678.19149,1481995.0,25104.490013928174
Bahrain,2018,100.0,0.0319742852309254,9450000.0,0.0,32.698486328125,32.69852066040039,210.30435180664065,Asia,39567914723.40426,1497626.0,26420.424540842818
Bahrain,2019,100.0,0.0338337914992599,11200000.0,0.0,37.61614227294922,37.616180419921875,231.26121520996097,Asia,40446794829.78723,1485670.0,27224.615715325228
Bahrain,2020,100.0,0.0335510155173447,11200000.0,0.0,37.42927169799805,37.42930603027344,225.54872131347656,Asia,35837642784.57447,1483077.0,24164.38444165372
Bangladesh,2014,62.4,0.397641669797985,222230000.0,35.4,67.55188751220703,78.1763916015625,318.5583801269531,Asia,199959054185.197,157964929.0,1265.844611528911
Bangladesh,2015,74.0,0.811231737012987,479730000.0,33.1,76.94612884521484,89.59843444824219,385.1017456054687,Asia,228784516185.3566,159383179.0,1435.4370242882192
Bangladesh,2016,75.9,0.343846377654932,236360000.0,30.2,81.76116180419922,93.21435546875,386.7011413574219,Asia,264543355337.3534,160811932.0,1645.048051144323
Bangladesh,2017,88.0,0.432246974885066,316850000.0,28.1,86.53086853027344,98.15934753417967,402.96527099609375,Asia,288958017599.0877,162186147.0,1781.644258427865
Bangladesh,2018,86.9,0.212492872980678,167710000.0,27.0,86.60810852050781,103.69165802001952,430.2879943847656,Asia,316205585001.44147,163523103.0,1933.705875196372
Bangladesh,2019,92.2,0.514082597469966,436050000.0,26.1,94.80768585205078,110.99710083007812,482.56201171875,Asia,349473730686.8402,164913055.0,2119.1392681849247
Bangladesh,2020,96.2,0.447563019301309,381910000.0,27.2,95.72908782958984,109.97267150878906,457.4471740722656,Asia,373561618850.8793,166298024.0,2246.3382899298867
Barbados,2014,100.0,0.979935576512594,10100000.0,3.0,1.367624044418335,1.2349138259887695,6.412990570068359,North America,5684900998.5,278348.0,20423.717786727408
Barbados,2015,100.0,1.34096311632544,13990000.0,3.0,1.3346480131149292,1.1803569793701172,6.815625190734863,North America,5699619143.0,278990.0,20429.474687264777
Barbados,2016,100.0,1.32797236458363,14070000.0,2.8,1.3714549541473389,1.2398440837860107,6.939231872558594,North America,5679029426.5,279598.0,20311.409332327126
Barbados,2017,100.0,2.31115908273211,24410000.0,4.3,1.399243950843811,1.2828021049499512,6.562636375427246,North America,5847381616.0,280171.0,20870.75970032587
Barbados,2018,100.0,2.30119275563441,26200000.0,4.9,1.446876049041748,1.3425618410110474,7.383156299591064,North America,6001101533.5,280711.0,21378.220067970266
Barbados,2019,100.0,3.40916985064258,39260000.0,3.4,1.391916036605835,1.273312211036682,7.194981575012207,North America,6166710787.5,281207.0,21929.435567037806
Barbados,2020,100.0,5.44542672560354,64060000.0,4.7,1.25553297996521,1.160232424736023,5.635054588317871,North America,5403246943.0,281698.0,19180.991497987205
Belarus,2014,96.8,0.385518929034115,133910000.0,6.7,63.69921112060547,66.2701644897461,294.8627624511719,Europe,78813049849.60782,9472708.0,8320.012592978463
Belarus,2015,97.4,0.510856170412535,174110000.0,6.8,58.82780838012695,62.091041564941406,266.96160888671875,Europe,56454775752.797455,9487293.0,5950.567327560923
Belarus,2016,98.0,0.744831079068105,250010000.0,6.7,58.18806457519531,62.025115966796875,272.797607421875,Europe,47723549319.08417,9499064.0,5024.026506094092
Belarus,2017,98.7,1.0111545704766,349000000.0,7.3,59.44437026977539,62.730613708496094,277.8399353027344,Europe,54725415191.413025,9495790.0,5763.123994045048
Belarus,2018,99.3,1.15505566100652,450310000.0,7.2,62.17066955566406,64.2143783569336,307.1786193847656,Europe,60031016755.75542,9480031.0,6332.365026628649
Belarus,2019,100.0,1.6384529840603,663000000.0,7.8,62.17063522338867,62.36420440673828,308.7904052734375,Europe,64410160389.46044,9435419.0,6826.422906016197
Belarus,2020,100.0,2.45927155753865,948000000.0,8.4,59.12289810180664,58.11101150512695,286.5444030761719,Europe,61371673344.742424,9350944.0,6563.152698245484
Belgium,2014,100.0,16.4409676752361,11927100000.0,9.1,97.0809555053711,100.36459350585938,650.8510131835938,Europe,537987419164.3432,11210119.0,47991.23177589312
Belgium,2015,100.0,20.2893623126031,14142700000.0,9.4,101.32749938964844,105.73751831054688,657.4266357421875,Europe,461044767544.5315,11275335.0,40889.6735701894
Belgium,2016,100.0,16.2257318412261,13890200000.0,9.2,99.8162841796875,102.67652130126952,709.50927734375,Europe,474271566739.7419,11332701.0,41849.82615704252
Belgium,2017,100.0,17.9413292695598,15540600000.0,9.7,99.28218841552734,103.35106658935548,716.04248046875,Europe,500908767351.5348,11376581.0,44029.815930773475
Belgium,2018,100.0,22.5176241687656,16897000000.0,10.7,100.2563705444336,103.97957611083984,714.2052612304688,Europe,542638913427.9122,11428605.0,47480.7654501938
Belgium,2019,100.0,20.4847080432275,19182700000.0,10.2,99.7987289428711,103.68399810791016,738.3692626953125,Europe,536726344405.48035,11490618.0,46709.9632417926
Belgium,2020,100.0,25.9354074206567,23200000000.0,12.3,91.25455474853516,94.6321792602539,663.9058227539062,Europe,529694473501.7823,11540107.0,45900.30868013462
Belize,2014,91.5,24.8102684256099,97420000.0,37.4,0.5019680261611938,7.349141597747803,2.774841547012329,North America,2138242200.0,348923.0,6128.120530890769
Belize,2015,91.8,29.6657822350965,121870000.0,30.3,0.6851680278778076,10.0112943649292,3.1871650218963623,North America,2193095161.0,356333.0,6154.622673173689
Belize,2016,93.3,26.4837239283577,115040000.0,33.3,0.6741759777069092,6.857395648956299,3.1915266513824463,North America,2239604957.5,364705.0,6140.867159759257
Belize,2017,94.2,25.9492036160138,120560000.0,37.2,0.6668480038642883,6.345058441162109,3.5948057174682617,North America,2266028256.5,373202.0,6071.854535881373
Belize,2018,91.7,28.323770744648,137730000.0,35.5,0.6595399975776672,5.48638391494751,3.4664642810821533,North America,2285915050.5,380226.0,6011.9903702008805
Belize,2019,92.7,42.0471943425114,173020000.0,30.4,0.7694399952888489,8.87559986114502,4.35114049911499,North America,2381187861.5,385829.0,6171.614527420178
Belize,2020,96.8,50.5651859877212,280030000.0,31.4,0.6536359786987305,7.92993688583374,3.4596338272094727,North America,2047284603.0,390812.0,5238.540789433283
Benin,2014,34.1,0.14367816091954,500000.0,51.0,4.7740159034729,32.20257568359375,20.727033615112305,Africa,13284527425.011246,11030004.0,1204.3991484510111
Benin,2015,29.6,0.821212121212121,2710000.0,49.9,5.318237781524658,17.453956604003906,22.768075942993164,Africa,11388160997.108755,11360681.0,1002.4188688256236
Benin,2016,37.0,0.123188405797101,340000.0,45.4,5.310542106628418,35.6707763671875,27.761688232421875,Africa,11821065852.12697,11697842.0,1010.533896091858
Benin,2017,34.5,1.33232628398792,4410000.0,45.4,5.555002212524414,59.9708251953125,29.448225021362305,Africa,12770754848.304834,12039780.0,1060.7133060824065
Benin,2018,39.0,2.67821782178218,5410000.0,44.0,5.6684489250183105,54.55925369262695,32.40153503417969,Africa,14339011221.653526,12383347.0,1157.926949931511
Benin,2019,40.0,1.02462121212121,5410000.0,46.5,5.272597789764404,28.799325942993164,30.183757781982425,Africa,14695455314.391895,12726755.0,1154.6898886944782
Benin,2020,41.0,0.539939332659252,5340000.0,46.2,5.540919780731201,40.66438674926758,31.72350311279297,Africa,15686741893.521658,13070169.0,1200.19426631145
Bhutan,2014,91.4,0.00544346818711573,390000.0,82.1,1.3323349952697754,9.45011043548584,4.400392055511475,Asia,2089079554.908219,733139.0,2849.4999650928667
Bhutan,2015,95.4,0.00503387539996721,390000.0,81.6,1.4338979721069336,10.38109302520752,4.605219841003418,Asia,2187815788.036474,740618.0,2954.040798409537
Bhutan,2016,99.3,0.0136935533514658,1090000.0,80.8,1.5602699518203735,9.696914672851562,5.0731987953186035,Asia,2357504767.3500776,747866.0,3152.3090598450494
Bhutan,2017,97.7,0.0194227054015839,1500000.0,79.7,1.6492869853973389,9.855730056762695,5.387446880340576,Asia,2591358023.925396,754335.0,3435.2880668739963
Bhutan,2018,100.0,0.021838547046983,1520000.0,80.0,1.6819159984588623,10.11809253692627,6.1508636474609375,Asia,2583335717.667596,759759.0,3400.2041669366154
Bhutan,2019,100.0,0.00451055295909622,390000.0,81.0,1.5648809671401978,8.953702926635742,6.274782657623291,Asia,2735683588.318328,764824.0,3576.8798943525935
Bhutan,2020,100.0,0.013191069118564,1500000.0,83.9,1.213662028312683,7.814541339874268,9.084891319274902,Asia,2457604338.0260553,770006.0,3191.6690753397447
Bolivia,2014,90.0,1.94037581305709,161090000.0,15.0,19.90032196044922,89.02930450439453,80.71146392822266,South America,32996188012.590446,10848888.0,3041.435031183882
Bolivia,2015,91.5,2.18036959167865,197040000.0,14.2,19.899728775024418,75.03970336914062,84.677734375,South America,33000198248.19103,11014705.0,2996.012898047749
Bolivia,2016,91.8,2.32578116611189,216600000.0,13.6,21.249603271484375,62.29457473754883,89.12122344970703,South America,33941099855.2822,11180020.0,3035.8711214543623
Bolivia,2017,91.8,1.97173144876325,189720000.0,14.3,22.181583404541016,113.89036560058594,93.71713256835938,South America,37508683068.017365,11344587.0,3306.306617245508
Bolivia,2018,92.8,3.55408786150305,355160000.0,14.3,22.50887107849121,129.8479461669922,95.83224487304688,South America,40287647930.53545,11508368.0,3500.72642189887
Bolivia,2019,95.1,4.63639906469213,475880000.0,13.5,22.609254837036133,95.4397201538086,95.62681579589844,South America,40895322843.849495,11671386.0,3503.8960106237164
Bolivia,2020,97.2,6.42047275641026,641020000.0,16.9,18.320192337036133,95.8230209350586,79.121337890625,South America,36629843805.065125,11816299.0,3099.942190449406
Bosnia and Herzegovina,2014,99.9,0.0563737623762376,9110000.0,23.6,19.311786651611328,17.37532615661621,60.388885498046875,Europe,19562797889.378307,3564829.0,5487.724064570364
Bosnia and Herzegovina,2015,99.7,0.065775161558641,10280000.0,25.2,18.46049118041992,17.921480178833008,61.48487854003906,Europe,17753464301.463413,3518541.0,5045.689193749175
Bosnia and Herzegovina,2016,100.0,0.141048010356278,25060000.0,23.0,21.734071731567383,21.536361694335938,63.01750183105469,Europe,18335057681.81895,3473003.0,5279.309485715662
Bosnia and Herzegovina,2017,100.0,0.169120330940504,27800000.0,18.5,22.152509689331055,20.08363151550293,65.85269927978516,Europe,19553670409.70281,3428682.0,5702.969948715806
Bosnia and Herzegovina,2018,100.0,0.688935281837161,132000000.0,35.4,22.07869529724121,20.609506607055664,62.606781005859375,Europe,21488827310.154846,3387000.0,6344.501715428062
Bosnia and Herzegovina,2019,100.0,1.66923912422112,292000000.0,36.8,20.81037712097168,21.00167655944824,59.11821365356445,Europe,21221888452.57432,3345533.0,6343.35050725081
Bosnia and Herzegovina,2020,100.0,1.89640867606969,320000000.0,37.7,20.831811904907227,20.7366943359375,56.87234878540039,Europe,21104323051.249737,3299349.0,6396.511266692229
Botswana,2014,60.0,0.104938271604938,2890000.0,25.8,6.85016393661499,8.125235557556152,19.238170623779297,Africa,15470088104.499928,2172044.0,7122.364051787131
Botswana,2015,62.1,0.117584745762712,3330000.0,26.1,5.417540073394775,5.347447395324707,23.442916870117188,Africa,13530744669.385574,2203273.0,6141.202052303811
Botswana,2016,64.2,0.192364170337739,5240000.0,26.7,6.340872764587402,6.198307037353516,25.807226181030273,Africa,15082635713.788872,2234776.0,6749.059285489406
Botswana,2017,67.4,0.158919233004067,5470000.0,26.7,7.066343784332275,6.71368408203125,23.652175903320312,Africa,16105179231.531322,2266747.0,7104.974322909139
Botswana,2018,68.3,0.190779014308426,6000000.0,25.6,7.643490791320801,7.038784503936768,23.44642448425293,Africa,17031904489.961985,2299141.0,7407.942570708793
Botswana,2019,70.1,0.236653386454183,5940000.0,26.2,7.485551834106445,6.8987627029418945,22.815040588378903,Africa,16696004661.022305,2332083.0,7159.266913322684
Botswana,2020,71.8,0.258936355710549,5940000.0,27.7,6.192160129547119,5.637393951416016,21.985153198242188,Africa,14930027226.788397,2365894.0,6310.522460764682
Brazil,2014,99.7,9.94644414479687,59306270000.0,41.7,556.5255126953125,1874.425537109375,3575.63525390625,South America,2456043766067.333,200085127.0,12274.994163196014
Brazil,2015,99.7,12.2029459455312,71570400000.0,43.7,528.1735229492188,1872.297119140625,3535.438232421875,South America,1802211999473.232,201675532.0,8936.195589027786
Brazil,2016,99.7,14.5316279595064,84921090000.0,45.4,491.7448425292969,1752.0494384765625,3451.454345703125,South America,1795693266013.0276,203218114.0,8836.285460325784
Brazil,2017,99.8,16.1410907796512,96132140000.0,45.3,497.2545471191406,1619.4608154296875,3477.62890625,South America,2063514688805.5337,204703445.0,10080.507872280965
Brazil,2018,99.7,17.5136091224846,106343160000.0,46.9,476.6005554199219,1638.6298828125,3486.3779296875,South America,1916933708374.878,206107261.0,9300.660729147616
Brazil,2019,99.8,18.5776469435984,117602450000.0,47.5,476.7237548828125,1714.41650390625,3567.01904296875,South America,1873288158861.965,207455459.0,9029.833044123294
Brazil,2020,99.7,20.1348423255784,126600640000.0,50.0,447.9993896484375,1817.2388916015625,3422.42919921875,South America,1476107292148.324,208660842.0,7074.194074939676
Brunei,2014,100.0,0.0359520639147803,1620000.0,0.0,8.830991744995117,10.543619155883787,44.30480194091797,Asia,17097795710.932203,416750.0,41026.504405356216
Brunei,2015,100.0,0.0311904761904762,1310000.0,0.0,6.933290004730225,8.412996292114258,48.9581298828125,Asia,12930298314.133038,422212.0,30625.13219456822
Brunei,2016,100.0,0.0255269320843091,1090000.0,0.0,7.632907867431641,8.955061912536621,51.14039611816406,Asia,11400267071.610737,427564.0,26663.299696912596
Brunei,2017,100.0,0.0377676208804426,1570000.0,0.0,9.3093843460083,10.561848640441896,51.34614181518555,Asia,12128166605.720732,432772.0,28024.379132015776
Brunei,2018,100.0,0.037037037037037,1590000.0,0.0,9.341090202331545,10.228656768798828,53.27944564819336,Asia,13566912772.254004,437810.0,30988.1290337224
Brunei,2019,100.0,0.0218889339278476,1080000.0,0.0,9.564188957214355,10.443108558654783,53.85089111328125,Asia,13469240146.423267,442680.0,30426.583867405952
Brunei,2020,100.0,0.0193548387096774,1110000.0,0.0,11.15709114074707,11.94239616394043,58.55068588256836,Asia,12005795924.877691,447404.0,26834.35088840889
Bulgaria,2014,95.9,5.86830911770899,2786860000.0,17.1,45.169063568115234,40.288177490234375,211.5503387451172,Europe,57080892245.42415,7223449.0,7902.165883004663
Bulgaria,2015,96.6,6.30694537550531,3104720000.0,17.9,48.12712478637695,42.070899963378906,224.680419921875,Europe,50765926093.85627,7177517.0,7072.909209947712
Bulgaria,2016,97.3,6.99176218556063,3165800000.0,17.7,45.34375,39.28573226928711,213.1173858642578,Europe,53929385148.35172,7127434.0,7566.451705950798
Bulgaria,2017,98.1,7.24359817591862,3303950000.0,17.1,47.44584274291992,41.36814880371094,218.1744842529297,Europe,59167655038.29451,7075636.0,8362.167731394677
Bulgaria,2018,98.7,9.04116403697931,4234610000.0,19.6,43.503326416015625,37.79844284057617,218.81417846679688,Europe,66097251628.15285,7024745.0,9409.202985752912
Bulgaria,2019,99.2,10.2896377269853,4555840000.0,19.3,42.19498062133789,36.51962661743164,211.55140686035156,Europe,68507753583.438934,6975469.0,9821.239773761296
Bulgaria,2020,99.7,11.3987829415517,4645460000.0,21.1,36.57102966308594,30.31332015991211,195.37388610839844,Europe,70486890658.3804,6933652.0,10165.91121942382
Burkina Faso,2014,19.2,0.214666666666667,3220000.0,78.9,2.8675200939178467,34.944889068603516,12.132243156433104,Africa,13943016080.325384,18229461.0,764.8616753027082
Burkina Faso,2015,16.2,0.256871035940803,4860000.0,78.8,3.743772029876709,33.53022003173828,15.465323448181152,Africa,11832157624.536316,18777487.0,630.1246606926857
Burkina Faso,2016,16.6,0.322934719815136,5590000.0,77.1,3.987637042999267,33.125850677490234,14.777416229248049,Africa,12833357981.583109,19334856.0,663.7421029452254
Burkina Faso,2017,17.0,0.909489851892485,16580000.0,74.6,4.621631145477295,37.51171112060547,17.163137435913086,Africa,14106957347.544949,19894407.0,709.0916229644316
Burkina Faso,2018,14.4,4.64406779661017,84940000.0,73.7,5.226245880126953,35.18948745727539,19.285503387451172,Africa,15890064409.542356,20438288.0,777.465529869349
Burkina Faso,2019,17.6,6.27078085642317,99580000.0,72.7,5.618020057678223,33.908424377441406,19.986787796020508,Africa,16032810083.24071,20961952.0,764.8529146160009
Burkina Faso,2020,18.5,6.13584905660377,97560000.0,73.1,5.6180877685546875,33.66252899169922,20.10868453979492,Africa,17725066141.364105,21478690.0,825.23962780617
Burundi,2014,7.0,2.99234516353514,6450000.0,91.3,0.3551259934902191,5.1348137855529785,1.8010014295578003,Africa,2705829234.966801,10799785.0,250.5447316744547
Burundi,2015,7.9,3.3399486906433,6900000.0,91.2,0.3554080128669739,5.261760711669922,1.834344506263733,Africa,2810531639.5568476,11047580.0,254.4024700031
Burundi,2016,8.5,4.35690693607927,8970000.0,89.6,0.4286879897117615,5.454853534698486,2.0470616817474365,Africa,2930086948.1131816,11239451.0,260.6966254947134
Burundi,2017,9.3,4.2463317029791,9550000.0,88.2,0.5164980292320251,5.792511463165283,2.4194204807281494,Africa,3297826847.6132917,11506762.0,286.5990317357126
Burundi,2018,9.5,2.85733205310731,8630000.0,85.7,0.645097017288208,5.548224925994873,3.127647876739502,Africa,3317319374.620303,11859446.0,279.7195901579469
Burundi,2019,9.8,2.3884081074926,8390000.0,84.8,0.6851680278778076,5.61881685256958,3.189260959625244,Africa,3368533751.5792475,12255336.0,274.8626191545664
Burundi,2020,9.1,2.2209352101327,8820000.0,83.4,0.7394300103187561,5.528717517852783,3.6040987968444824,Africa,3451371637.6493473,12617036.0,273.5485289611084
Cape Verde,2014,85.3,22.210880119507,89210000.0,26.1,0.4909760057926178,0.5259305834770203,3.703929901123047,Africa,2041930125.4297936,512326.0,3985.607065481341
Cape Verde,2015,86.4,20.2655352418182,85020000.0,26.4,0.4946399927139282,0.5118607878684998,3.6713249683380127,Africa,1749857628.407163,512394.0,3415.0626830274414
Cape Verde,2016,87.5,18.5976845803865,82570000.0,23.9,0.531279981136322,0.5751380324363708,3.8465981483459473,Africa,1849789992.743277,512554.0,3608.9660655136377
Cape Verde,2017,88.6,17.6363978722403,74930000.0,21.8,0.5715839862823486,0.6050363183021545,4.103631019592285,Africa,1996741544.6154883,512893.0,3893.095722919767
Cape Verde,2018,90.2,20.7974489083376,89350000.0,21.9,0.5715839862823486,0.5838950872421265,3.3885083198547363,Africa,2205099509.15921,513415.0,4294.965104562995
Cape Verde,2019,91.4,18.6581628053728,82790000.0,19.7,0.6302080154418945,0.6339452266693115,3.6076133251190186,Africa,2252177133.7471027,514104.0,4380.7811916404125
Cape Verde,2020,93.7,16.8181059359424,70520000.0,23.4,0.5202879905700684,0.5207642912864685,2.688966989517212,Africa,1821565617.6947224,514679.0,3539.2266202715136
Cambodia,2014,56.1,-0.0990223904131189,-3140000.0,63.7,6.702343940734863,51.88389587402344,27.59943389892578,Asia,22041463967.906624,15396772.0,1431.5639647003036
Cambodia,2015,62.7,4.33376539209332,200610000.0,60.6,8.186074256896973,50.28129577636719,31.964841842651367,Asia,24036943325.488785,15623251.0,1538.5365904630723
Cambodia,2016,68.8,-0.409802235597592,-23830000.0,58.0,10.643549919128418,58.99388122558594,39.69892883300781,Asia,26468108117.178123,15852803.0,1669.6169199338517
Cambodia,2017,89.1,0.699739658663581,48380000.0,56.3,12.087145805358888,60.60389709472656,41.99710464477539,Asia,29082920413.95627,16073372.0,1809.3851379757944
Cambodia,2018,80.7,-1.06715893108298,-91050000.0,58.1,13.937508583068848,67.92460632324219,49.36970901489258,Asia,32803768200.200737,16274522.0,2015.6517162347832
Cambodia,2019,84.0,0.306217444308988,27630000.0,53.0,18.626279830932617,75.74890899658203,59.82002258300781,Asia,35983219323.07737,16481304.0,2183.2750201730014
Cambodia,2020,86.4,2.41618115862372,219800000.0,51.4,20.990795135498047,71.90694427490234,60.599578857421875,Asia,34418014109.09693,16725474.0,2057.8199523132757
Cameroon,2014,56.8,0.106533680254409,7370000.0,76.9,8.775174140930176,35.358848571777344,35.7281379699707,Africa,36386544716.07533,22059893.0,1649.443391047968
Cameroon,2015,58.6,0.299059561128527,23850000.0,78.1,9.849950790405272,42.4957160949707,36.064666748046875,Africa,32210233021.65469,22763414.0,1415.0000971583036
Cameroon,2016,59.8,-4.87770836102619,-366950000.0,78.8,9.964923858642578,40.73098373413086,35.07610321044922,Africa,33814337040.780407,23454161.0,1441.720172415479
Cameroon,2017,60.9,0.208086053412463,16830000.0,79.2,9.581727981567385,47.460819244384766,34.56715393066406,Africa,36098547058.787704,24128601.0,1496.0895187743254
Cameroon,2018,62.2,1.0062893081761,86400000.0,78.7,9.843862533569336,38.329776763916016,37.519508361816406,Africa,39973842058.56503,24806383.0,1611.433720851808
Cameroon,2019,63.2,-1.41004480075454,-119600000.0,78.9,9.605290412902832,35.284584045410156,36.37277603149414,Africa,39670976440.31584,25506095.0,1555.3528064690358
Cameroon,2020,64.3,1.90210355987055,164570000.0,78.9,9.716266632080078,37.36488342285156,37.808048248291016,Africa,40773241211.69408,26210558.0,1555.6037079292275
Canada,2014,100.0,5.15099263395058,33950450000.0,22.2,564.938232421875,720.202880859375,4009.155517578125,North America,1805750783624.4585,35634264.0,50674.56377447444
Canada,2015,100.0,6.0617768124307,39908920000.0,22.3,563.0025634765625,725.9655151367188,4021.453125,North America,1556508034225.5945,35962234.0,43281.73923304082
Canada,2016,100.0,7.04207360965633,46860000000.0,22.1,553.70703125,693.3831176757812,3973.036865234375,North America,1527996250640.9324,36353343.0,42031.79472767972
Canada,2017,100.0,7.05301713153478,46773000000.0,22.8,566.6602783203125,729.884521484375,4026.634765625,North America,1649265644244.095,36808497.0,44806.65549164083
Canada,2018,100.0,7.37402019926093,48590000000.0,22.3,575.0907592773438,716.2936401367188,4082.4892578125,North America,1725300253575.837,37295005.0,46260.89347825096
Canada,2019,100.0,7.36629991725152,48071000000.0,22.4,579.0070190429688,698.9672241210938,4059.98876953125,North America,1743725183672.5212,37782935.0,46151.131024429975
Canada,2020,100.0,7.75691631401914,50573000000.0,23.9,524.2079467773438,646.3289184570312,3834.9443359375,North America,1655685475627.4597,38171902.0,43374.45578759632
Central African Republic,2014,12.0,0.304640453418349,430000.0,94.8,0.1319040060043335,4.603705883026123,0.8422949910163879,Africa,1894813389.40325,4623182.0,409.8504859647
Central African Republic,2015,12.7,0.309330264009783,430000.0,92.9,0.1941919922828674,4.482757568359375,1.13984215259552,Africa,1695825714.19282,4629320.0,366.322853938121
Central African Republic,2016,13.4,0.312250381235931,430000.0,92.1,0.2381599992513656,4.895800590515137,1.2181471586227417,Africa,1825018144.65595,4713663.0,387.176203444318
Central African Republic,2017,14.1,0.292775924286784,430000.0,91.6,0.2857919931411743,33.911930084228516,1.2516616582870483,Africa,2072349972.6818,4793511.0,432.324025684263
Central African Republic,2018,14.6,0.292775924286784,430000.0,91.4,0.2711359858512878,56.53387069702149,1.2854071855545044,Africa,2220979146.11241,4878657.0,455.243962859534
Central African Republic,2019,14.3,0.292775924286784,430000.0,91.3,0.3114399909973144,42.8645133972168,1.3362265825271606,Africa,2221301351.43918,4944703.0,449.228467602439
Central African Republic,2020,15.4,0.292775924286784,430000.0,90.9,0.3334240019321441,29.90707015991211,1.4006749391555786,Africa,2326720900.38047,5026628.0,462.879071294011
Chad,2014,8.4,3.14685314685315,9000000.0,72.5,2.1827800273895264,27.417884826660156,4.160168170928955,Africa,17515693955.759598,14188678.0,1234.4838578872252
Chad,2015,7.7,3.23448275862069,9380000.0,72.7,2.3518741130828857,27.23615074157715,4.218174457550049,Africa,14411717873.044556,14647621.0,983.894782165961
Chad,2016,9.2,6.26190476190476,18410000.0,72.7,2.3815829753875732,19.3145751953125,4.1662373542785645,Africa,13071615355.018532,15114655.0,864.8305472416362
Chad,2017,10.9,6.23154362416107,18570000.0,72.8,2.34076189994812,15.997589111328123,6.716352462768555,Africa,13349041418.19018,15622759.0,854.4612010074648
Chad,2018,10.1,5.85669781931464,18800000.0,73.1,2.383510112762451,13.196304321289062,6.868167400360107,Africa,15326949827.982178,16156531.0,948.6535090968586
Chad,2019,8.4,5.5786350148368,18800000.0,72.8,2.2997848987579346,11.759683609008787,7.029396057128906,Africa,14904993767.904482,16685223.0,893.305038110937
Chad,2020,10.9,5.66076696165192,19190000.0,71.9,2.3564460277557373,11.22131061553955,7.401151180267334,Africa,14932607694.83592,17224679.0,866.9309712439878
Chile,2014,100.0,10.4716407784829,7409000000.0,27.0,77.5862045288086,115.15825653076172,409.533935546875,South America,259405194672.98145,17864195.0,14520.95628563064
Chile,2015,99.7,11.9805341183335,9035000000.0,25.1,81.7784652709961,117.02867126464844,414.2297973632813,South America,242496655711.46487,18047625.0,13436.48572659643
Chile,2016,100.0,14.1250913857867,11206000000.0,24.6,84.25049591064453,120.35965728759766,433.90338134765625,South America,249298706449.0996,18267221.0,13647.325252653352
Chile,2017,99.7,17.271276260967,13720820000.0,24.1,84.1346206665039,116.73733520507812,450.3468933105469,South America,276364936832.2599,18558868.0,14891.260438527815
Chile,2018,100.0,17.9372593789091,14769360000.0,25.5,84.44264221191406,113.95323181152344,468.2776794433594,South America,295402646018.25397,18893191.0,15635.402511849585
Chile,2019,100.0,18.807244731427,15903030000.0,25.3,91.97705078125,119.134765625,473.9787292480469,South America,278179598010.53076,19197744.0,14490.22333095653
Chile,2020,100.0,22.7416094198326,19101360000.0,26.7,80.17822265625,114.26434326171876,442.4776611328125,South America,253880204385.33264,19370624.0,13106.454618360907
China,2014,100.0,3.61274014155713,210163860000.0,11.9,9976.02734375,9843.4345703125,34729.06640625,Asia,10674533004078.432,1387951972.0,7690.851859014061
China,2015,100.0,4.55807103746262,266840190000.0,12.2,9858.0400390625,9830.0693359375,35135.98828125,Asia,11280815379842.666,1396134174.0,8080.036711315875
China,2016,100.0,5.9539883138882,369137630000.0,12.6,9748.1748046875,9603.5576171875,35277.7109375,Asia,11456024379019.934,1404052632.0,8159.255656037211
China,2017,100.0,7.19946452516446,483428780000.0,13.1,10000.013671875,9814.3740234375,36649.3828125,Asia,12537558902128.822,1412354727.0,8877.060884527222
China,2018,100.0,8.56768880402383,611976560000.0,13.5,10346.7900390625,10168.7900390625,38409.8203125,Asia,14147765393703.691,1419008956.0,9970.173432579584
China,2019,100.0,9.50765506036168,713503210000.0,14.3,10713.5146484375,10480.94921875,40188.72265625,Asia,14560167080356.98,1423520357.0,10228.281603953894
China,2020,100.0,10.6602772642896,827825430000.0,14.9,10896.5205078125,10632.8369140625,41493.890625,Asia,14996413581161.016,1426106093.0,10515.636708075555
Colombia,2014,97.8,-2.28231933813597,-1622090000.0,32.1,92.04168701171876,186.4838104248047,510.58587646484375,South America,381240864422.4066,46565429.0,8187.208248900844
Colombia,2015,98.2,-2.95292381291669,-2320880000.0,31.1,91.0265884399414,171.48553466796875,504.4018249511719,South America,293492370228.84827,46969940.0,6248.514906104804
Colombia,2016,98.4,-0.916666666666667,-704000000.0,30.5,91.5828857421875,137.64578247070312,548.828857421875,South America,282720100286.22815,47437512.0,5959.842503675744
Colombia,2017,98.5,-3.01333249243189,-2388970000.0,32.2,83.45881652832031,229.6971893310547,555.2252807617188,South America,311866875135.57623,48131078.0,6479.532312481682
Colombia,2018,98.5,-1.7138176406588,-1370420000.0,30.4,90.81068420410156,205.0991973876953,571.2804565429688,South America,334198218100.71594,49024465.0,6816.96818314521
Colombia,2019,99.4,2.30789031897034,1855890000.0,31.5,98.9619140625,164.24244689941406,573.7360229492188,South America,323031701210.76825,49907985.0,6472.545449606276
Colombia,2020,99.7,2.45172158040956,1950320000.0,32.0,92.3051528930664,124.28032684326172,517.8126831054688,South America,270348342517.0656,50629997.0,5339.6871130975105
Comoros,2014,71.8,0.0,0.0,68.0,0.1648799926042556,0.1936057657003402,0.6978873610496521,Africa,1149587560.8057616,711503.0,1615.7170957898445
Comoros,2015,74.1,0.0,0.0,67.0,0.1795359998941421,0.196317121386528,0.7533228993415833,Africa,966029599.8013216,726682.0,1329.3704808999282
Comoros,2016,76.4,0.0,0.0,64.0,0.2051839977502823,0.2160660773515701,0.8839073181152344,Africa,1012835492.5158548,741741.0,1365.4840335317244
Comoros,2017,78.7,0.0,0.0,59.5,0.263808012008667,0.3041486144065857,1.1361031532287598,Africa,1077439756.122238,756669.0,1423.92480215555
Comoros,2018,81.0,0.0,0.0,57.7,0.2857919931411743,0.3269753754138946,0.8242696523666382,Africa,1188797449.960358,771590.0,1540.7113233198434
Comoros,2019,83.3,0.0,0.0,55.3,0.3114399909973144,0.339652806520462,0.9079209566116332,Africa,1195019531.0367105,786578.0,1519.2638632617625
Comoros,2020,85.6,0.0,0.0,50.8,0.3700639903545379,0.3889702558517456,1.0705446004867554,Africa,1225039195.9374392,802163.0,1527.1699092795843
Democratic Republic of Congo,2014,13.5,-1.11873023045639,-99030000.0,92.9,5.065957069396973,850.2811889648438,32.198055267333984,Africa,38352980572.21783,78403242.0,489.1759523441368
Democratic Republic of Congo,2015,16.6,-1.65237297599107,-147970000.0,95.8,3.2743799686431885,668.211181640625,23.153078079223633,Africa,40179574478.1215,81035531.0,495.8266328645579
Democratic Republic of Congo,2016,17.3,-2.92143560564613,-266990000.0,97.0,2.6594040393829346,712.5715942382812,19.87961769104004,Africa,38600224297.968605,83956415.0,459.7650375849017
Democratic Republic of Congo,2017,18.0,3.54386886623936,337270000.0,96.7,2.920245885848999,727.8073120117188,21.184524536132812,Africa,37537521574.85487,87083398.0,431.0525592358589
Democratic Republic of Congo,2018,18.7,1.08926595352269,118120000.0,96.4,3.774204969406128,591.3687133789062,26.087726593017575,Africa,46659954103.33785,90047644.0,518.1696269958807
Democratic Republic of Congo,2019,19.1,1.15431523672398,136290000.0,96.3,4.118092060089111,510.5823974609375,28.541601181030273,Africa,46845900342.18539,92947442.0,504.00419133842746
Democratic Republic of Congo,2020,20.1,-4.22328854766475,-528080000.0,96.2,4.304789066314697,550.0568237304688,29.118513107299805,Africa,46691989753.12294,95989998.0,486.4255727260557
Congo,2014,43.4,1.73188405797101,31070000.0,62.1,5.4710869789123535,20.91349220275879,27.647802352905273,Africa,17919321082.53527,4975880.0,3601.236581777549
Congo,2015,44.3,1.13181654026724,31340000.0,64.2,5.636681079864502,29.146812438964844,27.69791603088379,Africa,12434793867.76992,5097581.0,2439.351894117998
Congo,2016,45.3,1.23848238482385,36560000.0,67.7,5.727210998535156,24.443435668945312,26.362892150878903,Africa,10931328149.741014,5222536.0,2093.107285376494
Congo,2017,46.2,1.05264934188323,31190000.0,69.8,5.6509480476379395,27.635351181030273,19.144315719604492,Africa,11834473047.747198,5351011.0,2211.6331003145383
Congo,2018,47.0,-0.634351145038168,-16620000.0,70.6,6.544666767120361,21.88513946533203,17.787248611450195,Africa,14773900277.968191,5483118.0,2694.434129991036
Congo,2019,47.7,7.74524207011686,231970000.0,69.8,7.2935967445373535,19.888853073120117,14.462530136108398,Africa,13799665337.084164,5616661.0,2456.916188654463
Congo,2020,48.7,5.45404411764706,178020000.0,71.4,7.677297115325928,27.841827392578125,11.937475204467772,Africa,10688419404.527086,5752791.0,1857.953714036732
Costa Rica,2014,99.4,23.2457668591563,2375020000.0,37.6,7.701872825622559,9.82288932800293,40.82762145996094,North America,52016408923.875,4767119.0,10911.497892935964
Costa Rica,2015,99.4,23.7778394376619,2570860000.0,38.3,7.352825164794922,12.127126693725586,41.15814208984375,North America,56441920823.796875,4818038.0,11714.71059875345
Costa Rica,2016,99.5,23.810464690816,2602960000.0,34.1,7.828941822052002,10.379451751708984,43.51237869262695,North America,58847019585.00249,4866998.0,12091.030155550196
Costa Rica,2017,99.6,22.3441049572951,2537620000.0,33.3,7.986782073974609,10.702832221984863,44.91397476196289,North America,60516044623.49642,4913177.0,12317.090270408826
Costa Rica,2018,99.7,25.2969360298585,2914460000.0,33.1,7.966997146606445,8.919270515441895,46.12862014770508,North America,62420164964.705666,4957818.0,12590.249372749397
Costa Rica,2019,99.7,30.2267861804891,3473360000.0,33.4,7.66039514541626,8.622671127319336,46.27708053588867,North America,64417670555.76181,4999553.0,12884.686002080947
Costa Rica,2020,99.9,28.2283229601842,3310900000.0,36.4,6.754069805145264,7.486649990081787,40.528926849365234,North America,62395610764.00055,5034320.0,12394.049397734065
Cote d'Ivoire,2014,61.9,0.0120685493603669,1000000.0,71.9,9.90322494506836,447.0901489257813,47.35548782348633,Africa,46314495438.7368,24527395.0,1888.2761678823535
Cote d'Ivoire,2015,62.6,0.00573986913098381,500000.0,64.5,9.554744720458984,178.51028442382812,48.21360778808594,Africa,45814638127.80768,25246342.0,1814.7040124786267
Cote d'Ivoire,2016,64.3,0.00104854776135053,100000.0,64.0,11.979472160339355,297.94976806640625,54.957275390625,Africa,48406917300.21711,25989405.0,1862.5635061755784
Cote d'Ivoire,2017,65.6,0.00556947925368978,600000.0,62.5,12.00190544128418,467.1820983886719,53.68421936035156,Africa,52512776303.11319,26733372.0,1964.3154744232488
Cote d'Ivoire,2018,67.1,0.0059624366491106,600000.0,60.5,10.415200233459473,249.8448181152344,53.910587310791016,Africa,58523356317.26087,27464173.0,2130.8981820519725
Cote d'Ivoire,2019,68.6,0.257567211881933,27400000.0,61.1,10.538744926452637,254.91001892089844,57.43593215942383,Africa,60382990256.42104,28193009.0,2141.7717511607593
Cote d'Ivoire,2020,69.9,0.219458018658374,24700000.0,61.8,11.018607139587402,307.7653503417969,55.71131134033203,Africa,63027852858.97298,28915449.0,2179.729350181385
Croatia,2014,100.0,6.85598347351335,929260000.0,33.6,17.649938583374023,17.23967933654785,96.00875091552734,Europe,58816418326.22391,4219479.0,13939.260824908455
Croatia,2015,100.0,9.81233008857318,1118900000.0,33.1,17.79389190673828,16.953039169311523,91.01988220214844,Europe,50503900671.94093,4183729.0,12071.503835917894
Croatia,2016,100.0,11.7807332293292,1510290000.0,31.8,18.07927703857422,14.773799896240234,94.7305679321289,Europe,52661492963.26975,4136444.0,12731.102600027887
Croatia,2017,100.0,15.0963865476091,1809000000.0,29.8,18.713125228881836,14.998379707336426,94.78340911865234,Europe,56573333482.54205,4079200.0,13868.732467773596
Croatia,2018,100.0,15.2688724231531,2081300000.0,32.8,17.69451141357422,15.20119571685791,98.16043853759766,Europe,62657500798.94965,4024868.0,15567.59148348459
Croatia,2019,100.0,19.7594043887147,2521300000.0,31.6,17.82042121887207,17.079193115234375,95.81319427490234,Europe,62467134461.194405,3986334.0,15670.321267910416
Croatia,2020,100.0,21.5808741128129,2888600000.0,32.4,16.870105743408203,14.54145050048828,91.3784637451172,Europe,57809321772.77617,3953958.0,14620.62110239314
Cuba,2014,98.7,3.48321801094702,674560000.0,23.2,27.366439819335938,17.697620391845703,127.1825180053711,North America,80656000000.0,11285775.0,7146.695729801454
Cuba,2015,99.0,3.71870070977918,754450000.0,21.1,29.091232299804688,17.747636795043945,127.57656860351562,North America,87205671392.82736,11275065.0,7734.383029528199
Cuba,2016,99.2,3.65602698210969,747950000.0,19.2,27.772245407104492,34.202640533447266,99.42601013183594,North America,91370000000.0,11265612.0,8110.522535304784
Cuba,2017,99.4,3.4391964198852,707030000.0,22.0,24.55916976928711,23.03205108642578,105.78384399414062,North America,96851000000.0,11247829.0,8610.639439842123
Cuba,2018,99.6,2.95037673369487,614770000.0,24.0,23.01947021484375,31.09225273132324,105.49227142333984,North America,100050000000.0,11227118.0,8911.458844558327
Cuba,2019,99.8,3.59813966665093,762050000.0,23.1,22.486915588378903,21.991945266723633,94.1507797241211,North America,103428000000.0,11202846.0,9232.296864564594
Cuba,2020,99.9,3.98603583809384,816380000.0,24.5,21.280834197998047,18.120559692382812,84.14310455322266,North America,107352000000.0,11176354.0,9605.27914559614
Cyprus,2014,100.0,7.29747126436782,317440000.0,9.5,6.929789066314697,7.566628932952881,28.294397354125977,Europe,23225913511.99958,852504.0,27244.34549515261
Cyprus,2015,100.0,8.81164534627261,399520000.0,10.4,6.952476978302002,5.622775077819824,29.18447494506836,Europe,19909321211.953136,847700.0,23486.28195346601
Cyprus,2016,100.0,8.68917536320851,424640000.0,10.3,7.349925994873047,7.454826354980469,31.7369384765625,Europe,21046434406.926704,851600.0,24713.990614052025
Cyprus,2017,100.0,8.69724220623501,435210000.0,10.9,7.469282150268555,8.087655067443848,32.59568405151367,Europe,22946535928.94142,859519.0,26696.950188351184
Cyprus,2018,100.0,9.43537549407115,477430000.0,12.0,7.324203014373779,6.5345377922058105,32.46214294433594,Europe,25754019758.901512,870067.0,29600.04201848997
Cyprus,2019,100.0,10.0128379692667,514760000.0,12.0,7.324481964111328,6.521259784698486,32.493499755859375,Europe,26196711056.470108,875899.0,29908.369636761898
Cyprus,2020,100.0,12.3048051144566,596660000.0,15.0,6.903172969818115,6.357639789581299,28.281314849853516,Europe,25555038863.190296,888005.0,28778.03487952241
Czechia,2014,100.0,8.42986488368854,7262160000.0,14.8,104.2325668334961,98.1166534423828,479.9368896484375,Europe,210911285077.68277,10517226.0,20053.88921733571
Czechia,2015,100.0,9.09053306632337,7626230000.0,14.8,104.9897003173828,100.30136108398438,470.7161254882813,Europe,189107698561.9188,10524416.0,17968.474313626408
Czechia,2016,100.0,8.863940270559,7384460000.0,14.8,106.63642120361328,103.18035125732422,464.3742980957031,Europe,198160659303.9398,10531948.0,18815.1953754367
Czechia,2017,100.0,8.91174646204742,7758210000.0,14.5,107.73553466796876,102.6239242553711,490.5819091796875,Europe,221563575696.2173,10541342.0,21018.53594126984
Czechia,2018,100.0,8.86310301350569,7802810000.0,14.7,106.32205200195312,100.65370178222656,489.0242614746094,Europe,251992360762.23715,10548937.0,23887.93873375461
Czechia,2019,100.0,9.27101740679037,8069030000.0,15.9,100.99749755859376,95.30972290039062,477.9049377441406,Europe,256794209028.76953,10554875.0,24329.441043003302
Czechia,2020,100.0,10.1230189882734,8252690000.0,17.0,91.66145324707033,86.03538513183594,442.5675964355469,Europe,251109660602.53552,10550129.0,23801.572530775265
Denmark,2014,100.0,55.831096196868,17968680000.0,30.2,37.57138442993164,39.26536178588867,203.56350708007812,Europe,352832602064.45215,5643794.0,62516.91717742571
Denmark,2015,100.0,65.3734277816171,18919070000.0,32.5,35.110572814941406,37.13420104980469,198.97459411621097,Europe,301758922337.63776,5683701.0,53091.97692447892
Denmark,2016,100.0,60.1579016307551,18371020000.0,32.0,36.916561126708984,39.26738357543945,201.6014709472656,Europe,312181849372.23346,5728201.0,54499.10877293473
Denmark,2017,100.0,70.2111727161369,21780910000.0,35.0,34.66461944580078,37.799171447753906,202.9842987060547,Europe,331610593961.98834,5765168.0,57519.67574266497
Denmark,2018,100.0,68.3113372188745,20745470000.0,34.6,34.60895538330078,36.77800750732422,200.11732482910156,Europe,355293374912.3933,5793824.0,61322.77661737624
Denmark,2019,100.0,78.1176311153273,23057200000.0,37.2,30.95028305053711,32.615535736083984,216.8020172119141,Europe,345401473012.6152,5814618.0,59402.26391701315
Denmark,2020,100.0,81.5576093010304,23429870000.0,39.5,28.29967498779297,29.839435577392575,192.16619873046875,Europe,355631021931.6216,5831530.0,60984.17086624292
Djibouti,2014,58.9,0.497512437810945,500000.0,29.4,0.4176180064678192,0.5101339817047119,4.137435436248779,Africa,2214679188.1657205,1002717.0,2208.678209470589
Djibouti,2015,59.1,0.280112044817927,500000.0,24.8,0.504921019077301,0.5969606637954712,3.648825645446778,Africa,2420794391.208692,1020313.0,2372.599772039259
Djibouti,2016,59.8,0.677200902934537,600000.0,23.6,0.4277659952640533,0.5183400511741638,3.488196849822998,Africa,2552405174.4025745,1037653.0,2459.7868212230624
Djibouti,2017,60.2,1.00671140939597,600000.0,23.3,0.4137429893016815,0.5026316046714783,3.1574673652648926,Africa,2774404825.5411572,1054841.0,2630.1640015330813
Djibouti,2018,62.4,1.07913669064748,600000.0,24.7,0.4715180099010467,0.5618722438812256,3.106926918029785,Africa,2913465488.0402427,1071882.0,2718.084162286747
Djibouti,2019,64.7,0.655021834061135,600000.0,23.4,0.5402169823646545,0.6504301428794861,3.522855043411255,Africa,3088852752.347781,1088709.0,2837.170219358691
Djibouti,2020,64.5,0.477707006369427,600000.0,27.5,0.4630619883537292,0.562393069267273,3.136225700378418,Africa,3144136033.4456816,1105188.0,2844.887958832055
Dominica,2014,95.7,0.92852306799497,960000.0,9.9,0.1685439944267273,0.0227534379810094,0.7267972826957703,North America,572255555.5555555,70373.0,8131.748760967352
Dominica,2015,96.7,0.889300602130616,960000.0,8.7,0.1758719980716705,0.0348079986870288,0.769214391708374,North America,583177777.7777778,70410.0,8282.598747021415
Dominica,2016,97.8,0.851441241685144,960000.0,10.7,0.1722079962491989,0.0378124676644802,0.7864896655082703,North America,612711111.111111,69606.0,8802.561720413629
Dominica,2017,98.9,1.10841704191202,960000.0,9.7,0.153888002038002,0.0292753595858812,0.7458202242851257,North America,563355555.5555555,68496.0,8224.648965714136
Dominica,2018,99.6,1.17860380779692,780000.0,7.9,0.1648799926042556,0.0425756722688674,0.7254288792610168,North America,628244444.4444444,68174.0,9215.308540564503
Dominica,2019,99.9,0.830140485312899,780000.0,7.6,0.1722079962491989,0.0556195229291915,0.7562105059623718,North America,644259259.2592592,67880.0,9491.149959623735
Dominica,2020,100.0,0.794216474900723,780000.0,8.6,0.1575520038604736,0.0486579127609729,0.6885661482810974,North America,528944444.4444444,67573.0,7827.748426804263
Dominican Republic,2014,98.5,2.23561484918794,385420000.0,17.3,21.264209747314453,40.52091217041016,85.22289276123047,North America,67014329686.89041,10315528.0,6496.451726648448
Dominican Republic,2015,98.6,2.51366970437875,452360000.0,14.9,22.986127853393555,29.9051513671875,95.4413833618164,North America,70966782456.09415,10434829.0,6800.953082805108
Dominican Republic,2016,98.9,3.18636751225751,597890000.0,15.3,24.140365600585938,27.663997650146484,100.5758056640625,North America,75552902735.37149,10551430.0,7160.442019268619
Dominican Republic,2017,100.0,3.72036062327375,713900000.0,16.9,23.45519638061523,25.882339477539062,98.017822265625,North America,79070274416.80397,10666843.0,7412.715685119203
Dominican Republic,2018,98.9,4.8794058408862,969050000.0,15.9,25.203123092651367,26.194786071777344,108.86692810058594,North America,84994732293.84439,10782053.0,7882.982238525853
Dominican Republic,2019,99.0,6.10528041980977,1303050000.0,14.4,28.47110366821289,29.092262268066406,123.64022827148438,North America,89146130164.61856,10894043.0,8183.016182754058
Dominican Republic,2020,100.0,8.23111069576188,1761540000.0,16.0,26.227630615234375,26.573366165161133,101.95401763916016,North America,78546671944.08804,11008300.0,7135.2226905233365
Ecuador,2014,99.0,2.04332263638608,496650000.0,12.2,43.75981521606445,113.47715759277344,188.56317138671875,South America,102717793361.0,16035124.0,6405.799753154388
Ecuador,2015,98.8,2.092408477842,542980000.0,13.1,41.297733306884766,59.18775939941406,188.046142578125,South America,97209557102.0,16266225.0,5976.15962535868
Ecuador,2016,98.7,2.24435250613261,613000000.0,14.8,39.374515533447266,56.806766510009766,187.40383911132812,South America,97671432667.0,16505139.0,5917.637692539275
Ecuador,2017,99.2,2.0339956479863,570190000.0,17.0,39.19587326049805,49.51380920410156,195.10971069335935,South America,104467485714.0,16759519.0,6233.322430912248
Ecuador,2018,98.7,1.86801162591896,546300000.0,16.3,38.45119094848633,70.03304290771484,206.38023376464844,South America,107478961000.0,17049547.0,6303.918866583376
Ecuador,2019,99.1,1.8561739292019,599340000.0,17.7,40.0826301574707,66.28396606445312,211.3330993652344,South America,107595830000.0,17340021.0,6205.057652467664
Ecuador,2020,98.9,1.84190988223246,575560000.0,20.2,32.4732666015625,45.05558776855469,182.8623962402344,South America,95865473000.0,17546065.0,5463.645153485981
Egypt,2014,99.8,0.762243511424232,1335100000.0,5.4,227.25408935546875,229.38372802734375,961.9715576171876,Africa,300949110389.5702,97528654.0,3085.750679893216
Egypt,2015,99.3,1.12558481809539,2095490000.0,5.3,226.65396118164065,227.35987854003903,976.1080932617188,Africa,317744560653.816,99597342.0,3190.291570771196
Egypt,2016,100.0,1.72659124623206,3270630000.0,5.1,245.16358947753903,247.444580078125,1030.2607421875,Africa,270255270302.5495,101644589.0,2658.82594402098
Egypt,2017,100.0,1.65107456341094,3246640000.0,4.9,253.3638916015625,255.1488037109375,1070.745361328125,Africa,205589377739.85385,103696057.0,1982.615189889562
Egypt,2018,100.0,1.41264841531751,2820960000.0,5.0,241.90318298339844,244.3713531494141,1071.3455810546875,Africa,262628678274.5393,105682094.0,2485.0820828222736
Egypt,2019,100.0,1.48541341337281,2929770000.0,6.2,234.06016540527344,236.7307281494141,1048.5794677734375,Africa,333679537921.1624,107553158.0,3102.4615559978483
Egypt,2020,100.0,4.54901136925358,9202650000.0,6.7,246.3232879638672,249.3935546875,986.90478515625,Africa,390413889899.8391,109315124.0,3571.4535703206
El Salvador,2014,95.1,31.7866221798538,2000650000.0,24.0,6.120197772979736,6.488722801208496,31.53178596496582,North America,22593472396.0,6162955.0,3666.0128779132738
El Salvador,2015,95.4,35.1713153985806,2131030000.0,21.0,6.637127876281738,6.701687335968018,33.656982421875,North America,23438237940.0,6183676.0,3790.3405579464384
El Salvador,2016,96.0,36.7846103255508,2237240000.0,20.7,6.572031021118164,6.637249946594238,34.1254997253418,North America,24191430000.0,6200800.0,3901.3401496581087
El Salvador,2017,96.8,44.1040577096483,2445570000.0,25.0,5.941628932952881,6.160369873046875,33.040977478027344,North America,24979190000.0,6213533.0,4020.126713739188
El Salvador,2018,97.0,48.180807706558,2600800000.0,23.2,6.45216178894043,6.697906494140625,36.13758087158203,North America,26020853736.0,6219807.0,4183.5468103753055
El Salvador,2019,97.4,47.4598155467721,2881760000.0,19.4,7.634154796600342,7.890195369720459,40.30207443237305,North America,26881136766.0,6222318.0,4320.116195604275
El Salvador,2020,99.7,53.3756329113924,3373340000.0,23.7,6.134853839874268,6.294751167297363,33.576446533203125,North America,24921192366.0,6234673.0,3997.193175327719
Equatorial Guinea,2014,66.0,-27.5021758050479,-316000000.0,4.9,7.641308784484863,7.545165538787842,30.61197853088379,Africa,21765550301.22571,1399828.0,15548.731916510966
Equatorial Guinea,2015,66.1,-26.1739799846035,-340000000.0,5.5,7.009904861450195,8.175497055053711,27.13514709472656,Africa,13185496881.40524,1453923.0,9068.9100326532
Equatorial Guinea,2016,66.2,-24.5929899856938,-343810000.0,4.8,7.537713050842285,8.24065113067627,26.795557022094727,Africa,11240814853.385386,1508186.0,7453.2019614194705
Equatorial Guinea,2017,66.4,-23.2985746436609,-310570000.0,5.0,6.815630912780762,8.728678703308105,30.250629425048828,Africa,12200908721.079205,1562396.0,7809.101355276898
Equatorial Guinea,2018,66.5,-23.3064992614476,-315570000.0,4.8,7.03436803817749,8.11110782623291,19.972768783569336,Africa,13097013924.579618,1616422.0,8102.471956320576
Equatorial Guinea,2019,66.6,-22.8829407566024,-320590000.0,7.4,5.513670921325684,6.900092124938965,19.94532585144043,Africa,11364131839.505571,1670177.0,6804.148206750286
Equatorial Guinea,2020,66.7,-25.6825284090909,-361610000.0,6.5,6.389505863189697,8.598201751708984,23.510122299194336,Africa,9893812489.132042,1716468.0,5764.052979217813
Eritrea,2014,44.6,5.8122866894198,17030000.0,80.5,0.5691069960594177,5.075203895568848,2.370650053024292,Africa,2604234146.3414636,3095173.0,841.3856499592958
Eritrea,2015,45.8,5.95454545454546,17030000.0,81.2,0.5574830174446106,6.310549259185791,2.352080821990967,Africa,2013196747.9674797,3105546.0,648.2585503378407
Eritrea,2016,46.9,6.56655290102389,19240000.0,81.4,0.5543659925460815,7.362700939178467,2.3943567276000977,Africa,2173713029.315961,3124698.0,695.6553975187237
Eritrea,2017,48.0,6.22849462365591,23170000.0,81.6,0.553396999835968,8.394869804382324,2.6301863193511963,Africa,1903966832.504146,3150347.0,604.3673387420961
Eritrea,2018,49.1,6.04859335038363,23650000.0,80.8,0.6161350011825562,8.656783103942871,2.617993116378784,Africa,2005658374.7927032,3192760.0,628.1895209137872
Eritrea,2019,50.3,5.89526184538653,23640000.0,80.6,0.6445800065994263,9.256775856018066,2.5873513221740723,Africa,1981857048.092869,3240194.0,611.6476507557477
Eritrea,2020,51.4,5.73300970873786,23620000.0,80.9,0.6409109830856323,9.532010078430176,2.5371718406677246,Africa,2112199004.9751244,3291271.0,641.7578512906182
Estonia,2014,100.0,10.9655310943275,1364770000.0,25.3,18.783952713012695,18.18671989440918,74.1614761352539,Europe,27055689003.003433,1314452.0,20583.246100278626
Estonia,2015,100.0,15.1611154907371,1538550000.0,28.2,15.779626846313477,15.387799263000488,68.62640380859375,Europe,23311847750.93947,1314576.0,17733.35870344466
Estonia,2016,100.0,12.7593886104035,1552690000.0,27.2,17.43290901184082,15.801111221313477,70.76302337646484,Europe,24561027787.790234,1315849.0,18665.53668984073
Estonia,2017,100.0,13.9249240121581,1832520000.0,27.5,18.616037368774418,17.23950958251953,78.48448181152344,Europe,27469461919.11912,1317425.0,20850.87342286591
Estonia,2018,100.0,15.9640892914914,1973800000.0,28.6,17.800687789916992,16.70126724243164,77.87899780273438,Europe,31222632740.724163,1321965.0,23618.350516635583
Estonia,2019,100.0,27.886014445174,2123520000.0,31.3,12.288093566894531,10.933953285217283,62.76065826416016,Europe,31873748770.03079,1326822.0,24022.626071945437
Estonia,2020,100.0,48.3825271470879,2940690000.0,40.4,9.19824504852295,8.212299346923828,58.73331069946289,Europe,31820771493.89682,1329669.0,23931.347947419108
Eswatini,2014,65.0,46.740206185567,226690000.0,68.3,0.762112021446228,1.1276692152023315,5.492244243621826,Africa,4286002803.57148,1136299.0,3771.8970126449817
Eswatini,2015,64.1,79.8263157894737,303340000.0,68.8,0.8500480055809021,1.1989707946777344,5.6441168785095215,Africa,3905371403.928523,1142813.0,3417.3319728849106
Eswatini,2016,63.4,61.5156695156695,215920000.0,64.3,1.0222560167312622,1.6440367698669434,5.874515533447266,Africa,3723971451.814416,1149507.0,3239.624858147376
Eswatini,2017,73.5,22.8368298368298,97970000.0,65.3,0.970960021018982,1.7128101587295532,6.091822147369385,Africa,4465533243.432915,1158195.0,3855.597065634815
Eswatini,2018,74.0,22.6864754098361,110710000.0,65.7,1.0149279832839966,1.74864399433136,6.384698867797852,Africa,4646863373.848156,1168929.0,3975.31704136706
Eswatini,2019,77.0,38.4753086419753,186990000.0,64.4,1.0992000102996826,1.8971824645996096,6.899387836456299,Africa,4616996071.23041,1179874.0,3913.126377249104
Eswatini,2020,80.0,28.8857677902622,154250000.0,63.7,0.9892799854278564,1.4141207933425903,6.832334518432617,Africa,4120551991.3893495,1192729.0,3454.7260873084747
Ethiopia,2014,27.2,-16.9678942398489,-1617210000.0,91.4,11.543205261230469,138.03958129882812,52.71937942504883,Africa,54163248201.86159,101115610.0,535.6566429442654
Ethiopia,2015,29.0,-1.05729316116691,-110540000.0,91.5,12.563613891601562,188.54090881347656,55.38664627075195,Africa,63078657756.0862,103867135.0,607.3014120981213
Ethiopia,2016,42.9,-9.90445859872612,-1244000000.0,90.4,14.323219299316406,226.57144165039065,63.78206253051758,Africa,72157653325.82938,106718162.0,676.151575078939
Ethiopia,2017,44.3,-0.762009063444109,-100890000.0,90.8,14.602656364440918,250.338623046875,63.7282829284668,Africa,76794686090.07782,109666481.0,700.2566818030554
Ethiopia,2018,44.8,-2.72527018654918,-395900000.0,90.0,16.117197036743164,254.04193115234375,69.21724700927734,Africa,80210324516.25772,112664152.0,711.9418474499122
Ethiopia,2019,48.0,0.996209350269336,149800000.0,89.3,17.177141189575195,268.30322265625,79.65364074707031,Africa,92561902026.33322,115737383.0,799.758035191907
Ethiopia,2020,51.1,0.822832900652188,129950000.0,90.7,16.735015869140625,273.25762939453125,68.5909194946289,Africa,96622412983.15054,118917671.0,812.5151810545511
Fiji,2014,93.0,8.86782210069165,88210000.0,33.2,1.1798080205917358,0.6307942271232605,6.375791549682617,Oceania,4857103868.983349,917585.0,5293.355786094312
Fiji,2015,93.2,7.95721085431081,81080000.0,32.7,1.4619359970092771,1.3775907754898071,6.745136260986328,Oceania,4682480322.090374,918578.0,5097.53153470949
Fiji,2016,93.4,5.67636836689125,58470000.0,27.7,1.3446879386901855,1.255542874336243,6.502793312072754,Oceania,4930213777.479193,919166.0,5363.790411611388
Fiji,2017,96.0,7.04117694666511,78300000.0,28.6,1.4546079635620115,0.970960021018982,7.080512046813965,Oceania,5353468384.173433,918759.0,5826.847284405849
Fiji,2018,95.1,8.56686612736238,97640000.0,25.8,1.480255961418152,1.5051344633102417,7.229166030883789,Oceania,5581425888.57119,917180.0,6085.420406649938
Fiji,2019,96.1,8.85082665840959,108620000.0,26.5,1.5094560384750366,1.1517030000686646,7.1563920974731445,Oceania,5344904753.28067,914899.0,5842.070822331941
Fiji,2020,97.1,9.86987851595928,123410000.0,31.8,1.3702399730682373,1.2074484825134275,5.106173515319824,Oceania,4227724978.171026,914963.0,4620.65130302649
Finland,2014,100.0,18.9061591329633,12873960000.0,41.2,47.62200164794922,69.16166687011719,329.8229064941406,Europe,273478528954.897,5461684.0,50072.19915229387
Finland,2015,100.0,20.0562253094068,13758370000.0,43.2,44.19200134277344,67.07598876953125,328.8933410644531,Europe,233210733506.25015,5479717.0,42558.901035628325
Finland,2016,100.0,21.2534578297482,14613240000.0,42.4,47.25199890136719,70.98936462402344,334.0833435058594,Europe,238777818792.6142,5495469.0,43449.94372502405
Finland,2017,100.0,24.7370229403314,16703180000.0,44.4,44.65700149536133,71.03996276855469,327.2159118652344,Europe,253846138440.00272,5508396.0,46083.49480320636
Finland,2018,100.0,26.810696952877,18838000000.0,44.2,45.73600006103515,73.73174285888672,333.8409729003906,Europe,273869255596.07367,5515736.0,49652.35022054603
Finland,2019,100.0,28.3501966496722,19462410000.0,45.4,42.444000244140625,70.69036102294922,326.99151611328125,Europe,267014821129.4069,5521759.0,48356.84084173302
Finland,2020,100.0,28.9380079980366,20044490000.0,47.3,37.720001220703125,66.0311050415039,313.9499206542969,Europe,270000311606.2218,5529612.0,48828.07538869306
France,2014,100.0,5.28213022254103,30265180000.0,13.2,327.80877685546875,314.3419189453125,2797.7822265625,Europe,2861236112552.3794,66841142.0,42806.51148288848
France,2015,100.0,6.2562290589978,36280060000.0,13.3,332.1310119628906,325.8767395019531,2823.4267578125,Europe,2442483452642.5015,67080971.0,36410.97342855251
France,2016,100.0,6.75997569625276,38161550000.0,14.2,335.4963684082031,324.3352355957031,2766.59716796875,Europe,2470407619777.195,67260373.0,36729.02051520283
France,2017,100.0,7.57946312853234,42633040000.0,14.1,338.3680419921875,357.1227111816406,2756.22900390625,Europe,2588868323334.734,67469032.0,38371.20893234001
France,2018,100.0,8.33158544691332,48508740000.0,15.2,323.1017150878906,309.5308837890625,2790.4287109375,Europe,2781576320884.344,67706406.0,41082.91201994009
France,2019,100.0,9.85332525979413,56303280000.0,15.5,316.32080078125,327.6424560546875,2731.347412109375,Europe,2722793515171.715,67917133.0,40089.93599850151
France,2020,100.0,11.7659779691869,62699720000.0,16.8,281.5154724121094,279.46356201171875,2444.265380859375,Europe,2647926055110.001,68104157.0,38880.53492990158
Gabon,2014,87.1,-12.1225209343323,-275060000.0,81.3,5.663489818572998,12.16558837890625,19.92328834533691,Africa,18203881656.338764,1978399.0,9201.319681388217
Gabon,2015,87.3,-12.0314699792961,-290560000.0,81.9,5.772069931030273,16.99032211303711,18.92826461791992,Africa,14383172777.224249,2040989.0,7047.158400767593
Gabon,2016,88.1,-10.6188605108055,-270250000.0,81.5,5.613028049468994,13.858016967773438,18.587322235107425,Africa,14023829320.476809,2100306.0,6677.0410218686275
Gabon,2017,86.3,-11.1824953445065,-300250000.0,90.2,5.500516891479492,18.865175247192383,19.955902099609375,Africa,14929646484.180428,2156900.0,6921.807447809554
Gabon,2018,89.6,-11.3603603603604,-315250000.0,90.3,5.563362121582031,12.742420196533203,16.44841957092285,Africa,16867332320.414202,2212318.0,7624.280198603547
Gabon,2019,90.3,-16.2470823607869,-487250000.0,90.2,5.607272148132324,11.632975578308104,15.205873489379885,Africa,16874405460.196362,2267706.0,7441.178644937378
Gabon,2020,91.1,-17.3153003650846,-521710000.0,91.3,5.636100769042969,12.850187301635742,16.0019588470459,Africa,15342277141.542412,2322539.0,6605.821104206393
Gambia,2014,53.0,2.00723922342876,5490000.0,53.2,0.5056319832801819,1.7635564804077148,2.2595367431640625,Africa,1229462227.7153862,2164528.0,568.0047694995797
Gambia,2015,54.7,1.61640740418875,5580000.0,49.0,0.5825759768486023,1.397742748260498,2.312793016433716,Africa,1378177509.3345022,2224529.0,619.536769057406
Gambia,2016,56.4,1.42922770659997,5600000.0,48.6,0.5899040102958679,0.9748438596725464,2.331549644470215,Africa,1484577991.0543168,2283769.0,650.0561094639243
Gambia,2017,56.2,1.42922770659997,5600000.0,48.0,0.5972319841384888,0.9767857193946838,2.371704339981079,Africa,1504909700.945071,2342189.0,642.522743017353
Gambia,2018,60.3,1.42922770659997,5600000.0,48.1,0.648527979850769,1.0349334478378296,1.9320651292800903,Africa,1667680798.8442843,2399632.0,694.973562131312
Gambia,2019,62.1,1.63007488156487,6400000.0,47.4,0.7108160257339478,1.076812982559204,1.9766525030136108,Africa,1813610388.2672825,2456844.0,738.187035183057
Gambia,2020,62.2,1.63007488156487,6400000.0,49.8,0.6998239755630493,1.1356201171875,1.7789218425750732,Africa,1812170701.6129825,2515733.0,720.335067995285
Georgia,2014,100.0,0.0032783723845338,340000.0,30.7,9.05811882019043,-0.3963199853897095,49.58210754394531,Asia,17966244475.174694,3792916.0,4736.789445159
Georgia,2015,100.0,-0.00221545278316256,-240000.0,27.5,9.790616035461426,-0.3623279929161072,53.7255744934082,Asia,15223869962.58097,3791573.0,4015.18577186328
Georgia,2016,100.0,0.084326939692414,9760000.0,27.2,10.042935371398926,0.0255219992250204,56.33238983154297,Asia,15444674287.464745,3792057.0,4072.901406140452
Georgia,2017,100.0,0.770791778683549,88880000.0,27.5,10.05978775024414,-0.0771439969539642,56.03719711303711,Asia,16473034641.7839,3792859.0,4343.1708486352645
Georgia,2018,99.9,0.707770826473494,85980000.0,27.4,9.888335227966309,-0.3089430034160614,56.54835891723633,Asia,17905435774.218002,3794877.0,4718.3178201080045
Georgia,2019,100.0,0.750168690958165,88940000.0,24.7,10.51708698272705,1.1642509698867798,59.7135009765625,Asia,17645041000.019516,3796722.0,4647.440871367331
Georgia,2020,100.0,0.869253517340264,97000000.0,23.4,10.377979278564451,2.6930689811706543,56.868350982666016,Asia,16014239786.749329,3795678.0,4219.072267655299
Germany,2014,100.0,22.7680206942909,142939000000.0,14.0,792.5836181640625,790.9263305664062,3710.464599609375,Europe,3965800686309.732,81376080.0,48734.23107023258
Germany,2015,100.0,26.1924483541027,169808000000.0,14.6,800.822509765625,797.8274536132812,3780.85986328125,Europe,3423568450957.033,82077550.0,41711.38698653936
Germany,2016,100.0,26.0014236319834,169126000000.0,14.2,797.98828125,797.595703125,3841.451171875,Europe,3537784107980.6514,82760102.0,42747.45949419747
Germany,2017,100.0,30.0085816163727,196173000000.0,15.2,784.5951538085938,783.04931640625,3949.555908203125,Europe,3763092263752.9814,83104007.0,45281.71865109923
Germany,2018,100.0,31.9113523236134,204382000000.0,16.0,758.7713623046875,753.3270874023438,3845.41357421875,Europe,4052008447223.459,83368505.0,48603.58773644146
Germany,2019,100.0,36.3478037359309,220601000000.0,17.1,708.6489868164062,702.59375,3753.70361328125,Europe,3957208055215.614,83559186.0,47358.14510227055
Germany,2020,100.0,40.4475013119893,232760000000.0,18.5,647.1768188476562,642.3424682617188,3498.9150390625,Europe,3940142541354.029,83628708.0,47114.71258594631
Ghana,2014,78.3,0.231036077705828,29970000.0,47.7,13.25657558441162,34.2208137512207,60.52699279785156,Africa,54783320579.30487,28041592.0,1953.645163202748
Ghana,2015,74.0,0.295069204152249,34110000.0,44.0,14.568119049072266,33.52964782714844,72.17295837402344,Africa,49406014244.62216,28696068.0,1721.6997898326058
Ghana,2016,79.3,0.519695044472681,61350000.0,45.2,13.91364860534668,33.03888702392578,73.75971984863281,Africa,56164933476.84684,29356742.0,1913.1868746486527
Ghana,2017,79.0,0.464036958066809,65290000.0,45.3,12.437270164489746,31.68059730529785,73.75654602050781,Africa,60405920078.91757,30008354.0,2012.9701242166625
Ghana,2018,80.4,0.435192023633678,70710000.0,42.1,15.189658164978027,32.12451934814453,73.62599182128906,Africa,67298913746.135765,30637585.0,2196.612877488084
Ghana,2019,83.5,0.531416634599527,96670000.0,42.6,16.41519546508789,36.25461959838867,79.99237823486328,Africa,68337974427.584885,31258945.0,2186.189406826906
Ghana,2020,85.4,0.508451891141625,102570000.0,40.0,19.16405487060547,35.260372161865234,94.1606674194336,Africa,70043095502.71417,31887809.0,2196.547762272227
Greece,2014,100.0,15.2566469865673,7700640000.0,16.4,78.63569641113281,59.99480056762695,307.91021728515625,Europe,233911581521.0589,10893166.0,21473.241252456715
Greece,2015,100.0,16.8716119828816,8751980000.0,17.5,74.92666625976562,53.85965347290039,311.72308349609375,Europe,194567373678.09933,10820903.0,17980.696590487813
Greece,2016,100.0,17.176053492046,9350300000.0,16.4,71.35961151123047,47.884033203125,306.9926452636719,Europe,193097239005.87543,10775504.0,17920.01924048058
Greece,2017,100.0,17.8035501031376,9839310000.0,16.4,74.84175109863281,49.803184509277344,322.19732666015625,Europe,200381103984.2998,10753533.0,18633.978617473884
Greece,2018,100.0,19.5371559460779,10405880000.0,17.9,71.77809143066406,70.3250961303711,324.0658264160156,Europe,213298873494.39,10730844.0,19877.175876789377
Greece,2019,100.0,24.8796322954798,12097970000.0,18.5,65.736328125,41.5315055847168,316.8872985839844,Europe,207305649887.0158,10718576.0,19340.782757617784
Greece,2020,100.0,29.451845557605,14210810000.0,20.1,55.576927185058594,36.83509063720703,276.95611572265625,Europe,191362985554.8579,10699369.0,17885.445913198986
Grenada,2014,91.0,0.577833125778331,1160000.0,11.0,0.2418240010738372,0.0984883308410644,1.1340619325637815,North America,911496492.9629627,114132.0,7986.335935258847
Grenada,2015,91.4,0.752932091317149,1560000.0,10.5,0.2601439952850342,0.1227440014481544,1.182346224784851,North America,997008748.5185184,114676.0,8694.136074841454
Grenada,2016,91.8,1.15667718191377,2530000.0,10.4,0.2748000025749206,0.1432623863220214,1.2164312601089478,North America,1061640815.1851852,115130.0,9221.23525740628
Grenada,2017,92.2,1.47065357444351,3310000.0,10.2,0.2931199967861175,0.1673715114593505,1.321593165397644,North America,1125685976.6666665,115438.0,9751.433467893296
Grenada,2018,92.3,1.54196374881883,3590000.0,10.7,0.307776004076004,0.1874502450227737,1.4066920280456543,North America,1166514814.8148148,115691.0,10083.02127922496
Grenada,2019,93.0,1.62491258381669,3950000.0,10.4,0.3334240019321441,0.2325540781021118,1.5341070890426636,North America,1213485185.1851852,115981.0,10462.792915953349
Grenada,2020,93.4,1.96742957746479,4470000.0,10.3,0.2894560098648071,0.1860212832689285,1.3236440420150757,North America,1043411111.111111,116341.0,8968.558901084838
Guatemala,2014,85.5,21.2287387387387,2356390000.0,66.2,13.42480754852295,59.14094161987305,62.559322357177734,North America,57852150461.18632,15681725.0,3689.1445591085367
Guatemala,2015,90.5,26.9475709887102,3150710000.0,63.3,15.449176788330078,51.52326965332031,72.43450927734375,North America,62186064755.19003,15971743.0,3893.505220763321
Guatemala,2016,91.8,28.1051998074145,3502470000.0,63.2,16.523710250854492,48.807579040527344,79.19606018066406,North America,66053402645.120605,16268760.0,4060.137505570222
Guatemala,2017,93.3,21.2990827102444,2763130000.0,65.0,16.99272346496582,48.55852508544922,82.01422882080078,North America,71653756545.12634,16567357.0,4324.996228736203
Guatemala,2018,94.2,25.601697912982,3618800000.0,64.0,18.338417053222656,50.2042236328125,83.70853424072266,North America,73328369928.24173,16845685.0,4352.946759258631
Guatemala,2019,95.4,30.4666087837349,4210790000.0,62.8,19.25885581970215,52.10708999633789,90.7098388671875,North America,77172313912.78384,17103803.0,4511.997355955506
Guatemala,2020,96.6,25.12382725242,3374130000.0,65.5,17.156898498535156,46.21860885620117,90.07810974121094,North America,77719464225.39224,17357325.0,4477.617618232777
Guinea,2014,33.5,0.0235437498268842,170000.0,78.6,2.37060809135437,87.2900390625,10.457969665527344,Africa,10793945499.218128,11472924.0,940.8190535575872
Guinea,2015,34.9,0.0151136636409705,170000.0,76.2,2.4543991088867188,64.70378112792969,12.05527114868164,Africa,11386702454.907091,11767070.0,967.6752543247462
Guinea,2016,33.5,0.0256942137883925,410000.0,75.3,2.6998140811920166,74.86991882324219,13.45577907562256,Africa,11720225832.0183,12073030.0,970.7774959573776
Guinea,2017,35.4,0.0411412114943974,720000.0,72.0,4.847472190856934,72.66503143310547,13.341967582702637,Africa,14823754961.138191,12385659.0,1196.8483034401472
Guinea,2018,45.0,1.04564228577404,20000000.0,73.2,3.7702560424804688,50.19624710083008,14.311400413513184,Africa,17926617651.28254,12704774.0,1411.0142889029382
Guinea,2019,42.2,1.02741229674945,21060000.0,68.3,4.104165077209473,74.50177001953125,18.773088455200195,Africa,20504352061.20385,13034346.0,1573.1017161278248
Guinea,2020,44.7,0.898180378778295,22010000.0,65.8,4.430247783660889,66.12519836425781,21.128719329833984,Africa,23459093471.096542,13371183.0,1754.4516047006866
Guinea-Bissau,2014,17.2,0.0,0.0,87.3,0.1428959965705871,1.478460669517517,1.5816600322723389,Africa,1054915717.6735692,1741122.0,605.8827110757139
Guinea-Bissau,2015,20.1,1.91938579654511,500000.0,87.2,0.153888002038002,2.4190094470977783,1.6349204778671265,Africa,1048229796.4243406,1786457.0,586.7646388490407
Guinea-Bissau,2016,22.9,1.97784810126582,500000.0,86.8,0.1685439944267273,1.593766689300537,1.7022199630737305,Africa,1179004190.668522,1831893.0,643.5988295541944
Guinea-Bissau,2017,26.0,1.97784810126582,500000.0,86.8,0.1832000017166137,2.73305082321167,1.377406358718872,Africa,1350177012.3286514,1877072.0,719.2995326384131
Guinea-Bissau,2018,28.4,7.08661417322835,1890000.0,86.6,0.197855994105339,5.019093990325928,1.4707497358322144,Africa,1427473461.7653155,1922168.0,742.6372001642497
Guinea-Bissau,2019,30.9,7.08661417322835,1890000.0,86.2,0.2564800083637237,3.949425458908081,1.5063197612762451,Africa,1365329762.1079822,1967696.0,693.8723065493766
Guinea-Bissau,2020,33.4,7.08661417322835,1890000.0,87.2,0.3114399909973144,4.7752909660339355,1.4099960327148438,Africa,1396562029.6553173,2013255.0,693.6836265924175
Guyana,2014,86.9,7.83902180715352,81420000.0,24.0,1.97489595413208,6.935842514038086,8.206335067749023,South America,4127660158.473245,754229.0,5472.688213358602
Guyana,2015,88.0,6.7408082067015,70310000.0,25.0,1.9639040231704712,8.051713943481445,8.392183303833008,South America,4279840193.7046,758781.0,5640.41560569466
Guyana,2016,89.0,7.83812993532867,89930000.0,21.3,2.209157943725586,3.156118631362915,9.415430068969728,South America,4482697336.561744,763548.0,5870.878237598348
Guyana,2017,90.0,7.8252957233849,92020000.0,22.1,2.1580960750579834,4.509504318237305,9.31772232055664,South America,4748174334.140436,768479.0,6178.665043729804
Guyana,2018,90.9,7.92429147122944,95960000.0,16.8,2.31931209564209,3.3577263355255127,8.983440399169922,South America,4787637005.536404,791556.0,6048.386981510346
Guyana,2019,91.6,7.11173319336483,85360000.0,11.3,2.6452059745788574,6.07815408706665,10.221287727355955,South America,5173760191.846522,807665.0,6405.824434445621
Guyana,2020,92.3,7.22518578930286,86820000.0,12.0,3.100269079208374,7.801327705383301,9.75252628326416,South America,5474058434.047961,807481.0,6779.179242666962
Haiti,2014,39.6,0.243713733075435,2520000.0,77.8,2.6984329223632812,9.393258094787598,11.73532772064209,North America,14940990008.885605,10373235.0,1440.3404539553576
Haiti,2015,40.8,0.288739172281039,3000000.0,76.1,2.6544649600982666,7.94586706161499,13.424656867980955,North America,14204411792.08772,10523242.0,1349.8132792239996
Haiti,2016,40.4,0.313364055299539,3400000.0,76.1,2.9768970012664795,4.941314220428467,13.96474838256836,North America,13333356319.390917,10671457.0,1249.4410387813882
Haiti,2017,43.3,0.383380547686497,4060000.0,76.2,3.133481979370117,4.428633213043213,13.758625030517578,North America,15237363268.777346,10817754.0,1408.5514672248366
Haiti,2018,44.4,0.431839847473785,4530000.0,76.2,3.400954008102417,-1.134564995765686,11.528576850891112,North America,15822209353.93159,10962362.0,1443.3211888032515
Haiti,2019,45.4,2.86261682242991,30630000.0,76.4,3.118825912475586,-0.6366274952888489,11.849499702453612,North America,14006805867.368408,11105163.0,1261.2877332253845
Haiti,2020,46.3,6.14157527417747,61600000.0,76.3,3.26538610458374,1.1488397121429443,11.70416259765625,North America,15505191548.291426,11243848.0,1378.9933435858811
Honduras,2014,88.7,9.03380825887467,748180000.0,52.2,9.50322151184082,18.412458419799805,38.89569854736328,North America,19756557482.174644,9063122.0,2179.884313835193
Honduras,2015,90.0,19.8525478059025,1796060000.0,50.8,10.897808074951172,26.810192108154297,44.246944427490234,North America,20979782571.795395,9237305.0,2271.201673193144
Honduras,2016,91.6,28.0333440548944,2614670000.0,52.7,9.93874740600586,31.42078018188477,41.980838775634766,North America,21717608960.101578,9412380.0,2307.3451093242707
Honduras,2017,86.5,29.6924710629712,2796140000.0,45.6,10.19792366027832,28.100629806518555,43.70399475097656,North America,23136248046.297897,9588137.0,2413.0076621034823
Honduras,2018,91.6,34.4255100994566,3357520000.0,48.9,9.876190185546877,20.79853630065918,44.24083709716797,North America,24067754649.55891,9765210.0,2464.6428135758383
Honduras,2019,91.1,34.3990235658624,3663840000.0,46.2,10.962542533874512,23.95288848876953,48.6737060546875,North America,24882225828.216915,9943633.0,2502.327451970212
Honduras,2020,93.1,30.7994662976873,3116290000.0,50.2,9.97678279876709,26.10611343383789,44.38028335571289,North America,23352237010.36078,10119640.0,2307.615390504087
Hungary,2014,100.0,9.69295650103731,2850020000.0,15.7,43.63887405395508,34.35796356201172,238.26876831054688,Europe,141128696412.3219,9862842.0,14309.130817701622
Hungary,2015,100.0,9.86505270092227,2995030000.0,15.6,46.56691360473633,38.41693115234375,251.03965759277344,Europe,125244126623.28946,9839211.0,12729.082303783249
Hungary,2016,100.0,9.40069588113598,2999010000.0,15.3,47.039119720458984,39.7529296875,255.4947967529297,Europe,128983560865.29254,9810532.0,13147.458350402663
Hungary,2017,100.0,9.90429895184566,3260000000.0,14.6,49.42352294921875,41.946434020996094,269.29345703125,Europe,143335098991.86218,9785604.0,14647.547457659452
Hungary,2018,100.0,11.0518601677737,3544000000.0,13.6,49.36623001098633,42.22663497924805,271.20257568359375,Europe,161184691013.8352,9774394.0,16490.50478360451
Hungary,2019,100.0,13.0384065789857,4471000000.0,13.6,49.15895080566406,34.969303131103516,274.8924865722656,Europe,164936682033.99158,9770346.0,16881.35527994521
Hungary,2020,100.0,15.1302605210421,5285000000.0,14.8,47.10531997680664,42.10319137573242,270.3273010253906,Europe,158468487754.19684,9749457.0,16254.08345861691
Iceland,2014,100.0,28.956022733543,5247700000.0,77.6,3.4452810287475586,3.743383884429931,58.62973403930664,Europe,18052183514.86967,327512.0,55119.15140474142
Iceland,2015,100.0,26.680302143731,5015630000.0,78.0,3.5410139560699463,3.84083890914917,61.20731735229492,Europe,17700486957.190662,330952.0,53483.54733372411
Iceland,2016,100.0,27.3790835579515,5078820000.0,80.9,3.4936630725860596,3.797261953353882,61.44167709350586,Europe,21083713310.457214,335574.0,62828.80470613699
Iceland,2017,100.0,26.9352323526354,5181800000.0,80.8,3.610949039459229,3.968518733978271,64.24559783935547,Europe,25060086487.89031,343531.0,72948.54463757364
Iceland,2018,100.0,30.3543295173735,6018960000.0,81.4,3.6653549671173096,4.017098903656006,66.45856475830078,Europe,26677652544.349865,352854.0,75605.35673210412
Iceland,2019,100.0,30.945197044335,6030600000.0,81.7,3.552639961242676,3.879432201385498,63.328125,Europe,24985687022.04539,360700.0,69269.9945163443
Iceland,2020,100.0,31.2315052020704,5973650000.0,82.9,3.3389060497283936,3.653533697128296,58.08150863647461,Europe,22034665040.790253,366614.0,60103.17402169653
India,2014,85.1,4.73334264681343,60986990000.0,33.9,2148.052001953125,2276.748291015625,7652.73193359375,Asia,2042939289737.612,1312277191.0,1556.789452524754
India,2015,88.0,4.84184605005476,65740310000.0,33.4,2231.8173828125,2408.591796875,7892.48974609375,Asia,2146758604758.9873,1328024498.0,1616.5052738048114
India,2016,89.6,3.9832387575032,57075390000.0,33.0,2352.5400390625,2522.28759765625,8262.8564453125,Asia,2290586637671.1943,1343944296.0,1704.37617428691
India,2017,91.8,4.77156485415497,72055210000.0,32.5,2425.721923828125,2537.58349609375,8571.6708984375,Asia,2624329038244.961,1359657400.0,1930.139929547665
India,2018,95.7,5.60539679737644,90179960000.0,32.9,2595.22705078125,2744.96923828125,9063.3603515625,Asia,2763534978088.821,1374659064.0,2010.342091694687
India,2019,95.9,6.35327384440851,104611800000.0,33.5,2611.174560546875,2706.537353515625,9281.5947265625,Asia,2854799153709.0293,1389030312.0,2055.2461159746304
India,2020,96.5,9.28554258342319,142692140000.0,36.1,2422.73193359375,2502.40380859375,8792.2197265625,Asia,2679380844112.571,1402617695.0,1910.2716682271507
Indonesia,2014,97.0,8.13462282235824,19349990000.0,29.3,498.02880859375,1836.83642578125,1856.6339111328125,Asia,890814755511.2913,258877399.0,3441.0680845541533
Indonesia,2015,97.5,8.08662643566284,19939680000.0,26.6,551.1600341796875,2343.8017578125,1896.4610595703125,Asia,860854232717.8527,261799249.0,3288.2226973762354
Indonesia,2016,97.6,8.02110060254748,21032930000.0,27.8,547.9688720703125,1422.2537841796875,1884.2283935546875,Asia,931877364033.9092,264627418.0,3521.4694345614225
Indonesia,2017,98.1,8.98691311092176,24680400000.0,25.2,570.9281616210938,1352.4866943359375,2023.71142578125,Asia,1015618744168.1512,267346658.0,3798.8832617767425
Indonesia,2018,98.5,8.5965183727374,26557740000.0,22.0,607.3783569335938,1395.39013671875,2131.561767578125,Asia,1042271532953.3672,269951846.0,3860.9535307766223
Indonesia,2019,98.9,8.09560604666851,26402200000.0,19.8,665.04931640625,1684.009765625,2253.93896484375,Asia,1119099871386.1587,272489381.0,4106.948561735544
Indonesia,2020,97.0,8.4805233601994,28104200000.0,21.9,623.3040161132812,1293.1676025390625,2116.310302734375,Asia,1059054842711.722,274814866.0,3853.702887789637
Iran,2014,100.0,0.0892323266899483,245040000.0,0.9,644.2276000976562,618.4895629882812,2787.064208984375,Asia,472394813099.6698,81502045.0,5796.109939323238
Iran,2015,100.0,0.0916036246628159,257070000.0,0.9,641.958740234375,618.56298828125,2762.902587890625,Asia,417210198857.4591,82619362.0,5049.7872261160655
Iran,2016,100.0,0.099988239119456,289060000.0,1.0,644.6804809570312,620.7962036132812,2920.457275390625,Asia,466083117938.72,83812228.0,5561.039588861901
Iran,2017,99.9,0.0235204068394697,72520000.0,1.0,696.407470703125,672.2670288085938,3023.70751953125,Asia,503710010468.6609,85026754.0,5924.13548409317
Iran,2018,100.0,0.268613430994503,831740000.0,1.0,664.5232543945312,718.2827758789062,3121.93994140625,Asia,306564516916.3884,86117998.0,3559.8193645466354
Iran,2019,100.0,0.327941568122055,1071290000.0,1.0,727.2685546875,747.8323974609375,3297.1015625,Asia,302055685326.63,87051648.0,3469.8445378843376
Iran,2020,100.0,0.328551778919303,1125050000.0,0.9,745.5957641601562,755.071044921875,3421.37548828125,Asia,316312592726.56476,87723443.0,3605.7931826338
Iraq,2014,99.2,0.0876667895318835,59460000.0,1.0,137.51271057128906,149.29539489746094,477.1953430175781,Asia,228415656174.95712,36550059.0,6249.3922697896905
Iraq,2015,99.4,0.086988144592334,59800000.0,0.8,142.52999877929688,149.15365600585938,471.3194580078125,Asia,166774104911.4796,37560535.0,4440.141891255798
Iraq,2016,99.7,0.0714106859670669,59890000.0,0.9,153.13214111328125,158.26123046875,504.6836242675781,Asia,166602488747.88495,38469627.0,4330.75394122966
Iraq,2017,99.9,0.0651529031976617,59740000.0,0.5,167.47235107421875,170.6988067626953,598.4613647460938,Asia,187217652027.02704,39337353.0,4759.284439576477
Iraq,2018,99.9,0.385744916520166,379600000.0,0.5,186.1564483642578,188.57192993164065,622.6895141601562,Asia,227367469034.03085,40265624.0,5646.689320747416
Iraq,2019,100.0,0.329091950631,379160000.0,0.9,191.77761840820312,193.64724731445312,667.8232421875,Asia,233636097800.3384,41192171.0,5671.856863294202
Iraq,2020,100.0,0.324937286495835,379530000.0,1.1,172.09803771972656,173.8230438232422,594.7683715820312,Asia,180924091023.48993,42116605.0,4295.790010222569
Ireland,2014,100.0,21.7188765762323,5683830000.0,8.8,36.849876403808594,40.151031494140625,164.5530242919922,Europe,266787238499.02615,4658239.0,57272.12332794134
Ireland,2015,100.0,24.7599747341825,7055850000.0,9.5,38.71539688110352,44.425994873046875,173.91299438476562,Europe,302391428540.035,4702487.0,64304.57511951335
Ireland,2016,100.0,22.3216933982295,6833340000.0,8.6,40.369022369384766,46.73639678955078,181.9094085693359,Europe,305733136180.9154,4753503.0,64317.43835670566
Ireland,2017,100.0,26.4255573119979,8191130000.0,10.1,39.04044723510742,45.408592224121094,182.72999572753903,Europe,348532394023.59784,4810261.0,72456.02557191758
Ireland,2018,100.0,30.4071551889507,9510750000.0,10.8,38.92236328125,44.36758041381836,186.8528289794922,Europe,395461216460.4112,4872556.0,81160.93821403205
Ireland,2019,100.0,35.0717521930529,10914680000.0,12.3,37.19983673095703,41.43241500854492,187.7961273193359,Europe,407124824064.9886,4933491.0,82522.6647955755
Ireland,2020,100.0,38.6185957669676,12535210000.0,13.7,35.05256652832031,35.920127868652344,176.5830078125,Europe,436555518400.44354,4982606.0,87615.90187954728
Israel,2014,100.0,1.56611250883857,952400000.0,3.7,60.27881622314453,60.36492156982422,260.6221008300781,Asia,314376808345.6193,7897179.0,39808.74795235354
Israel,2015,100.0,2.02318375735683,1299410000.0,3.7,62.93562316894531,62.84212112426758,275.0286865234375,Asia,302839421722.91095,8052908.0,37606.2189860993
Israel,2016,100.0,2.6341172079134,1764200000.0,4.0,61.16435241699219,65.15309143066406,280.57037353515625,Asia,321082870843.7128,8210005.0,39108.73024361287
Israel,2017,100.0,2.87841711735674,1947940000.0,3.9,58.849098205566406,60.776512145996094,285.6855163574219,Asia,357361056886.2754,8361797.0,42737.35141935106
Israel,2018,100.0,3.10037304225393,2135940000.0,3.8,59.985931396484375,60.975616455078125,292.2115478515625,Asia,375470467919.75903,8510067.0,44120.74169565986
Israel,2019,100.0,4.71589495507947,3411950000.0,4.5,58.95014953613281,59.70892333984375,301.5059814453125,Asia,399209201846.3407,8657474.0,46111.51033735021
Israel,2020,100.0,6.20373803331304,4484310000.0,5.6,59.28537368774414,59.68888854980469,285.1354064941406,Asia,410909477504.8517,8800376.0,46692.263774280975
Italy,2014,100.0,22.2094293974491,62147980000.0,17.1,349.3889465332031,305.6976623535156,1816.3160400390625,Europe,2173255507985.8037,60664171.0,35824.36670874154
Italy,2015,100.0,22.3967306611824,63381180000.0,16.6,361.24371337890625,322.67486572265625,1838.4654541015625,Europe,1845428048839.1023,60575316.0,30465.01728260241
Italy,2016,100.0,22.6403075574513,65604140000.0,16.1,358.1331481933594,324.916259765625,1834.5379638671875,Europe,1887111188176.983,60478107.0,31203.211902399373
Italy,2017,100.0,22.8889226920867,67712300000.0,16.4,352.6662292480469,312.4773254394531,1847.6258544921875,Europe,1970720904584.727,60390318.0,32633.060560878766
Italy,2018,100.0,22.6578762063871,65641680000.0,17.1,349.04833984375,348.3346862792969,1859.7816162109375,Europe,2099435266458.63,60277499.0,34829.5019084755
Italy,2019,100.0,23.6654279520713,69541570000.0,17.3,339.637939453125,316.7396240234375,1839.95263671875,Europe,2019606796583.492,60130136.0,33587.26473832509
Italy,2020,100.0,24.7302009403595,69375880000.0,18.7,302.60009765625,274.0187072753906,1663.422607421875,Europe,1907481094079.1943,59912769.0,31837.638719038245
Jamaica,2014,93.3,3.8421435499515,158450000.0,11.9,7.675469875335693,8.411018371582031,34.75822830200195,North America,14503045717.266214,2793749.0,5191.248647343127
Jamaica,2015,94.9,4.01795245026686,165620000.0,12.1,7.966218948364258,8.635082244873047,35.9204216003418,North America,14963591879.775734,2802534.0,5339.30788342826
Jamaica,2016,96.6,5.60562414266118,245190000.0,11.1,8.134119987487793,8.455122947692871,37.20223617553711,North America,14898992641.17323,2809915.0,5302.293002163136
Jamaica,2017,97.4,8.17085427135678,357720000.0,11.0,7.768233776092529,8.312484741210938,32.888572692871094,North America,15783575153.220806,2815764.0,5605.432540944769
Jamaica,2018,98.2,8.19813678709384,360800000.0,8.9,8.060649871826172,7.95706844329834,37.23750305175781,North America,16855454298.712372,2820097.0,5976.905864838114
Jamaica,2019,98.9,8.54912907548012,382830000.0,9.2,9.439482688903809,9.098217964172363,41.23551559448242,North America,17026269091.650036,2823271.0,6030.688903633422
Jamaica,2020,99.7,9.94583137070184,422300000.0,11.7,6.865833759307861,6.404609680175781,28.995609283447266,North America,15000214241.944592,2830739.0,5299.045317121992
Japan,2014,100.0,4.27991876983703,46050000000.0,5.6,1260.2723388671875,1254.9056396484375,5431.794921875,Asia,4896994405353.338,127486605.0,38411.83475984271
Japan,2015,100.0,5.55725588882088,58830000000.0,6.2,1219.982421875,1215.480712890625,5363.2607421875,Asia,4444930651964.18,127275872.0,34923.59221050302
Japan,2016,100.0,6.69775835351678,71706000000.0,6.4,1199.9329833984375,1195.365478515625,5295.8193359375,Asia,5003677627544.24,127159951.0,39349.47747458821
Japan,2017,100.0,7.76675220406082,83929000000.0,6.9,1184.3917236328125,1183.2064208984375,5354.1962890625,Asia,4930837369151.422,127064690.0,38805.72462067488
Japan,2018,100.0,8.7805746797831,93676000000.0,7.3,1138.5498046875,1139.607177734375,5317.67041015625,Asia,5040880939324.859,126913432.0,39719.04990580398
Japan,2019,100.0,10.1388571940274,105297000000.0,7.8,1102.06298828125,1099.5135498046875,5205.60009765625,Asia,5117993853016.508,126699424.0,40394.768116834595
Japan,2020,100.0,11.6827700825577,118798000000.0,8.5,1037.28466796875,1038.6641845703125,4825.23974609375,Asia,5054068005376.275,126304543.0,40014.93442224224
Jordan,2014,99.8,0.0492171247125807,8990000.0,3.1,26.16484642028809,27.3064022064209,100.93391418457033,Asia,36847605633.80282,8791710.0,4191.176191412457
Jordan,2015,99.9,0.93550423483613,177830000.0,3.2,25.79939079284668,27.088457107543945,108.7689208984375,Asia,38587042253.521126,9544729.0,4042.7593338188153
Jordan,2016,100.0,4.18355202929509,822570000.0,4.7,24.949459075927734,24.991230010986328,114.87770080566406,Asia,39892253521.12676,10006367.0,3986.687028481642
Jordan,2017,100.0,6.49754003472892,1347070000.0,5.3,26.079931259155273,26.834386825561523,117.99988555908205,Asia,41608450704.22536,10234226.0,4065.617732520794
Jordan,2018,99.9,10.5029696166495,2139770000.0,7.2,25.419166564941406,26.55680274963379,112.98685455322266,Asia,43370845070.42254,10462306.0,4145.438402434658
Jordan,2019,99.9,14.5379105350356,2983470000.0,8.5,24.56978416442871,25.16452407836914,110.70853424072266,Asia,44502957746.478874,10671891.0,4170.109847118835
Jordan,2020,99.9,20.5964446162021,4263670000.0,10.7,20.62155532836914,20.951425552368164,98.79254150390624,Asia,43700382760.563385,10865228.0,4022.0401045024905
Kazakhstan,2014,100.0,0.0620711362920995,59160000.0,1.3,299.1373291015625,295.41571044921875,769.1109008789062,Asia,221415614007.34863,17816285.0,12427.709480812
Kazakhstan,2015,100.0,0.237979147167019,218660000.0,1.7,303.0522766113281,290.84149169921875,635.9098510742188,Asia,184388404428.84335,18084169.0,10196.122610269977
Kazakhstan,2016,100.0,0.432830304246354,409860000.0,2.1,301.7388000488281,288.9450988769531,711.3265991210938,Asia,137278320084.17114,18363600.0,7475.566886894244
Kazakhstan,2017,100.0,0.468564673049343,483540000.0,2.0,317.7204284667969,307.5181579589844,764.9259033203125,Asia,166805788966.78067,18651931.0,8943.0841754015
Kazakhstan,2018,100.0,0.58462510687335,629080000.0,1.9,329.5721130371094,313.6051330566406,789.197509765625,Asia,179339977517.06183,18932727.0,9472.485264117622
Kazakhstan,2019,100.0,1.22624138027826,1310570000.0,1.9,296.03961181640625,287.7380065917969,798.7120361328125,Asia,181667185041.4802,19209555.0,9457.126156305036
Kazakhstan,2020,100.0,2.22015510866625,2461930000.0,1.8,281.7891845703125,275.7812194824219,735.9368896484375,Asia,171082370082.17245,19482117.0,8781.508194523853
Kenya,2014,36.0,40.0816393086205,3687110000.0,71.8,13.21440601348877,51.68677520751953,67.696533203125,Africa,68285825096.89438,46051440.0,1482.81628320188
Kenya,2015,41.6,50.0650097565985,4874830000.0,69.2,15.212207794189451,56.7262077331543,78.72415161132812,Africa,70120543426.20108,47088526.0,1489.121647727964
Kenya,2016,53.1,44.9603275173019,4612480000.0,68.3,16.288698196411133,41.39387512207031,83.92078399658203,Africa,74815138870.50143,48139687.0,1554.125993185237
Kenya,2017,55.8,54.6664413979533,5662350000.0,68.1,16.181102752685547,62.21259689331055,84.98877716064453,Africa,82036511258.83318,49197766.0,1667.4844800642609
Kenya,2018,61.2,44.1002390861596,4980240000.0,68.7,17.002857208251953,54.61945724487305,82.57464599609375,Africa,92202979940.67096,50207107.0,1836.4527544013033
Kenya,2019,69.7,53.8508134302527,6223000000.0,68.1,18.15888214111328,42.14910507202149,85.94978332519531,Africa,100378435824.1784,51202827.0,1960.4080810651024
Kenya,2020,71.5,46.9406931964056,5485020000.0,69.0,19.989572525024418,42.23342514038086,81.73278045654297,Africa,100657505600.65482,52217334.0,1927.6645874079825
Kiribati,2014,83.4,6.25,1310000.0,48.0,0.0549600012600421,0.0549600012600421,0.2415928542613983,Oceania,200287222.80490005,115326.0,1736.7048437030685
Kiribati,2015,90.6,16.207322089675,3940000.0,47.5,0.0586239993572235,0.0586239993572235,0.2562700510025024,Oceania,191559360.1666937,116815.0,1639.85241764066
Kiribati,2016,92.6,18.5948835433372,4870000.0,48.1,0.0549600012600421,0.0549600012600421,0.2739472091197967,Oceania,206467837.79473615,118478.0,1742.6681560689424
Kiribati,2017,85.7,16.9038528288789,4870000.0,42.5,0.0696159973740577,0.0696159973740577,0.3100572824478149,Oceania,222875711.74262565,120275.0,1853.0510225951
Kiribati,2018,87.5,17.8853754940711,5430000.0,42.3,0.0696159973740577,0.0696159973740577,0.3137525916099548,Oceania,233514678.4386176,122084.0,1912.7377743079976
Kiribati,2019,89.3,16.3652802893309,5430000.0,42.2,0.0696159973740577,0.0696159973740577,0.3160779774188995,Oceania,216985431.3527573,123921.0,1750.998066128883
Kiribati,2020,91.0,16.3652802893309,5430000.0,42.2,0.0696159973740577,0.0696159973740577,0.3112862706184387,Oceania,220897980.38668135,126099.0,1751.7821742177284
North Korea,2014,37.8,3.07444444444444,664080000.0,18.5,39.82455062866211,52.293399810791016,137.14808654785156,Asia,17395832618.271122,24776607.0,702.1071375217407
North Korea,2015,40.0,0.156578947368421,29750000.0,22.6,31.277753829956055,44.02656936645508,121.9059600830078,Asia,16282601357.203953,24897406.0,653.9878635229692
North Korea,2016,42.1,0.171673640167364,41030000.0,24.0,34.236419677734375,45.46023941040039,123.94300079345705,Asia,16786184835.50056,25017122.0,670.9878472631888
North Korea,2017,44.2,0.195022509131063,45920000.0,10.2,69.70791625976562,81.2149658203125,228.0441741943359,Asia,17364724930.68296,25133341.0,690.9039642076618
North Korea,2018,46.3,0.199447203973722,49790000.0,11.9,62.60828399658203,73.1332015991211,207.5315093994141,Asia,17487261056.771374,25243772.0,692.7356599786821
North Korea,2019,48.4,0.230079973202696,54950000.0,10.0,69.51219177246094,80.29395294189453,228.8292236328125,Asia,16331452312.852224,25347434.0,644.3039683169596
North Korea,2020,50.5,0.22799883822248,54950000.0,11.2,65.57675170898438,76.05117797851562,217.7777557373047,Asia,15847371619.830696,25443498.0,622.8456330898644
South Korea,2014,100.0,1.07511138457889,5801000000.0,2.9,629.366455078125,627.215087890625,3269.3701171875,Asia,1556252422020.4402,50539056.0,30793.06471455344
South Korea,2015,100.0,1.54467671967099,8496000000.0,2.7,634.1773071289062,632.2835083007812,3320.508544921875,Asia,1539212301135.547,50983912.0,30190.156870181858
South Korea,2016,100.0,2.33748898796017,13134000000.0,2.6,637.9140625,633.601318359375,3438.94189453125,Asia,1579150518945.4392,51297839.0,30783.957954748137
South Korea,2017,100.0,2.75473216478576,15815000000.0,2.8,654.5372924804688,649.9692993164062,3479.51708984375,Asia,1710196706309.535,51486270.0,33216.55863416664
South Korea,2018,100.0,3.31399440372008,19684000000.0,3.2,670.168701171875,667.2019653320312,3562.572021484375,Asia,1824251399034.6943,51640894.0,35325.71297148137
South Korea,2019,100.0,4.20412213714381,24614000000.0,3.2,646.1022338867188,641.2999267578125,3515.9345703125,Asia,1751045752054.627,51767846.0,33824.96834144165
South Korea,2020,100.0,5.02715264887679,29873000000.0,3.6,597.63427734375,592.1395263671875,3389.709228515625,Asia,1744070227116.9187,51858482.0,33631.33975107329
Kuwait,2014,100.0,0.00503530856616518,3280000.0,0.0,74.99373626708984,75.00289916992188,437.2347106933594,Asia,162650542606.27515,3665766.0,44370.13781192666
Kuwait,2015,100.0,0.00745372539831303,5090000.0,0.0,93.31747436523438,93.33010864257812,468.6684875488281,Asia,114584570271.71413,3834454.0,29882.890829232565
Kuwait,2016,100.0,0.069644003709781,48810000.0,0.0,104.01882934570312,104.03663635253906,465.9547729492187,Asia,109406169162.83289,4003971.0,27324.415976747307
Kuwait,2017,100.0,0.0704099576853327,51250000.0,0.0,100.01036071777344,100.02149200439452,466.9910278320313,Asia,120687635293.155,4154685.0,29048.564522498094
Kuwait,2018,100.0,0.0744504271082142,55170000.0,0.0,102.45301055908205,102.46348571777344,482.3821411132813,Asia,138646089714.40433,4323387.0,32068.85937215529
Kuwait,2019,100.0,0.0828282559177312,62180000.0,0.1,104.65421295166016,104.66476440429688,442.8558349609375,Asia,140856319232.12152,4442194.0,31708.72754141794
Kuwait,2020,100.0,0.0806490448927176,60290000.0,0.1,90.10260772705078,90.11334228515624,419.6788635253906,Asia,111045426310.92558,4400144.0,25236.77095816082
Kyrgyzstan,2014,99.8,-0.00274499039253363,-400000.0,26.6,10.236388206481934,10.146766662597656,49.60059356689453,Asia,7468102369.136539,5898319.0,1266.1408053949845
Kyrgyzstan,2015,98.7,-0.0560245587106677,-7300000.0,23.5,10.26478099822998,10.432188987731934,46.616172790527344,Asia,6751853114.715415,6001882.0,1124.955991256645
Kyrgyzstan,2016,99.7,0.0286532951289398,3800000.0,22.2,9.621676445007324,9.639152526855469,47.585304260253906,Asia,6964252799.882317,6108462.0,1140.0992262671548
Kyrgyzstan,2017,100.0,0.00322310320376458,500000.0,24.7,9.364118576049805,9.267023086547852,46.674827575683594,Asia,7960704639.463007,6220150.0,1279.8251874091472
Kyrgyzstan,2018,100.0,0.00193236714975845,300000.0,23.4,11.174908638000488,11.008159637451172,50.85477066040039,Asia,8642188048.137302,6341732.0,1362.748859166124
Kyrgyzstan,2019,99.9,0.00132318888521336,200000.0,28.3,9.046661376953123,8.832206726074219,45.99994659423828,Asia,9371275240.096672,6494035.0,1443.0589364080531
Kyrgyzstan,2020,99.9,0.00077901843676967,120000.0,30.0,8.348490715026855,8.144369125366211,42.00602340698242,Asia,8270468645.898665,6664140.0,1241.0406512916393
Laos,2014,82.5,3.19311338046609,487780000.0,58.2,4.383017063140869,83.11090087890625,19.834062576293945,Asia,13279245886.472029,6703172.0,1981.0391090176456
Laos,2015,89.7,12.0675907752699,1967500000.0,53.3,9.184792518615724,68.3486099243164,37.28779220581055,Asia,14426328954.206297,6801645.0,2121.005867581489
Laos,2016,89.0,-0.367039301990418,-94230000.0,51.7,16.406526565551758,59.22700119018555,58.77349853515625,Asia,15912516429.375818,6908802.0,2303.223689052866
Laos,2017,93.6,-1.84822635678877,-574170000.0,50.6,19.62493324279785,54.76969528198242,69.27859497070312,Asia,17064939422.83434,7018147.0,2431.5448825501003
Laos,2018,92.9,-3.15826334602307,-1086790000.0,50.2,20.48149871826172,52.58184051513672,71.48857116699219,Asia,18141664442.699524,7128045.0,2545.1108182818043
Laos,2019,98.4,23.2467183197797,7260880000.0,50.5,18.339868545532227,42.97392654418945,73.07958221435547,Asia,18740609777.329205,7237636.0,2589.3274789350007
Laos,2020,99.3,-5.24748561421066,-2097420000.0,50.6,18.29355812072754,40.408912658691406,66.81198120117188,Asia,19116011770.661022,7346533.0,2602.045314526052
Latvia,2014,100.0,15.7511188947266,809450000.0,40.2,7.1722002029418945,7.620636940002441,41.01544189453125,Europe,30277203767.405334,1994149.0,15183.019808151414
Latvia,2015,100.0,16.5685884691849,916740000.0,38.1,7.262421131134033,11.29348087310791,42.11407470703125,Europe,26344565876.89025,1977867.0,13319.685235099352
Latvia,2016,100.0,14.8161581569116,951790000.0,38.5,7.210681915283203,8.488978385925293,44.97923278808594,Europe,27117105059.50821,1959863.0,13836.224807299392
Latvia,2017,100.0,14.3632983667508,1081700000.0,42.6,7.215320110321045,8.218706130981445,49.30099105834961,Europe,29391059767.426197,1942594.0,15129.800548867235
Latvia,2018,100.0,15.8774538964902,1067600000.0,41.0,7.843188762664795,10.460237503051758,43.99867248535156,Europe,33247935477.35707,1927588.0,17248.465687354907
Latvia,2019,100.0,16.8547685616651,1085110000.0,41.5,7.63345193862915,9.5591402053833,45.263038635253906,Europe,33099503950.84645,1914263.0,17290.990815183937
Latvia,2020,100.0,18.2831935709294,1046530000.0,43.8,6.999268054962158,8.899015426635742,41.220760345458984,Europe,33379927434.614307,1901123.0,17558.00515517108
Lebanon,2014,99.7,0.130195292939409,23400000.0,4.2,23.992027282714844,23.997303009033203,91.60665893554688,Asia,48067657569.77579,6346990.0,7573.299716838342
Lebanon,2015,99.7,0.177849289353714,33160000.0,4.2,25.73123550415039,25.91971206665039,100.63014221191406,Asia,49892750840.47098,6472469.0,7708.45728893734
Lebanon,2016,99.8,0.270867683429514,52570000.0,4.0,26.43787002563477,26.642908096313477,103.67911529541016,Asia,50618206249.17015,6323060.0,8005.333849302419
Lebanon,2017,99.9,0.436264356994916,92680000.0,4.0,27.820720672607425,27.784116744995117,110.646240234375,Asia,52880425223.7393,6160128.0,8584.306239048816
Lebanon,2018,99.7,0.548717948717949,116630000.0,4.7,25.812101364135746,25.706357955932617,104.10592651367188,Asia,55289540747.10514,5984119.0,9239.37855298418
Lebanon,2019,100.0,0.666574022605151,143900000.0,5.1,25.14107131958008,25.30855369567871,105.07096862792967,Asia,44550229489.5887,5794594.0,7688.240019851037
Lebanon,2020,100.0,0.627447753825901,114390000.0,6.3,23.693950653076172,23.787052154541016,97.98492431640624,Asia,33039288193.178623,5702398.0,5793.928833655354
Lesotho,2014,27.8,0.145446194476872,760000.0,43.2,2.24236798286438,2.504197597503662,3.414621114730835,Africa,2441063149.0234213,2080089.0,1173.537838536438
Lesotho,2015,31.8,0.142159705205664,760000.0,46.0,2.0445120334625244,9.492691040039062,3.3196699619293213,Africa,2359686744.791926,2104611.0,1121.1985230486423
Lesotho,2016,35.1,0.148356367611462,760000.0,45.1,2.0261919498443604,11.579118728637695,3.700645446777344,Africa,2114426470.3563795,2130422.0,992.491849200008
Lesotho,2017,33.7,0.150973381009138,760000.0,41.5,2.2863359451293945,11.728097915649414,3.9741952419281006,Africa,2306741554.2149186,2157110.0,1069.366677737769
Lesotho,2018,47.0,0.146905323385008,760000.0,42.5,2.165424108505249,8.149762153625488,3.867920398712158,Africa,2556247200.9074636,2183603.0,1170.655655312556
Lesotho,2019,44.6,0.193398987200041,760000.0,41.6,2.187407970428467,9.122003555297852,4.0235700607299805,Africa,2390702225.779312,2209405.0,1082.057036070486
Lesotho,2020,47.5,0.177727889247463,760000.0,43.2,1.9858880043029783,9.204737663269045,3.6066720485687256,Africa,2053699863.897372,2235727.0,918.582574660221
Liberia,2014,9.4,0.160962385631989,190000.0,91.2,0.7335259914398193,32.53601837158203,4.844482898712158,Africa,2321892392.0,4564293.0,508.70800625639066
Liberia,2015,15.2,0.177875656445875,210000.0,91.9,0.6986910104751587,28.85370826721191,4.862246036529541,Africa,3060137568.0,4659431.0,656.7620741674251
Liberia,2016,17.7,0.299304319689371,370000.0,92.8,0.6466500163078308,29.17547035217285,5.590124607086182,Africa,3205399715.0,4755608.0,674.025217175175
Liberia,2017,24.2,1.59620737647877,3670000.0,93.6,0.6673640012741089,30.826995849609375,4.826335906982422,Africa,3195941107.0,4848925.0,659.1030191227952
Liberia,2018,22.8,1.69881821341675,3910000.0,94.4,0.6086320281028748,27.301054000854492,2.179762125015259,Africa,3228971965.0,4944726.0,653.0133247019147
Liberia,2019,23.1,1.69881821341675,3910000.0,89.7,0.9316620230674744,25.215116500854492,3.622897148132324,Africa,3108722599.0,5043721.0,616.3549885094754
Liberia,2020,27.6,1.69881821341675,3910000.0,93.0,0.7767490148544312,24.59890365600586,2.8241078853607178,Africa,3396273520.0,5149463.0,659.5393577932301
Libya,2014,75.5,0.0206461530306644,7790000.0,2.3,68.34839630126953,67.8583755493164,226.4388427734375,Africa,57372352562.48926,6427252.0,8926.420274557348
Libya,2015,73.8,0.020767241609128,7790000.0,2.9,60.866180419921875,60.423858642578125,180.1956787109375,Africa,48717506272.698456,6531819.0,7458.489935605757
Libya,2016,72.2,0.0247931253978358,7790000.0,2.8,57.37887954711914,56.9814453125,176.3756561279297,Africa,49912085228.34867,6632126.0,7525.804731144835
Libya,2017,70.6,0.0234067485952946,7790000.0,2.9,67.09224700927734,66.71173858642578,277.40228271484375,Africa,67157451660.2732,6738770.0,9965.832289909464
Libya,2018,67.0,0.0227971086593895,7790000.0,2.9,62.64452362060547,62.285194396972656,263.3470764160156,Africa,76686048499.35323,6849055.0,11196.588215360109
Libya,2019,68.5,0.0224962458126372,7790000.0,3.0,73.77831268310547,73.44792938232422,224.7287445068359,Africa,69254143968.34026,6951033.0,9963.14417847538
Libya,2020,69.4,0.0264076748364351,7790000.0,3.2,36.110626220703125,35.81193923950195,179.23741149902344,Africa,46854430381.85794,7045399.0,6650.358678317288
Lithuania,2014,100.0,25.2899704343871,1112000000.0,27.7,12.845803260803224,12.15444278717041,61.2045783996582,Europe,48347227744.78497,2933168.0,16482.93849680106
Lithuania,2015,100.0,26.9410095276708,1329000000.0,29.0,13.045220375061035,9.741941452026367,64.11228942871094,Europe,41540954817.20393,2905764.0,14296.052541501627
Lithuania,2016,100.0,38.4669479606188,1641000000.0,31.5,13.101517677307127,9.142712593078612,65.72639465332031,Europe,42970749245.03476,2869110.0,14977.03094166301
Lithuania,2017,100.0,46.2347743014091,1935850000.0,33.8,13.277398109436035,10.648112297058104,69.15023803710938,Europe,47756764508.4464,2829313.0,16879.279354545222
Lithuania,2018,100.0,50.5326117915124,1774200000.0,33.7,13.414423942565918,13.32817268371582,70.96944427490234,Europe,54261795148.53632,2802478.0,19362.077114802087
Lithuania,2019,100.0,53.497859481239,2124400000.0,33.5,13.647339820861816,11.862055778503418,70.59712219238281,Europe,55122066225.79507,2795058.0,19721.260247835668
Lithuania,2020,100.0,41.2307413449338,2274700000.0,31.7,13.499604225158691,11.659873008728027,70.29448699951172,Europe,57412038533.27077,2795765.0,20535.35920696867
Luxembourg,2014,100.0,9.7914979757085,290220000.0,6.8,9.806854248046877,9.989248275756836,44.27421569824219,Europe,68804811897.64346,556279.0,123687.5954289906
Luxembourg,2015,100.0,12.0086767895879,332160000.0,9.1,9.333976745605469,9.46848201751709,43.03446578979492,Europe,60071584216.137535,569536.0,105474.60426757488
Luxembourg,2016,100.0,15.564406008193,341950000.0,13.5,9.077204704284668,9.239227294921877,42.459232330322266,Europe,62216885435.95051,583506.0,106625.95660704518
Luxembourg,2017,100.0,23.0738255033557,515700000.0,15.3,9.251006126403809,9.415189743041992,44.35489654541016,Europe,65712180342.98424,596495.0,110163.84100953778
Luxembourg,2018,100.0,26.8867667121419,591240000.0,16.0,9.556161880493164,9.695650100708008,46.43095016479492,Europe,71085623495.11328,608101.0,116897.72504092788
Luxembourg,2019,100.0,36.1687631027254,690100000.0,16.4,9.74996852874756,9.913272857666016,47.28824615478515,Europe,69872035113.64577,620163.0,112667.21025544214
Luxembourg,2020,100.0,39.604297224709,884760000.0,20.8,8.069083213806152,8.256643295288086,40.540794372558594,Europe,73670782100.3896,630597.0,116827.0418355774
Madagascar,2014,23.0,-1.84906588003933,-37610000.0,82.2,2.971004009246826,36.07150650024414,13.783173561096191,Africa,12522957401.025097,24764348.0,505.68492257599905
Madagascar,2015,23.8,2.17769376181475,46080000.0,83.9,3.121227979660034,40.538108825683594,15.190454483032228,Africa,11323020699.921324,25426702.0,445.3200694262797
Madagascar,2016,22.9,15.7693977211069,290630000.0,83.8,3.256795883178711,40.35615158081055,16.096052169799805,Africa,11848613859.525446,26099952.0,453.9707145639749
Madagascar,2017,24.1,2.22425828970332,50980000.0,81.9,3.8037869930267334,41.16042709350586,14.812562942504885,Africa,13176313593.541948,26788375.0,491.86684871859336
Madagascar,2018,36.5,3.63298097251586,85920000.0,84.2,3.604454040527344,36.37285232543945,12.727455139160156,Africa,13760033282.598091,27494926.0,500.45718554027354
Madagascar,2019,31.0,3.54880518428514,87620000.0,82.5,4.146514892578125,34.515323638916016,15.554645538330078,Africa,14104664677.964672,28219554.0,499.8188376033396
Madagascar,2020,32.0,4.19757688723206,90080000.0,84.7,3.7880759239196777,33.94356918334961,11.849580764770508,Africa,13051441203.44134,28953556.0,450.7716151840326
Malawi,2014,11.9,3.15415609028857,64740000.0,82.8,1.015110969543457,14.380064010620115,6.461760997772217,Africa,7255810879.301645,16621538.0,436.5306555447303
Malawi,2015,10.8,3.47745648896807,71050000.0,81.0,1.049908995628357,13.778315544128418,6.1821770668029785,Africa,8215974404.767096,17085587.0,480.8716495820188
Malawi,2016,11.0,3.33534039423941,67580000.0,78.9,1.1724400520324707,13.478020668029783,6.759993553161621,Africa,7123821337.999039,17557739.0,405.7368285289489
Malawi,2017,12.7,3.81511185295255,74970000.0,76.9,1.19303297996521,13.44515609741211,7.263867855072021,Africa,8943558740.05936,18039715.0,495.77051189884986
Malawi,2018,18.0,4.6598801760246,87890000.0,73.2,1.6900490522384644,13.484868049621582,6.832389831542969,Africa,9879234865.725994,18528081.0,533.2033504023431
Malawi,2019,11.2,7.4876834617512,174630000.0,70.9,1.6953539848327637,13.222078323364258,7.98822546005249,Africa,11051871956.843113,19025752.0,580.8901512456965
Malawi,2020,11.5,7.60059612518629,177480000.0,71.5,1.8680499792099,13.51968002319336,7.823359489440918,Africa,11769330774.391066,19533888.0,602.5083574960123
Malaysia,2014,99.7,0.779690784566353,1149810000.0,3.0,245.05337524414065,493.0799255371094,1097.6156005859375,Asia,338066202943.6909,30696137.0,11013.314246795644
Malaysia,2015,99.9,1.86509332160985,2799990000.0,3.4,235.94175720214844,410.9143676757813,1114.57470703125,Asia,301354735817.5299,31232798.0,9648.662787673711
Malaysia,2016,99.9,0.892476206889948,1398180000.0,4.4,237.29388427734375,365.7708435058594,1172.30322265625,Asia,301255405902.2211,31789685.0,9476.514344266738
Malaysia,2017,100.0,0.888957782438224,1462380000.0,5.2,244.45709228515625,355.7221374511719,1188.4910888671875,Asia,319109142307.8173,32355644.0,9862.549554192688
Malaysia,2018,100.0,1.27171650237206,2168620000.0,5.3,262.6470642089844,353.0387878417969,1210.1297607421875,Asia,358788923980.5157,32910967.0,10901.804373615509
Malaysia,2019,100.0,1.51020671327574,2693650000.0,5.7,277.6728820800781,354.5280456542969,1241.2978515625,Asia,365177803705.87494,33440596.0,10920.194236546353
Malaysia,2020,100.0,1.89665330592275,3302870000.0,7.0,262.1588134765625,330.2637023925781,1196.8951416015625,Asia,337456189267.0504,33889558.0,9957.527013691071
Maldives,2014,100.0,1.35728085398998,8290000.0,1.2,1.3190399408340454,1.3190399408340454,8.802967071533203,Asia,3697353152.4481134,413617.0,8939.074439513157
Maldives,2015,99.8,1.5101116576872,9670000.0,1.5,1.2824000120162964,1.2825099229812622,6.5832061767578125,Asia,4129505260.400891,428154.0,9644.90641311512
Maldives,2016,100.0,2.17712587601507,13700000.0,1.2,1.4326239824295044,1.4326605796813965,6.978358268737793,Asia,4409942714.70243,443308.0,9947.807652247264
Maldives,2017,99.8,2.83466002309048,18660000.0,1.3,1.5132319927215576,1.5133419036865234,7.233674049377441,Asia,4816426412.903225,458287.0,10509.629147026262
Maldives,2018,100.0,3.8740471610743,27190000.0,1.3,1.7367359399795532,1.7367359399795532,5.696427345275879,Asia,5404344064.852927,473099.0,11423.283635883668
Maldives,2019,100.0,4.41901990609087,33410000.0,1.3,1.993216037750244,1.993216037750244,6.231863498687744,Asia,5726094826.468715,487731.0,11740.272458524709
Maldives,2020,100.0,5.58478879892923,42560000.0,1.6,1.6781120300292969,1.6781120300292969,5.080175876617432,Asia,3712604694.269756,502118.0,7393.888875263894
Mali,2014,34.2,3.66969661093499,83690000.0,84.6,3.139312982559204,35.99733352661133,12.978475570678713,Africa,17081681997.482206,18020267.0,947.91503352765
Mali,2015,37.6,3.5554122817398,87130000.0,81.2,3.3991029262542725,43.13375473022461,15.588478088378906,Africa,15583181170.868835,18593022.0,838.1198694256822
Mali,2016,38.8,3.26162593820586,87650000.0,77.9,4.2861647605896,40.74479675292969,19.423755645751953,Africa,16743796798.052229,19191289.0,872.4685870788684
Mali,2017,34.8,3.13740888061867,91890000.0,77.0,4.7665510177612305,42.7857551574707,21.44119644165039,Africa,18308362053.047077,19813011.0,924.0575323481664
Mali,2018,50.9,3.12351669665999,91470000.0,77.2,5.198325157165527,43.381309509277344,22.246217727661133,Africa,20368015366.6385,20442030.0,996.3792914225496
Mali,2019,47.9,3.16749494839168,92800000.0,74.9,5.594037055969238,42.392356872558594,24.244474411010746,Africa,20477421878.23752,21068405.0,971.9493183388832
Mali,2020,50.6,5.73223856692374,172510000.0,72.8,6.330056190490723,46.720821380615234,26.82640266418457,Africa,20698560956.36435,21713836.0,953.242944100911
Malta,2014,100.0,3.36035634743875,75440000.0,4.5,2.4173200130462646,2.3836843967437744,26.635753631591797,Europe,11888089268.431158,434485.0,27361.33415061776
Malta,2015,100.0,7.82592024539877,102050000.0,6.0,1.6974680423736572,1.6789281368255615,29.115819931030273,Europe,11340775060.234385,444981.0,25485.975941072506
Malta,2016,100.0,15.8996499416569,136260000.0,9.2,1.3758790493011477,1.3492051362991333,32.33025360107422,Europe,12025727488.833046,455269.0,26414.55378871183
Malta,2017,100.0,10.4215626892792,172060000.0,7.3,1.5372060537338257,1.5094329118728638,36.796112060546875,Europe,14161344323.882504,467902.0,30265.620415989895
Malta,2018,100.0,10.1427115188583,199000000.0,7.6,1.5477030277252195,1.5197833776474,38.33604049682617,Europe,16153804357.80364,484558.0,33337.19463470553
Malta,2019,100.0,9.80330257406508,201850000.0,7.4,1.6491960287094116,1.5947855710983276,39.9494514465332,Europe,16337834890.980091,504015.0,32415.374326121422
Malta,2020,100.0,11.3308446103593,242820000.0,9.2,1.600888967514038,1.5411657094955444,37.08992004394531,Europe,16404677395.174862,518207.0,31656.61095889261
Mauritania,2014,38.8,5.09783183500793,43380000.0,31.0,2.562746047973633,2.91280460357666,11.109829902648926,Africa,6592537781.815179,3848514.0,1713.008652642339
Mauritania,2015,39.5,13.4185763996129,130340000.0,28.3,3.002485990524292,3.2222893238067627,11.10793399810791,Africa,6166863960.000628,3965959.0,1554.948994682151
Mauritania,2016,41.2,15.718966846569,163100000.0,31.7,2.623861074447632,2.894191026687622,10.389890670776367,Africa,6398747531.601419,4086657.0,1565.7657424152355
Mauritania,2017,42.9,13.9114686433896,165150000.0,25.5,3.58113694190979,3.840657949447632,15.744483947753906,Africa,6800135961.614138,4210600.0,1615.004028312862
Mauritania,2018,43.6,19.2089904677665,243230000.0,21.6,4.444431781768799,4.686769008636475,17.33541488647461,Africa,7473550557.073786,4337685.0,1722.9352885407277
Mauritania,2019,44.9,19.7933163529678,271210000.0,21.2,4.613279819488525,4.870016574859619,18.026649475097656,Africa,7894764814.099805,4467708.0,1767.0726945672825
Mauritania,2020,45.4,18.9100619853438,271210000.0,20.9,4.781519889831543,5.079732894897461,18.517637252807617,Africa,8260752459.273548,4600131.0,1795.764611762915
Mauritius,2014,99.5,17.2533197139939,506730000.0,10.6,4.206272125244141,4.769832134246826,22.5412654876709,Africa,13074130094.372358,1292005.0,10119.25657746863
Mauritius,2015,99.6,18.6923590256924,560210000.0,11.5,4.209936141967773,4.573404788970947,23.33733367919922,Africa,12007291045.648909,1292275.0,9291.591221411009
Mauritius,2016,99.7,18.6150558842867,566270000.0,10.3,4.341839790344238,4.551677703857422,24.2800350189209,Africa,12594155346.298018,1291803.0,9749.284795203306
Mauritius,2017,99.6,17.3456235973068,541010000.0,9.4,4.539696216583252,4.68343448638916,26.670738220214844,Africa,13713505998.039051,1290655.0,10625.229823646949
Mauritius,2018,99.8,16.9671031619291,531240000.0,9.2,4.455423831939697,4.549222469329834,25.131174087524418,Africa,14735674218.972166,1288833.0,11433.346460691311
Mauritius,2019,100.0,18.9239802224969,612380000.0,8.9,4.525040149688721,4.435564994812012,25.92133522033691,Africa,14436347115.289322,1286270.0,11223.41896747131
Mauritius,2020,99.5,20.1235253296322,579960000.0,9.4,3.799567937850952,3.8215153217315674,21.87591552734375,Africa,11408106349.668938,1283223.0,8890.197845323017
Mexico,2014,99.2,4.63244498250386,13966590000.0,9.8,484.0445251464844,521.3591918945312,2230.57373046875,North America,1364507717614.1345,119784261.0,11391.3773497683
Mexico,2015,99.0,5.34818035250541,16619310000.0,9.2,479.4337158203125,505.5245056152344,2205.421142578125,North America,1213294493235.8584,121072306.0,10021.238822657417
Mexico,2016,99.5,5.9096242443943,18907370000.0,9.2,478.8277282714844,449.75146484375,2276.17919921875,North America,1112233477588.611,122251351.0,9097.923814262069
Mexico,2017,100.0,5.89875330679655,19086950000.0,10.1,464.4066162109375,444.9772644042969,2329.706298828125,North America,1190721496876.9607,123400057.0,9649.2783376669
Mexico,2018,99.5,6.67321287626273,23503990000.0,10.3,468.4205932617187,433.010498046875,2284.33837890625,North America,1256300204640.243,124573711.0,10084.793930881957
Mexico,2019,99.6,9.87361010225177,33574520000.0,10.3,468.23583984375,530.3802490234375,2260.1669921875,North America,1304106181336.5105,125762982.0,10369.555179094836
Mexico,2020,99.4,12.5898417467586,41734570000.0,12.3,428.9368286132813,445.3807067871094,2070.561767578125,North America,1121064749915.9338,126799054.0,8841.270613232917
Micronesia (country),2014,71.2,2.4618637668026,1630000.0,1.5,0.1392319947481155,0.1392319947481155,0.6740100979804993,Oceania,319271156.0,108396.0,2945.4145540425848
Micronesia (country),2015,73.0,2.75555555555556,1860000.0,1.7,0.1428959965705871,0.1428959965705871,0.7085193395614624,Oceania,316489947.0,108716.0,2911.1625427719932
Micronesia (country),2016,74.8,4.39106487148103,2870000.0,1.9,0.1428959965705871,0.1428959965705871,0.7494905591011047,Oceania,332265162.0,109075.0,3046.2082236992896
Micronesia (country),2017,76.5,4.45966514459665,2930000.0,1.7,0.1428959965705871,0.1428959965705871,0.7573250532150269,Oceania,366666809.0,109481.0,3349.1364620345084
Micronesia (country),2018,78.3,4.29399780598652,2740000.0,2.0,0.1428959965705871,0.1428959965705871,0.4759855270385742,Oceania,391700000.0,109909.0,3563.8573729175955
Micronesia (country),2019,80.1,4.70658325886208,3160000.0,2.0,0.1428959965705871,0.1428959965705871,0.4796664714813232,Oceania,393600000.0,110282.0,3569.0321176619937
Micronesia (country),2020,81.9,4.41525778957664,3160000.0,2.0,0.1428959965705871,0.1428959965705871,0.4680022597312927,Oceania,372100000.0,110916.0,3354.791013018861
Moldova,2014,99.8,0.293254041999628,15780000.0,24.3,4.755152225494385,0.7551632523536682,42.02781295776367,Europe,9402090103.302635,3342709.0,2812.715705525858
Moldova,2015,99.9,0.308048256486531,18640000.0,24.7,4.785083770751953,0.8949785232543945,37.60898971557617,Europe,7797667138.494612,3287164.0,2372.156405489538
Moldova,2016,99.9,0.322740474970101,18890000.0,25.3,4.907332897186279,1.2250864505767822,37.65325927734375,Europe,7980917248.730123,3237794.0,2464.9243431577556
Moldova,2017,100.0,0.64665592264303,32100000.0,26.1,5.090404033660889,0.3983584940433502,38.19389724731445,Europe,9514404073.281223,3193497.0,2979.3057808669378
Moldova,2018,100.0,1.05194805194805,56700000.0,25.3,5.351240158081055,1.5136765241622925,40.7515869140625,Europe,11252353608.310087,3153773.0,3567.9021947077636
Moldova,2019,100.0,1.35310635310635,77100000.0,22.0,5.378353118896484,1.5993764400482178,41.22053527832031,Europe,11736797145.117468,3112562.0,3770.783407725683
Moldova,2020,100.0,1.31229773462783,81100000.0,22.3,5.113133907318115,2.137049913406372,39.768798828125,Europe,11530746093.988537,3069131.0,3757.006818538712
Mongolia,2014,86.0,2.53999255952381,136550000.0,3.3,29.629785537719727,38.750614166259766,48.97481155395508,Asia,12226539815.733175,2913039.0,4197.176836881749
Mongolia,2015,88.0,2.9773263196082,164140000.0,3.5,23.278635025024418,31.386335372924805,46.82266616821289,Asia,11619902291.137936,2976526.0,3903.8470657195458
Mongolia,2016,90.8,2.96964884418564,168290000.0,3.4,25.629114151000977,33.33600616455078,47.32785415649414,Asia,11181330725.577564,3040812.0,3677.087148293799
Mongolia,2017,93.6,3.09258337481334,186390000.0,1.8,34.13898849487305,41.581302642822266,52.02900314331055,Asia,11480843409.48356,3104364.0,3698.291633804399
Mongolia,2018,98.1,6.14521805661821,401590000.0,2.1,45.31930923461914,45.49965286254883,56.914756774902344,Asia,13178082982.960457,3167706.0,4160.134489425614
Mongolia,2019,98.9,8.39840579710145,579490000.0,2.3,47.118988037109375,49.218971252441406,62.50458908081055,Asia,14206349496.031267,3232113.0,4395.375253288256
Mongolia,2020,99.5,8.74000605693519,577190000.0,2.9,42.477500915527344,44.96630859375,62.50041580200195,Asia,13312990197.348356,3290785.0,4045.536307400318
Montenegro,2014,97.7,-0.0110305704380712,-350000.0,46.0,2.106800079345703,-1.4585285186767578,9.872370719909668,Europe,4579635382.396415,631375.0,7253.431609418198
Montenegro,2015,99.5,0.0,0.0,43.0,2.238703966140747,-1.322520732879639,10.784399032592772,Europe,4010884059.092315,628145.0,6385.283746734138
Montenegro,2016,99.6,0.00604902897166507,190000.0,43.9,2.015199899673462,-1.637588381767273,10.210766792297363,Europe,4357467279.400469,624249.0,6980.335217838505
Montenegro,2017,100.0,3.94439967767929,97900000.0,37.8,2.1031360626220703,-1.328236699104309,10.544557571411133,Europe,4803964668.400986,620114.0,7746.905679279916
Montenegro,2018,100.0,3.75328083989501,143000000.0,40.6,2.4035840034484863,0.005386000033468,11.139209747314451,Europe,5433469282.508841,615795.0,8823.503410240162
Montenegro,2019,100.0,8.6192834255753,295900000.0,38.7,2.4768640995025635,-0.0208847504109144,11.31895923614502,Europe,5483622624.294558,611667.0,8965.045726342205
Montenegro,2020,99.9,9.42307692307692,318500000.0,39.6,2.4035840034484863,0.0336722508072853,10.314895629882812,Europe,4734192610.424547,607935.0,7787.3335314212
Morocco,2014,97.3,6.82946501497414,2006770000.0,11.1,57.1749153137207,52.389625549316406,217.02508544921875,Africa,119130845829.48198,34204780.0,3482.8712779173547
Morocco,2015,97.3,8.22940893801057,2568810000.0,11.2,58.49884033203125,92.96102905273438,220.8587951660156,Africa,110413820681.03429,34607588.0,3190.451200500719
Morocco,2016,97.8,10.7426962446719,3452810000.0,11.1,58.45747756958008,82.91083526611328,223.32423400878903,Africa,111572946646.53508,35023457.0,3185.663443975136
Morocco,2017,100.0,10.6521346148052,3535550000.0,10.4,61.103763580322266,64.2134780883789,233.80072021484375,Africa,118540574727.55215,35446392.0,3344.2211756714805
Morocco,2018,98.1,13.6131598782837,4876370000.0,10.9,62.3149299621582,44.7283935546875,241.81399536132812,Africa,127341141871.20514,35839760.0,3553.0690459758976
Morocco,2019,99.6,15.2803121248499,6364250000.0,10.7,68.74348449707031,84.04710388183594,263.8409729003906,Africa,128920265075.52562,36210898.0,3560.2614736460173
Morocco,2020,100.0,15.4651238266427,6194710000.0,11.1,64.54182434082031,65.77021789550781,242.40440368652344,Africa,121353640939.72124,36584208.0,3317.1044987422233
Mozambique,2014,24.8,0.464103498542274,76410000.0,81.2,8.118426322937012,42.97710037231445,49.13385009765625,Africa,17978246755.987843,25788475.0,697.1426870331744
Mozambique,2015,24.0,0.335421504563374,62110000.0,80.1,6.730548858642578,49.62070846557617,52.85393142700195,Africa,16208985710.457172,26547572.0,610.5637724782204
Mozambique,2016,26.2,0.35195324839423,66850000.0,77.4,8.547748565673828,57.79677963256836,58.414283752441406,Africa,12069051288.90475,27337105.0,441.4897367115044
Mozambique,2017,24.3,0.402675433624306,71040000.0,78.2,6.905362129211426,57.1776008605957,61.8101692199707,Africa,13264640531.483383,28166393.0,470.9385589941666
Mozambique,2018,31.1,0.452890729829065,77630000.0,79.0,7.010116100311279,42.69216537475586,47.17011260986328,Africa,15017359042.44405,29018644.0,517.5072633457321
Mozambique,2019,29.7,0.052731391244798,10010000.0,77.5,7.097434997558594,43.39679718017578,49.3101806640625,Africa,15512758964.576736,29884380.0,519.092548166525
Mozambique,2020,30.6,0.719676266554551,136940000.0,80.2,6.340353012084961,40.81767654418945,45.46128845214844,Africa,14235420174.18846,30783688.0,462.4338764799221
Myanmar,2014,52.0,11.8427528675704,1703580000.0,72.0,15.849346160888672,136.11534118652344,105.4156494140625,Asia,66299763433.4972,50681634.0,1308.1615212622623
Myanmar,2015,60.5,9.12554085795525,1476330000.0,70.0,21.87981605529785,136.31976318359375,96.81204986572266,Asia,62543490877.55752,51089056.0,1224.2052559663173
Myanmar,2016,55.6,14.2782072768557,2641040000.0,68.8,21.144081115722656,136.84609985351562,113.37633514404295,Asia,63535364377.432335,51495696.0,1233.7995077769672
Myanmar,2017,69.8,13.0881935287555,2580730000.0,59.5,23.63340950012207,131.4395294189453,148.84300231933594,Asia,64500994403.79818,51894938.0,1242.914952587441
Myanmar,2018,66.1,12.2904090909091,2703890000.0,59.4,34.01683807373047,125.74097442626952,155.3057403564453,Asia,69256662200.44308,52272247.0,1324.9222326417896
Myanmar,2019,68.3,11.7046547578152,2725780000.0,58.5,33.61692428588867,118.94921875,151.75450134277344,Asia,71802236332.54817,52640713.0,1364.0057712088392
Myanmar,2020,70.4,11.2843466368271,2722800000.0,59.2,34.587799072265625,116.17189025878906,153.34219360351562,Asia,79969739104.42075,53016522.0,1508.392781865637
Namibia,2014,48.4,2.61221779548473,39340000.0,30.2,3.0991389751434326,6.614966869354248,19.171859741210938,Africa,12435430022.676155,2312139.0,5378.322852854501
Namibia,2015,51.6,-2.10709677419355,-32660000.0,29.3,3.393660068511963,7.155012130737305,20.230379104614254,Africa,11335161746.388136,2374300.0,4774.106787848265
Namibia,2016,49.7,12.0247592847318,174840000.0,29.2,3.5822041034698486,7.25957727432251,20.518966674804688,Africa,10722018742.224072,2439213.0,4395.687765776942
Namibia,2017,52.5,-5.79633867276888,-101320000.0,30.2,3.589608907699585,7.1823811531066895,20.71087646484375,Africa,12887501267.567549,2506853.0,5140.908249333946
Namibia,2018,52.3,12.7239396117901,176990000.0,30.9,3.6350369453430176,7.334211349487305,20.373563766479492,Africa,13682019419.132565,2577327.0,5308.608267066059
Namibia,2019,53.3,49.5501474926254,671900000.0,30.2,3.730077028274536,8.03502082824707,19.957836151123047,Africa,12541676210.736229,2650494.0,4731.82592027608
Namibia,2020,52.3,8.85670731707317,174300000.0,31.2,3.4404211044311523,8.464387893676758,18.239229202270508,Africa,10583748757.334557,2728762.0,3878.589909026348
Nauru,2014,99.5,0.749583564686285,270000.0,0.0,0.0512959994375705,0.0512959994375705,0.3122298419475555,Oceania,132826895.34988783,10742.0,12365.192268654611
Nauru,2015,99.0,0.661703887510339,240000.0,0.1,0.0549600012600421,0.0549600012600421,0.3324790298938751,Oceania,104353153.13914996,10954.0,9526.48832747398
Nauru,2016,99.7,0.806227411731999,290000.0,0.2,0.0512959994375705,0.0512959994375705,0.3648832142353058,Oceania,115160285.84418888,11150.0,10328.276757326355
Nauru,2017,99.8,3.13121272365805,1260000.0,0.6,0.0549600012600421,0.0549600012600421,0.2852191627025604,Oceania,128477570.66346784,11324.0,11345.59967003425
Nauru,2018,99.9,3.09251559251559,1190000.0,0.7,0.0549600012600421,0.0549600012600421,0.3226982653141022,Oceania,145977573.8856691,11477.0,12719.140357730166
Nauru,2019,100.0,3.85956175298805,1550000.0,0.6,0.0512959994375705,0.0512959994375705,0.3187218904495239,Oceania,140642155.44502097,11587.0,12137.9265940296
Nauru,2020,100.0,6.69456066945607,2880000.0,1.3,0.0549600012600421,0.0549600012600421,0.3115891814231872,Oceania,147982784.53666222,11643.0,12710.021861776366
Nepal,2014,84.9,-0.725065963060686,-27480000.0,84.0,7.587669849395752,14.117137908935549,23.470415115356445,Asia,22884819970.409935,27672370.0,826.9916877524381
Nepal,2015,82.0,8.21922965537214,283810000.0,85.2,6.904651165008545,16.91737174987793,21.088611602783203,Asia,23667153173.76344,27823629.0,850.6134542608888
Nepal,2016,90.7,-4.49844162071446,-187630000.0,79.4,10.088047981262209,21.431827545166016,32.492286682128906,Asia,24288427411.13224,27955462.0,868.825827708812
Nepal,2017,86.6,2.83723986856517,129520000.0,76.8,12.42158031463623,23.36884307861328,37.34850311279297,Asia,29443014953.26977,28011258.0,1051.1136255740378
Nepal,2018,93.9,4.0115990057995,193680000.0,75.0,14.038991928100586,22.815847396850582,41.983768463134766,Asia,31726289775.18016,28079689.0,1129.8661383030333
Nepal,2019,89.9,-5.3027881950106,-325220000.0,78.2,12.750490188598633,21.954496383666992,36.389381408691406,Asia,34268250821.040268,28414064.0,1206.0313097429594
Nepal,2020,89.9,4.66467356173239,288650000.0,73.1,15.630800247192385,24.99601936340332,45.60831069946289,Asia,32858995701.54391,28966574.0,1134.3763229142637
Netherlands,2014,100.0,11.1609261015113,11535710000.0,5.6,157.50282287597656,163.85275268554688,1016.3306884765624,Europe,901556501756.4542,17030089.0,52939.03641704129
Netherlands,2015,100.0,12.3386896282653,13598840000.0,5.8,163.95809936523438,169.833251953125,1026.468017578125,Europe,775743675302.7349,17107433.0,45345.41653927476
Netherlands,2016,100.0,12.7462963927821,14678380000.0,5.6,164.81175231933594,170.94898986816406,1044.0428466796875,Europe,797163949289.9072,17204693.0,46334.09903274108
Netherlands,2017,100.0,14.8291754504255,17374900000.0,6.4,162.29574584960938,168.20008850097656,1052.10205078125,Europe,848233537845.8915,17315370.0,48987.318079018325
Netherlands,2018,100.0,16.465120345518,18832640000.0,7.4,158.26425170898438,163.71951293945312,1026.1390380859375,Europe,929733599796.8466,17421280.0,53367.69742503688
Netherlands,2019,100.0,18.7152988270954,22721870000.0,8.6,152.7270965576172,158.08090209960938,1021.5366821289062,Europe,928903005576.4536,17537507.0,52966.65059500496
Netherlands,2020,100.0,26.5202550333393,32693640000.0,10.7,136.97413635253906,142.27378845214844,989.3432006835938,Europe,932560861701.154,17636731.0,52876.0608585091
New Zealand,2014,100.0,24.2361553150859,10661000000.0,29.0,35.39933776855469,51.77814865112305,250.6748809814453,Oceania,201518402787.3799,4522983.0,44554.31355531955
New Zealand,2015,100.0,25.5812392311307,11432000000.0,29.3,35.80509567260742,52.27037811279297,252.21728515625,Oceania,178224167087.9897,4614029.0,38626.581473152786
New Zealand,2016,100.0,25.8474288431492,11415000000.0,30.1,34.13495635986328,50.515342712402344,255.68443298339844,Oceania,189099389150.9023,4714770.0,40107.87146581961
New Zealand,2017,100.0,25.1254480286738,11216000000.0,28.4,35.66126251220703,53.586944580078125,259.83465576171875,Oceania,206745969246.07333,4812752.0,42957.951967205736
New Zealand,2018,100.0,24.918333557077,11137000000.0,28.9,35.68679428100586,54.978816986083984,258.44549560546875,Oceania,211985631173.20483,4900847.0,43254.89679094345
New Zealand,2019,100.0,25.328932795818,11435000000.0,28.0,36.71061325073242,54.96392822265625,263.5646667480469,Oceania,213006341101.8694,4989403.0,42691.749113444916
New Zealand,2020,100.0,25.9477182896155,11554000000.0,28.7,34.10895919799805,56.14198303222656,239.30291748046875,Oceania,213028906169.78436,5069895.0,42018.40593735854
Nicaragua,2014,81.9,45.6497975708502,2029590000.0,53.0,4.719788074493408,12.494832038879396,22.4462890625,North America,11880438655.140532,6066492.0,1958.370447886609
Nicaragua,2015,83.2,43.6627373935822,2000190000.0,50.0,5.408233165740967,19.847103118896484,25.17820930480957,North America,12756696289.62292,6149417.0,2074.4562109908825
Nicaragua,2016,83.9,43.491396209976,1996690000.0,49.5,5.378533840179443,20.638654708862305,25.213491439819336,North America,13286093197.482086,6232666.0,2131.6870176393354
Nicaragua,2017,84.6,45.731270718232,2069340000.0,48.9,5.440822124481201,21.756393432617188,25.203371047973633,North America,13785892848.735928,6316231.0,2182.6137848245144
Nicaragua,2018,85.2,50.1418134937688,2333600000.0,51.3,5.177980899810791,16.097763061523438,18.58614158630371,North America,13025221836.43935,6400080.0,2035.165472375244
Nicaragua,2019,85.7,52.2079142982073,2387990000.0,50.5,5.208108901977539,15.232592582702637,19.375267028808594,North America,12699023512.171604,6483657.0,1958.6204995377768
Nicaragua,2020,86.0,55.077552097072,2087990000.0,52.2,4.641017913818359,13.456528663635254,19.49477195739746,North America,12726422386.730112,6565267.0,1938.4470405743
Niger,2014,15.7,2.21218961625282,9800000.0,78.1,2.25625991821289,31.64527702331543,9.796850204467772,Africa,10881880301.916409,19215909.0,566.2953702537001
Niger,2015,16.6,2.14689265536723,11400000.0,78.9,2.198770046234131,44.73088836669922,10.345922470092772,Africa,9666654126.60374,19939498.0,484.7992726097588
Niger,2016,17.0,1.89033189033189,13100000.0,80.2,2.141519069671631,37.2175407409668,9.659061431884766,Africa,10140653519.78468,20685753.0,490.22404549569353
Niger,2017,17.6,2.63345195729537,14800000.0,82.0,2.2425029277801514,25.991708755493164,9.389671325683594,Africa,10949624936.947344,21435446.0,510.8186196334494
Niger,2018,17.6,8.59888059701493,46090000.0,82.0,1.803408980369568,17.403108596801758,8.472009658813477,Africa,12446262257.716251,22188069.0,560.9439134931594
Niger,2019,18.5,6.87910447761194,46090000.0,80.7,2.5133650302886963,13.916905403137209,10.912117958068848,Africa,12341358220.418024,22947757.0,537.8023752133171
Niger,2020,18.7,6.84843982169391,46090000.0,81.9,3.0400359630584717,12.22429084777832,11.022438049316406,Africa,13236972579.320456,23717613.0,558.1072842077513
Nigeria,2014,54.2,2.00766684515407,824870000.0,79.9,123.9712371826172,146.78085327148438,494.19244384765625,Africa,669947252510.2874,185896915.0,3603.8642841936744
Nigeria,2015,52.5,0.0827909456427572,37270000.0,81.3,110.52458953857422,133.03488159179688,468.8365173339844,Africa,604671519102.6562,190671878.0,3171.2674435537697
Nigeria,2016,59.3,0.0885909116956048,46380000.0,81.1,116.39599609375,135.2318878173828,475.2441711425781,Africa,508380680550.22253,195443700.0,2601.1617696053777
Nigeria,2017,54.4,0.164596361974928,57640000.0,81.6,112.54036712646484,149.47817993164062,460.02496337890625,Africa,490369233168.176,200254579.0,2448.729190697687
Nigeria,2018,56.5,0.177013377013377,64840000.0,80.8,106.78572845458984,154.226806640625,491.5682678222656,Africa,571730484421.7842,204938755.0,2789.7626509040915
Nigeria,2019,55.4,0.462077493816983,168150000.0,80.1,127.85929870605467,164.00601196289062,514.7874755859375,Africa,668218981400.1953,209485641.0,3189.808037488332
Nigeria,2020,55.4,-0.769960054608889,-304550000.0,81.8,124.8992919921875,177.0405731201172,475.4029541015625,Africa,595401180153.5996,213996181.0,2782.298157711514
North Macedonia,2014,99.8,1.57536285820618,84660000.0,21.2,7.166783809661865,9.529440879821776,27.962751388549805,Europe,11362256666.0871,1997833.0,5687.290512313642
North Macedonia,2015,99.9,2.89691817215728,163560000.0,23.9,6.719776153564453,9.101816177368164,29.476516723632812,Europe,10064513038.488253,1980366.0,5082.147965824626
North Macedonia,2016,100.0,3.01208029845443,169550000.0,21.4,6.606192111968994,8.204758644104004,30.592130661010746,Europe,10672464611.852585,1961259.0,5441.639585517561
North Macedonia,2017,100.0,3.3225,186060000.0,19.0,7.090023040771484,8.299912452697754,29.433116912841797,Europe,11307061189.956188,1940879.0,5825.742454813612
North Macedonia,2018,99.8,3.11307294453362,174550000.0,20.9,6.6538238525390625,7.769512176513672,30.426361083984375,Europe,12683068033.104256,1919728.0,6606.700549819691
North Macedonia,2019,100.0,3.08076333276538,180810000.0,17.0,7.624612808227539,8.147209167480469,31.05750274658203,Europe,12606338448.546968,1897641.0,6643.1629842246075
North Macedonia,2020,100.0,5.18477651019263,277230000.0,20.0,6.979919910430908,7.3089470863342285,27.70799446105957,Europe,12361036913.840923,1872015.0,6603.065100354924
Norway,2014,100.0,1.74809466788758,2481770000.0,55.8,44.974998474121094,49.86775970458984,541.9393310546875,Europe,501736471832.849,5137395.0,97663.59640106492
Norway,2015,100.0,1.92426632352331,2781450000.0,56.5,45.52299880981445,50.782928466796875,549.2698364257812,Europe,388159512245.53094,5189771.0,74793.18687578526
Norway,2016,100.0,1.59207471719381,2372860000.0,57.7,44.70800018310547,50.32018280029297,557.6338500976562,Europe,370956547619.0476,5235983.0,70847.54622370769
Norway,2017,100.0,2.10935242172866,3153060000.0,58.9,44.196998596191406,50.294776916503906,560.1580200195312,Europe,401745275035.2613,5276802.0,76134.23339273698
Norway,2018,100.0,2.81597857196272,4142220000.0,58.9,44.47200012207031,50.608795166015625,551.6292114257812,Europe,439788625883.7995,5311752.0,82795.3989350029
Norway,2019,100.0,4.36238566112701,5885120000.0,59.8,42.86600112915039,49.43503952026367,515.9449462890625,Europe,408742840909.0914,5347730.0,76432.96144515362
Norway,2020,100.0,6.62982054834241,10289150000.0,60.9,41.275001525878906,47.84246444702149,556.3814697265625,Europe,367633418886.62726,5379274.0,68342.57167168419
Oman,2014,100.0,0.00456589652923204,1330000.0,0.0,66.1900405883789,66.54962158203125,315.9684753417969,Asia,92699123128.73862,4002439.0,23160.658570621217
Oman,2015,100.0,0.0127586838410353,4180000.0,0.0,67.88322448730469,68.12006378173828,337.4244384765625,Asia,78710880566.9701,4184895.0,18808.328659851704
Oman,2016,100.0,0.0122692217807899,4200000.0,0.0,66.23981475830078,66.7882080078125,338.6443176269531,Asia,75128854988.2965,4390877.0,17110.216247983375
Oman,2017,100.0,0.0430812650452395,15570000.0,0.0,66.34371948242188,66.85155487060547,351.9158020019531,Asia,80856575503.25098,4537396.0,17820.039402170536
Oman,2018,100.0,0.12955551432585,48880000.0,0.0,70.67793273925781,70.9847183227539,376.00726318359375,Asia,91505918083.22496,4597877.0,19901.775989924256
Oman,2019,100.0,0.151316297382846,58800000.0,0.0,72.03490447998047,72.28148651123047,373.4090270996094,Asia,88060945076.72302,4591241.0,19180.205325035873
Oman,2020,100.0,0.413562831629352,159780000.0,0.1,71.84515380859375,71.99727630615234,361.5533447265625,Asia,75909397612.48375,4522497.0,16784.842004866725
Pakistan,2014,90.1,2.21808053239616,2373080000.0,47.2,150.80950927734375,155.6455841064453,786.3077392578125,Asia,276486556921.8905,214264647.0,1290.39746310501
Pakistan,2015,91.0,2.01272260058581,2240120000.0,45.9,144.8955535888672,175.0081787109375,829.312255859375,Asia,296060091147.23755,217290883.0,1362.5058127599286
Pakistan,2016,91.8,4.63535634157602,5722950000.0,43.7,176.74098205566406,203.87564086914065,900.4373168945312,Asia,312353963903.297,220138869.0,1418.895106176352
Pakistan,2017,92.7,6.41277723616866,8419720000.0,42.1,211.9807281494141,227.4883270263672,951.99267578125,Asia,337136829493.02374,223273967.0,1509.9692723828557
Pakistan,2018,93.4,7.59848932727612,9768010000.0,43.4,203.4996795654297,200.0663604736328,967.4801635742188,Asia,321691849251.6309,226928892.0,1417.5887716035336
Pakistan,2019,93.9,6.63771335397687,8874490000.0,45.9,190.82586669921875,203.09169006347656,973.635498046875,Asia,291918785487.3177,230800899.0,1264.8078354639238
Pakistan,2020,94.5,8.51887092555545,12050880000.0,42.7,215.50955200195312,208.28411865234375,959.6697998046876,Asia,293752197206.8372,235001746.0,1250.000062581821
Panama,2014,90.8,4.14278023042963,384740000.0,19.8,10.688620567321776,15.491539001464844,93.80625915527344,North America,51081695260.0,3892101.0,13124.452643957597
Panama,2015,91.6,6.98193297717339,718790000.0,22.0,10.652059555053713,15.449665069580078,100.9555206298828,North America,55530828561.0,3960035.0,14022.812566303077
Panama,2016,92.4,9.00321513871027,980090000.0,22.1,10.333789825439451,15.297703742980955,106.60725402832033,North America,59643774573.0,4029086.0,14803.30143685193
Panama,2017,93.7,8.46477087484151,934680000.0,23.6,9.567928314208984,14.370149612426758,114.4463348388672,North America,64278195696.0,4098707.0,15682.554448512665
Panama,2018,93.8,10.3075069177899,1154750000.0,24.5,9.121047019958496,12.08731174468994,111.63959503173828,North America,67316471181.0,4167860.0,16151.327343288882
Panama,2019,93.9,11.1883585164835,1303220000.0,19.0,12.448774337768556,14.82890796661377,125.0819091796875,North America,69778991193.0,4234700.0,16477.90662691572
Panama,2020,95.3,11.2227405781193,1226870000.0,28.5,6.557340145111084,11.47036075592041,85.13400268554688,North America,57059846522.0,4293261.0,13290.560839883716
Papua New Guinea,2014,18.1,8.43668456939181,277410000.0,56.9,6.124889850616455,44.92782211303711,21.26482582092285,Oceania,23210824046.21788,8523441.0,2723.1753051634755
Papua New Guinea,2015,18.4,8.307169849012,249510000.0,55.3,6.316258907318115,41.920448303222656,25.04042625427246,Oceania,21723334307.578342,8743246.0,2484.584593362504
Papua New Guinea,2016,13.5,7.40108112453027,220980000.0,54.8,7.024071216583252,75.56615447998047,26.775096893310547,Oceania,20758911153.00793,8961718.0,2316.398613860415
Papua New Guinea,2017,19.2,6.78156732228184,191740000.0,54.7,6.550139904022217,52.21995544433594,26.1480655670166,Oceania,22742696403.118954,9178714.0,2477.765011865383
Papua New Guinea,2018,16.6,5.19995396007315,162640000.0,53.4,7.5959038734436035,43.412349700927734,20.265594482421875,Oceania,24109780116.570637,9394513.0,2566.36827439279
Papua New Guinea,2019,23.6,4.82024016866807,131460000.0,53.2,7.582732200622559,40.58393859863281,21.084819793701172,Oceania,24750628367.92029,9609010.0,2575.7729847216615
Papua New Guinea,2020,20.5,4.60341972315196,131760000.0,53.6,7.910788059234619,39.076881408691406,20.241897583007812,Oceania,23848445185.95202,9815746.0,2429.6110744870557
Paraguay,2014,99.0,0.252270178358236,139460000.0,62.5,5.451217174530029,46.72423553466797,36.41487503051758,South America,40377987314.6539,6069811.0,6652.264348042122
Paraguay,2015,99.3,0.262019230769231,146060000.0,60.5,6.045473098754883,49.372562408447266,42.120880126953125,South America,36211372646.38557,6159103.0,5879.325714537582
Paraguay,2016,98.4,0.266202505841213,169760000.0,62.5,7.186515808105469,46.0684814453125,47.86211395263672,South America,36089550671.84251,6249126.0,5775.135702471434
Paraguay,2017,99.3,0.236893691882383,141390000.0,60.1,7.939465045928955,43.333702087402344,49.08839416503906,South America,38997129809.17518,6338660.0,6152.267168325037
Paraguay,2018,99.6,0.226525028710397,134130000.0,59.2,8.503591537475586,34.06977462768555,51.82950210571289,South America,40225448651.30811,6427382.0,6258.449964745851
Paraguay,2019,99.7,0.285497603494651,141170000.0,60.1,8.268412590026855,28.77600479125977,51.4560546875,South America,37925338460.1622,6515058.0,5821.182015595594
Paraguay,2020,99.7,0.551712240144915,255840000.0,61.5,7.443760871887207,24.769132614135746,49.928611755371094,South America,35432177936.32592,6603739.0,5365.472187245123
Peru,2014,92.9,2.20414489800343,1016750000.0,28.6,49.38801956176758,122.5097427368164,268.82904052734375,South America,200786240836.8186,30115826.0,6667.13377998726
Peru,2015,93.9,1.71855453733142,827020000.0,27.4,49.20405578613281,88.5235366821289,281.6694641113281,South America,189802961890.0977,30457600.0,6231.711030747586
Peru,2016,94.2,3.51871222026415,1856930000.0,27.2,52.69766616821289,93.58805847167967,298.9378662109375,South America,191898127860.84256,30866494.0,6217.036760340924
Peru,2017,94.8,3.30999870122641,1783990000.0,27.6,54.72635269165039,83.21505737304688,303.5903015136719,South America,211007952315.8882,31324637.0,6736.165923196116
Peru,2018,95.2,5.02511191178076,2761500000.0,27.9,56.01356887817383,80.80239868164062,318.4245300292969,South America,222597030191.0411,31897584.0,6978.491856657266
Peru,2019,95.6,4.94812214812215,2819440000.0,27.1,58.66828155517578,83.47073364257812,326.58514404296875,South America,228325852220.76212,32449303.0,7036.386951693912
Peru,2020,96.2,6.22523277290124,3269430000.0,31.6,47.23673629760742,65.98047637939453,287.8817443847656,South America,201409683363.20355,32838579.0,6133.325177170534
Philippines,2014,89.8,13.9106181404017,10747900000.0,32.4,100.07381439208984,164.82278442382812,405.6751403808594,Asia,297483553261.30005,103767130.0,2866.8380176005644
Philippines,2015,89.1,15.0141115088273,12373880000.0,30.8,111.04629516601562,169.01754760742188,444.4520263671875,Asia,306445871631.19946,105312992.0,2909.85818379559
Philippines,2016,92.0,15.3916783224485,13975490000.0,28.6,120.2156219482422,177.23049926757812,485.4219970703125,Asia,318627003965.42,106735719.0,2985.195649128667
Philippines,2017,93.0,14.5021510617556,13685970000.0,27.8,133.5756072998047,188.99002075195312,532.516845703125,Asia,328480738147.61615,108119693.0,3038.12126203148
Philippines,2018,94.2,14.0838035862843,14051270000.0,27.6,139.8567657470703,189.06253051757812,550.4426879882812,Asia,346841896889.7684,109465287.0,3168.510368860298
Philippines,2019,95.3,13.3668558713157,14176620000.0,26.9,142.60121154785156,188.9677734375,566.1214599609375,Asia,376823404772.4905,110804683.0,3400.7895205339873
Philippines,2020,96.4,14.3198785532509,14573770000.0,29.1,131.45741271972656,176.66297912597656,513.7581176757812,Asia,361751145432.6661,112081264.0,3227.579102183092
Poland,2014,100.0,11.157815653311,17747510000.0,11.6,309.41534423828125,260.48187255859375,1089.3544921875,Europe,542134224464.7279,38265113.0,14167.84590351864
Poland,2015,100.0,12.7178800077602,20977380000.0,11.9,312.5488586425781,265.0318603515625,1103.0130615234375,Europe,480054118583.3665,38266314.0,12545.083871505536
Poland,2016,100.0,12.4176553545174,20692160000.0,11.3,323.30047607421875,278.8766784667969,1150.2451171875,Europe,473259583965.6423,38263265.0,12368.510213794936
Poland,2017,100.0,12.6692693514798,21596670000.0,11.1,336.5050964355469,293.1450500488281,1208.2889404296875,Europe,528356676662.55115,38254959.0,13811.45583406719
Poland,2018,100.0,11.5744917342492,19681150000.0,15.1,335.7186279296875,312.30877685546875,1222.08251953125,Europe,594616687355.5061,38241071.0,15549.164074288246
Poland,2019,100.0,14.3516049954875,23534910000.0,15.6,317.4440612792969,305.6217041015625,1187.2677001953125,Europe,602683770144.8804,38225885.0,15766.37846697023
Poland,2020,100.0,16.5417800331557,26142960000.0,16.1,302.1024169921875,273.3776550292969,1139.2342529296875,Europe,605914237908.9224,38171012.0,15873.674973797455
Portugal,2014,100.0,30.2887011855612,15993040000.0,30.5,47.94233322143555,43.81325912475586,291.77362060546875,Europe,230078616299.6719,10406199.0,22109.76517935818
Portugal,2015,100.0,29.9731018695154,15711900000.0,27.2,52.23304748535156,47.86750411987305,289.5222473144531,Europe,199038523119.63956,10370267.0,19193.191758673096
Portugal,2016,100.0,27.4953173432346,16587650000.0,29.0,50.310916900634766,47.71412658691406,309.86669921875,Europe,206305431241.64395,10346372.0,19939.881461989185
Portugal,2017,100.0,28.0608941461527,16676870000.0,24.4,55.165157318115234,54.320858001708984,301.8778991699219,Europe,220862990767.23065,10330844.0,21378.988083377375
Portugal,2018,100.0,28.52132939835,17008980000.0,27.5,51.340274810791016,61.06519317626953,304.0898132324219,Europe,242092894542.88364,10325353.0,23446.452101238923
Portugal,2019,100.0,34.9706701283064,18588310000.0,28.2,47.58304977416992,51.01464080810547,293.056640625,Europe,240115970063.0152,10343213.0,23214.83373329111
Portugal,2020,100.0,33.9457402313576,18017720000.0,31.3,41.73814392089844,43.704978942871094,265.2476806640625,Europe,229618773422.57257,10370519.0,22141.492959279338
Qatar,2014,100.0,0.279980357696682,108330000.0,0.0,91.64163970947266,91.66651916503906,517.1715087890625,Asia,206224598564.5604,2218372.0,92962.1355501063
Qatar,2015,100.0,0.30323622255958,125840000.0,0.0,93.31037139892578,93.3270034790039,595.4144897460938,Asia,161739955577.74725,2427331.0,66632.83894027937
Qatar,2016,100.0,0.309972345002009,131140000.0,0.1,91.37834167480467,91.4145050048828,586.5151977539062,Asia,151732181857.14285,2599372.0,58372.630718936285
Qatar,2017,100.0,0.301422487597137,137310000.0,0.1,105.65658569335938,105.7238540649414,564.07080078125,Asia,161099122215.3846,2706709.0,59518.44923683507
Qatar,2018,100.0,0.298213391217232,142880000.0,0.0,102.62140655517578,102.65779113769533,573.3528442382812,Asia,183334953813.1868,2761142.0,66398.23443096617
Qatar,2019,100.0,0.252506416426051,125930000.0,0.1,101.42957305908205,101.45211029052734,585.2088623046875,Asia,176371267689.011,2797921.0,63036.543093608074
Qatar,2020,100.0,0.289800641520159,142750000.0,0.0,101.32923126220705,101.3460464477539,513.3613891601562,Asia,144411363345.32965,2803375.0,51513.39487058622
Romania,2014,98.4,12.6699250867897,8321100000.0,24.3,79.3353500366211,74.8386001586914,379.1163940429687,Europe,199722319675.74103,19968174.0,10002.032217655003
Romania,2015,98.8,14.4331332207071,9568590000.0,23.7,78.04598999023438,66.29638671875,381.13568115234375,Europe,177885146043.1059,19871019.0,8951.989127638895
Romania,2016,99.1,13.7336989078844,8941050000.0,24.4,76.5869140625,63.085697174072266,381.0851135253906,Europe,185290744033.07745,19777051.0,9368.977408870383
Romania,2017,100.0,15.2229998755755,9787780000.0,23.4,79.43234252929688,73.6800765991211,387.9358825683594,Europe,210147403140.86633,19689401.0,10673.12322710408
Romania,2018,99.8,13.1492231333621,8530690000.0,23.0,79.87442016601562,103.64795684814452,392.0510864257813,Europe,243468703619.9195,19597872.0,12423.221440568625
Romania,2019,100.0,15.1878165777733,9055280000.0,23.5,76.69035339355469,67.75462341308594,383.8175659179687,Europe,251677082534.4951,19501542.0,12905.496526094968
Romania,2020,100.0,16.494010798441,9225760000.0,24.1,73.94638061523438,68.0307846069336,369.488525390625,Europe,252033812507.48648,19392469.0,12996.478813888343
Russia,2014,100.0,0.167187398692172,1779220000.0,3.3,1637.311279296875,1764.956787109375,8057.76171875,Europe,2059242624404.2815,144925638.0,14208.96021450864
Russia,2015,95.5,0.169662327735438,1811220000.0,3.2,1635.2435302734375,2082.6650390625,7930.55517578125,Europe,1363481523352.534,145307616.0,9383.414034901887
Russia,2016,99.4,0.160007626219897,1745640000.0,3.4,1629.328369140625,2084.41845703125,8086.0634765625,Europe,1276786105927.49,145778677.0,8758.387249786127
Russia,2017,100.0,0.176730440249733,1933940000.0,3.2,1661.01220703125,2089.44921875,8135.74267578125,Europe,1574198566649.254,146186799.0,10768.404379996404
Russia,2018,100.0,0.202496114673843,2258020000.0,3.2,1709.90966796875,2027.107666015625,8432.208984375,Europe,1657327982749.3408,146430146.0,11318.215736460035
Russia,2019,99.8,0.268245337461168,3008350000.0,3.2,1704.4586181640625,1969.9044189453125,8370.0302734375,Europe,1693115086672.2483,146533067.0,11554.491565185408
Russia,2020,99.9,0.401953991448764,4379960000.0,3.7,1631.901611328125,1841.9384765625,8075.71337890625,Europe,1493076317388.9348,146371299.0,10200.608504464628
Rwanda,2014,19.8,23.9976247030879,101030000.0,88.0,0.829804003238678,4.12930965423584,4.210078716278076,Africa,8129678686.465115,11364757.0,715.3411803230913
Rwanda,2015,22.8,12.5123339658444,65940000.0,86.3,0.9667819738388062,3.87944221496582,4.548287391662598,Africa,8447481114.251875,11640022.0,725.7272464134411
Rwanda,2016,29.4,3.9788838612368,26380000.0,85.5,1.0519969463348389,3.8237032890319824,4.622319221496582,Africa,8596998307.421816,11919183.0,721.2741265422148
Rwanda,2017,34.1,8.22374429223744,54030000.0,84.5,1.1697239875793457,2.1487083435058594,4.9292144775390625,Africa,9164764869.474665,12202060.0,751.0834129216431
Rwanda,2018,38.0,7.47820512820513,58330000.0,82.8,1.3130749464035034,1.7071382999420166,4.891636848449707,Africa,9650520933.716757,12487996.0,772.7837944308084
Rwanda,2019,46.6,4.22053675612602,36170000.0,81.8,1.41349196434021,3.499260425567627,5.497758865356445,Africa,10519813916.066845,12776103.0,823.3977071151387
Rwanda,2020,45.2,3.77853107344633,33440000.0,81.7,1.3943109512329102,5.148408889770508,5.747587203979492,Africa,10487893807.37505,13065837.0,802.6959013322338
Samoa,2014,97.9,2.26884226884227,2920000.0,41.4,0.2015199959278106,0.8656566739082336,1.1655880212783811,Oceania,818039919.8327025,200037.0,4089.443052198856
Samoa,2015,98.2,5.88922133839305,8070000.0,37.1,0.2271679937839508,0.6100193858146667,1.3513668775558472,Oceania,825565903.4749141,201782.0,4091.3753628912095
Samoa,2016,98.9,10.8108108108108,16000000.0,36.8,0.2381599992513656,0.4160105586051941,1.4326727390289309,Oceania,870195399.0625638,203499.0,4276.165480236088
Samoa,2017,96.8,13.5376008326828,20810000.0,35.8,0.234495997428894,0.2514236867427826,1.4308069944381714,Oceania,881694400.3808511,205415.0,4292.259087120469
Samoa,2018,99.8,14.0184010941191,22550000.0,36.6,0.234495997428894,0.139085441827774,1.4431161880493164,Oceania,894066372.4805074,207582.0,4307.051538575153
Samoa,2019,99.2,14.0385855861139,23940000.0,34.2,0.2601439952850342,0.1543643176555633,1.5710244178771973,Oceania,912555111.6907984,209780.0,4350.057735202586
Samoa,2020,100.0,17.9154537400329,28310000.0,35.6,0.234495997428894,0.1212783977389335,1.3613933324813845,Oceania,829149142.6534258,211944.0,3912.1142502426383
Sao Tome and Principe,2014,68.6,0.0,0.0,38.4,0.1282400041818618,0.1789864003658294,0.606787919998169,Africa,295143241.45140177,196767.0,1499.963110945442
Sao Tome and Principe,2015,67.3,0.0,0.0,39.2,0.1355679929256439,0.5435910224914551,0.6288220286369324,Africa,261802818.12223777,200291.0,1307.1122422986443
Sao Tome and Principe,2016,69.4,0.150588235294118,160000.0,38.1,0.1465599983930587,0.4091222286224365,0.6520211696624756,Africa,294003253.81854856,203689.0,1443.3928872867389
Sao Tome and Principe,2017,74.3,0.327958458595245,360000.0,39.2,0.1392319947481155,0.3867718279361725,0.6623605489730835,Africa,324561225.67857456,206970.0,1568.155895436897
Sao Tome and Principe,2018,71.0,0.364889519562133,360000.0,40.6,0.1392319947481155,0.2437292784452438,0.6305015683174133,Africa,386597106.4783945,210187.0,1839.3007487541784
Sao Tome and Principe,2019,75.1,0.331583310306715,360000.0,38.6,0.1465599983930587,0.2198400050401687,0.6633291244506836,Africa,416073951.26534057,213392.0,1949.810448682896
Sao Tome and Principe,2020,76.8,0.322046374677954,350000.0,41.6,0.1428959965705871,0.3170092701911926,0.6363607048988342,Africa,474763795.12551314,217435.0,2183.4745791869436
Saudi Arabia,2014,100.0,0.0136095183571282,45880000.0,0.0,585.109130859375,584.2847900390625,2931.71728515625,Asia,787153066666.6666,28998128.0,27144.96144946552
Saudi Arabia,2015,100.0,0.0127345044562439,45880000.0,0.0,624.5469970703125,623.8155517578125,3056.62548828125,Asia,693414666666.6666,29974938.0,23133.147653772183
Saudi Arabia,2016,99.9,0.0124340760896077,45880000.0,0.0,641.1741943359375,641.59375,3179.843994140625,Asia,689279466666.6666,30717808.0,22439.083761011418
Saudi Arabia,2017,100.0,0.0184114400771668,69860000.0,0.0,644.4865112304688,645.6215209960938,3181.8193359375,Asia,741266133333.3334,30782402.0,24080.84116805873
Saudi Arabia,2018,99.9,0.0562251679456406,218780000.0,0.0,652.2041625976562,652.5943603515625,3101.677734375,Asia,886565066666.6666,30365121.0,29196.823113817547
Saudi Arabia,2019,100.0,0.068837561920283,266950000.0,0.0,708.334716796875,708.78369140625,2967.37939453125,Asia,888890133333.3334,30472811.0,29169.9421275357
Saudi Arabia,2020,100.0,0.06764821408208,266950000.0,0.1,653.564697265625,653.6008911132812,2888.252685546875,Asia,767951200000.0,30991207.0,24779.647982087303
Senegal,2014,61.0,1.46185461083997,56910000.0,42.5,8.724359512329102,27.117162704467773,31.41930389404297,Africa,19797253445.267292,14152102.0,1398.8913763670791
Senegal,2015,60.5,1.63358226933269,67810000.0,39.1,9.845416069030762,18.15764045715332,36.4980354309082,Africa,17774851268.773617,14593331.0,1218.0119308452345
Senegal,2016,64.5,1.63293695310747,72780000.0,36.7,10.012804985046388,16.464595794677734,35.2159538269043,Africa,19040319081.013165,15034521.0,1266.4400203380717
Senegal,2017,61.7,3.69584939895668,162950000.0,36.8,10.757183074951172,16.661169052124023,37.26055145263672,Africa,20996569847.252388,15475002.0,1356.805630606858
Senegal,2018,66.0,6.27113203509523,293050000.0,34.2,11.330391883850098,17.11742401123047,37.59719467163086,Africa,23116719543.100086,15914498.0,1452.5572558493573
Senegal,2019,70.4,6.30777518405459,351280000.0,36.2,12.711456298828123,18.237573623657227,41.888641357421875,Africa,24410438230.81905,16352922.0,1492.726390477436
Senegal,2020,64.3,9.23380427291523,535930000.0,38.7,10.819990158081056,18.852174758911133,37.169681549072266,Africa,26685648064.050392,16789219.0,1589.4514249918589
Serbia,2014,99.7,0.116529653552554,39690000.0,23.2,37.33103942871094,11.423848152160645,150.1795654296875,Europe,49114321140.31616,7227203.0,6795.757797354822
Serbia,2015,99.9,0.121729594234686,46620000.0,21.2,43.896995544433594,20.087297439575195,170.5281982421875,Europe,41297410653.42174,7177253.0,5753.929902348676
Serbia,2016,99.9,0.209394540186061,82380000.0,20.9,45.192630767822266,21.354867935180664,174.13906860351562,Europe,42225496303.36136,7126083.0,5925.4847724004
Serbia,2017,100.0,0.405695775408287,150290000.0,20.0,45.672508239746094,24.74370384216309,181.3550567626953,Europe,45972834455.68508,7073507.0,6499.298644319583
Serbia,2018,100.0,0.749018036072144,280320000.0,21.0,44.47806167602539,23.399948120117188,181.07470703125,Europe,52787519970.93089,7020019.0,7519.569387337968
Serbia,2019,99.8,2.83095744680851,1064440000.0,21.4,44.44451141357422,25.484411239624023,181.0560607910156,Europe,53864693071.65281,6966153.0,7732.344246767593
Serbia,2020,100.0,3.17169880914743,1203850000.0,26.0,45.35615539550781,26.552433013916016,178.03854370117188,Europe,55874017468.9531,6907812.0,8088.526072937872
Seychelles,2014,100.0,2.25049187397246,8350000.0,1.4,0.4580000042915344,0.4580000042915344,4.362125873565674,Africa,1387616988.0050557,104654.0,13259.09175000531
Seychelles,2015,100.0,2.23434108116694,8440000.0,1.4,0.498304009437561,0.498304009437561,4.520125865936279,Africa,1432410051.8817704,107230.0,13358.295737030405
Seychelles,2016,100.0,2.25974913368149,9260000.0,1.2,0.5532640218734741,0.5532640218734741,5.034973621368408,Africa,1568497410.3638082,109821.0,14282.308578175467
Seychelles,2017,100.0,2.28811360366098,9700000.0,1.2,0.5752480030059814,0.5752480030059814,5.2495880126953125,Africa,1675356481.8857274,112427.0,14901.727181955646
Seychelles,2018,100.0,2.73889511011571,11740000.0,1.2,0.5972319841384888,0.5972319841384888,4.231924533843994,Africa,1784328360.8912382,115040.0,15510.50383250381
Seychelles,2019,100.0,2.30110159118727,10340000.0,1.2,0.5899040102958679,0.5899040102958679,3.837106466293335,Africa,1868704683.5194983,117650.0,15883.592720097731
Seychelles,2020,100.0,2.96433325061475,13140000.0,1.3,0.5972319841384888,0.5972319841384888,3.594642400741577,Africa,1382566007.4024932,120291.0,11493.511629319675
Sierra Leone,2014,18.8,2.02334279662926,4490000.0,73.0,1.1285120248794556,17.991485595703125,5.080726146697998,Africa,7686136817.025496,6876385.0,1117.7583595196452
Sierra Leone,2015,19.7,3.713298791019,9890000.0,74.0,1.084144949913025,15.77235221862793,4.121011734008789,Africa,6782009881.026364,7037655.0,963.674673030486
Sierra Leone,2016,20.3,3.29840900271634,10200000.0,73.6,1.1395039558410645,15.56360912322998,4.218872547149658,Africa,6083951496.956427,7205328.0,844.3684308273581
Sierra Leone,2017,23.4,4.60609812722489,14880000.0,74.6,1.0955359935760498,14.229949951171877,4.176141262054443,Africa,5749846353.888071,7379299.0,779.185984181976
Sierra Leone,2018,26.1,4.75940291127113,15400000.0,75.9,1.036911964416504,12.34064483642578,4.546809673309326,Africa,6390514893.190662,7554563.0,845.9145675521751
Sierra Leone,2019,22.7,4.76528940943787,15420000.0,75.4,1.1175199747085571,11.873191833496094,4.532811641693115,Africa,6523577490.002204,7731991.0,843.7125043216171
Sierra Leone,2020,26.3,4.76528940943787,15420000.0,75.1,1.1871360540390017,11.36023235321045,4.59257173538208,Africa,6685317966.476861,7912558.0,844.8997108743924
Singapore,2014,100.0,4.03466780066015,1992440000.0,0.6,47.599998474121094,47.909278869628906,860.4638671875,Asia,314863580758.45465,5457900.0,57689.510756601376
Singapore,2015,100.0,4.17967076556922,2107390000.0,0.7,49.400001525878906,49.52490234375,911.6187133789062,Asia,307998545269.39795,5525340.0,55742.91270209579
Singapore,2016,100.0,4.59045610232792,2372210000.0,0.7,49.099998474121094,49.20621871948242,960.8921508789062,Asia,319646384387.456,5577930.0,57305.55679032473
Singapore,2017,100.0,4.27901206291037,2241860000.0,0.7,50.099998474121094,50.20277404785156,986.0951538085938,Asia,343673334902.32996,5604078.0,61325.5802118261
Singapore,2018,100.0,4.11612199206036,2187760000.0,0.8,50.29999923706055,50.37313079833984,993.5774536132812,Asia,377123803757.5469,5634369.0,66932.74859306283
Singapore,2019,100.0,4.17542088160238,2274310000.0,0.9,49.0,49.073463439941406,974.5073852539062,Asia,376161906914.5209,5669563.0,66347.60155492071
Singapore,2020,100.0,4.08125772500843,2179310000.0,0.9,46.70000076293945,46.80482864379883,913.3707275390624,Asia,349165942899.9407,5620150.0,62127.51312686328
Slovakia,2014,100.0,7.37199372285683,2020000000.0,12.2,33.70817184448242,39.54561996459961,181.11990356445312,Europe,101713075598.8609,5415230.0,18782.78034337616
Slovakia,2015,100.0,8.08088317288035,2174000000.0,13.4,34.527854919433594,41.3694953918457,182.98992919921875,Europe,89178548717.33247,5420278.0,16452.76288731546
Slovakia,2016,100.0,8.3875258646172,2270000000.0,13.1,34.9775505065918,43.187950134277344,184.74371337890625,Europe,90347173228.63812,5427259.0,16646.92494473511
Slovakia,2017,100.0,7.96019900497512,2208000000.0,12.4,36.18394470214844,43.03745651245117,194.59469604492188,Europe,95978130734.97752,5435700.0,17656.995554386285
Slovakia,2018,100.0,8.21623224945312,2216000000.0,12.4,36.18406677246094,41.1303596496582,191.295654296875,Europe,106611673364.835,5443232.0,19586.09762818028
Slovakia,2019,100.0,8.04670464936344,2288000000.0,17.6,33.85319137573242,37.731903076171875,184.8489227294922,Europe,105843498304.09218,5450626.0,19418.594910766613
Slovakia,2020,100.0,8.11429364033567,2340000000.0,17.6,31.17616081237793,34.30818557739258,181.1253967285156,Europe,107732602896.43892,5455024.0,19749.24453062698
Slovenia,2014,100.0,2.97665882892699,519040000.0,22.9,13.568340301513672,17.722620010375977,82.86103057861328,Europe,49514466379.60499,2058401.0,24054.820406521852
Slovenia,2015,100.0,3.6187417218543,546430000.0,21.4,13.658673286437988,17.886489868164062,74.71550750732422,Europe,42709468274.8137,2059947.0,20733.285018893057
Slovenia,2016,100.0,3.36078787878788,554530000.0,21.0,14.468011856079102,18.61342430114746,79.85813903808594,Europe,44290685824.06943,2061373.0,21486.012392744753
Slovenia,2017,100.0,3.55524929560211,580430000.0,19.7,14.637192726135254,18.85203742980957,80.7209243774414,Europe,48153200134.6617,2062410.0,23348.02494880344
Slovenia,2018,100.0,3.24292539507534,529440000.0,20.6,14.56335163116455,17.872127532958984,82.39095306396484,Europe,53689067639.91672,2069481.0,25943.252264658007
Slovenia,2019,100.0,3.48325982980309,560770000.0,20.9,14.053007125854492,17.653106689453125,80.00228881835938,Europe,53909922735.544106,2083439.0,25875.450510211293
Slovenia,2020,100.0,3.77678883071553,649230000.0,22.7,12.872990608215332,15.70442008972168,77.29536437988281,Europe,53384760135.15721,2102419.0,25392.065109360796
Solomon Islands,2014,50.5,5.81870376504361,5270000.0,45.9,0.3297599852085113,7.0466413497924805,1.5171127319335938,Oceania,1335576696.3693025,616908.0,2164.95279096608
Solomon Islands,2015,55.1,6.34609093882892,5820000.0,48.6,0.2967840135097503,8.466733932495117,1.3857855796813965,Oceania,1307908823.0268843,639415.0,2045.4772300100628
Solomon Islands,2016,58.2,6.62368722054695,6370000.0,48.7,0.2931199967861175,7.75214433670044,1.3308830261230469,Oceania,1379486300.1278005,662379.0,2082.6238454537365
Solomon Islands,2017,62.9,6.92554043234588,6920000.0,49.0,0.2894560098648071,8.028849601745605,1.3213355541229248,Oceania,1469790453.3074124,685672.0,2143.5765982968715
Solomon Islands,2018,65.8,5.55283037378593,5660000.0,48.6,0.2931199967861175,6.8804426193237305,1.3532416820526123,Oceania,1615473275.030942,709101.0,2278.1991211843474
Solomon Islands,2019,69.4,5.79571537872992,6060000.0,48.4,0.2967840135097503,6.346230983734131,1.3319929838180542,Oceania,1619150504.930931,728147.0,2223.6588284109266
Solomon Islands,2020,72.9,5.15490533562823,5990000.0,49.0,0.2931199967861175,5.880756378173828,1.304172396659851,Oceania,1536143444.3581283,744498.0,2063.327832120608
Somalia,2014,51.4,1.13273636337957,4010000.0,94.6,0.8866879940032959,21.78636360168457,3.409121036529541,Africa,5807617395.017842,13339491.0,435.3702397653585
Somalia,2015,51.2,1.45841545132046,5180000.0,94.5,0.9233279824256896,21.213863372802734,3.535827159881592,Africa,6627605977.21919,13806963.0,480.0191017546139
Somalia,2016,51.1,3.3683048039757,12200000.0,94.8,0.9563040137290956,21.249588012695312,3.6065165996551514,Africa,7391000000.000002,14348740.0,515.0974928809081
Somalia,2017,52.1,4.62695514741948,16980000.0,94.9,0.9929440021514891,21.747270584106445,3.5983645915985107,Africa,8252000000.000017,14916629.0,553.208100838334
Somalia,2018,50.7,4.69707283866576,17250000.0,94.9,1.033247947692871,22.62421226501465,3.4067838191986084,Africa,7873000000.0,15452487.0,509.49727380453385
Somalia,2019,49.2,4.69707283866576,17250000.0,95.0,1.0698879957199097,23.59121322631836,3.4067838191986084,Africa,8655000000.0,16030971.0,539.892436958435
Somalia,2020,49.9,8.22221022512552,30460000.0,95.5,1.1395039558410645,24.727272033691406,3.1840314865112305,Africa,8628000000.0,16651191.0,518.1611333387503
South Africa,2014,85.9,0.550998107515302,1391700000.0,7.6,481.6378479003906,486.135009765625,1448.0450439453125,Africa,380908893420.8723,55594838.0,6851.515484600788
South Africa,2015,85.3,1.17749294025756,2939670000.0,7.6,457.4732360839844,461.5744323730469,1415.4158935546875,Africa,346486125394.3521,56723537.0,6108.330751560012
South Africa,2016,83.9,1.52918135526831,3864960000.0,7.8,457.04974365234375,459.13037109375,1480.0606689453125,Africa,323567671624.5494,57259551.0,5650.894321971707
South Africa,2017,84.4,2.10801774753659,5378270000.0,7.9,440.0102844238281,438.9366149902344,1475.1417236328125,Africa,381136716378.66754,57635162.0,6612.920015366098
South Africa,2018,84.7,2.6560763191457,6810100000.0,8.0,453.7659912109375,454.0854187011719,1409.859375,Africa,405260711508.9518,58613001.0,6914.177820530837
South Africa,2019,85.0,2.94907438559548,7450630000.0,8.7,470.7274169921875,473.1085510253906,1471.708251953125,Africa,389330030743.537,59587885.0,6533.711185479011
South Africa,2020,90.0,3.40421090426309,8153800000.0,9.8,435.2976684570313,438.0776062011719,1399.5968017578125,Africa,337974647394.7545,60562381.0,5580.603698437063
South Sudan,2014,4.3,0.05,240000.0,29.4,1.498576045036316,22.471532821655273,6.527736186981201,Africa,14943981356.610168,11235073.0,1330.1187590512468
South Sudan,2015,4.8,0.041522491349481,240000.0,27.5,1.912608027458191,27.269502639770508,8.000367164611816,Africa,7069484393.063597,11107561.0,636.4569497357338
South Sudan,2016,5.3,0.127490039840637,640000.0,28.7,1.703760027885437,26.797874450683594,7.725002288818359,Africa,3276390548.37272,10830102.0,302.5262872291249
South Sudan,2017,4.2,0.123616236162362,670000.0,35.1,1.4546079635620115,23.512474060058594,6.7675933837890625,Africa,3571367605.9746146,10259154.0,348.11521554063955
South Sudan,2018,6.3,0.20479704797048,1110000.0,31.5,1.7367359399795532,22.211570739746097,7.870365142822266,Africa,3793544409.31689,10122977.0,374.74592793373824
South Sudan,2019,6.8,0.227272727272727,1250000.0,31.4,1.769711971282959,8.416831016540527,7.426612377166748,Africa,4294999803.480837,10423384.0,412.0542621744375
South Sudan,2020,7.3,0.226039783001808,1250000.0,32.8,1.7074240446090698,32.123497009277344,6.723517417907715,Africa,4206583715.328882,10698467.0,393.19499843565274
Spain,2014,100.0,25.5073632551148,71101520000.0,17.3,253.6578369140625,237.9374084472656,1554.2188720703125,Europe,1380244561361.9358,46720188.0,29542.78697170345
Spain,2015,100.0,24.5450302764933,68949690000.0,16.3,270.2480163574219,248.6892852783203,1573.1444091796875,Europe,1206164777553.1255,46683686.0,25836.965349161277
Spain,2016,100.0,24.8413296890865,68256770000.0,16.7,259.5546875,239.7687530517578,1582.9134521484375,Europe,1243015667917.158,46732771.0,26598.37286167255
Spain,2017,100.0,25.2504297744863,69622000000.0,15.2,273.4838562011719,248.86636352539065,1602.0426025390625,Europe,1321754088818.8376,46868596.0,28201.273381836265
Spain,2018,100.0,25.3490592161835,69571000000.0,16.9,268.5205993652344,247.83468627929688,1628.6715087890625,Europe,1431642809327.034,47092821.0,30400.447009259307
Spain,2019,100.0,27.9378021423056,76342000000.0,16.7,250.67364501953125,227.71275329589844,1583.87109375,Europe,1403496387686.2488,47435119.0,29587.70668808165
Spain,2020,100.0,31.619034601117,83276000000.0,19.3,211.7647399902344,190.7591094970703,1422.9599609375,Europe,1289783836971.1875,47679489.0,27051.12542148234
Sri Lanka,2014,92.7,16.2444426611026,2024220000.0,54.2,17.07601547241211,29.875652313232425,85.89106750488281,Asia,82528535572.91057,21547456.0,3830.0825662626057
Sri Lanka,2015,94.3,3.1935214686694,420970000.0,51.3,19.17897605895996,35.225059509277344,91.30020141601562,Asia,85140955516.6554,21729971.0,3918.13479717278
Sri Lanka,2016,97.5,3.07266872024643,438900000.0,45.1,22.33918571472168,36.8687744140625,100.87174987792967,Asia,88012281909.79402,21910772.0,4016.849881409657
Sri Lanka,2017,97.5,3.45124207188161,522380000.0,45.8,22.167978286743164,43.86017608642578,106.73147583007812,Asia,94376237831.814,22087522.0,4272.830507279811
Sri Lanka,2018,99.6,3.86002059467113,599770000.0,47.9,20.136762619018555,34.01973342895508,112.36917114257812,Asia,94493871351.45862,22253118.0,4246.320508948841
Sri Lanka,2019,99.8,4.65626351894197,753430000.0,46.1,21.10557556152344,32.01242446899414,113.03538513183594,Asia,89014978318.81902,22410552.0,3972.011859360672
Sri Lanka,2020,100.0,4.9782582290781,819720000.0,49.3,20.41240882873535,29.76718521118164,104.9807586669922,Asia,84440537135.18805,22561807.0,3742.6318350825377
Saint Kitts and Nevis,2014,100.0,4.69888121875744,9870000.0,1.6,0.2271679937839508,0.1551704108715057,1.029930591583252,North America,952111111.111111,47089.0,20219.3954237956
Saint Kitts and Nevis,2015,100.0,4.50787851107559,9870000.0,1.6,0.2308319956064224,0.1553535908460617,1.05517578125,North America,957222222.2222222,47087.0,20328.800353010854
Saint Kitts and Nevis,2016,100.0,4.64632454923717,10720000.0,1.7,0.2381599992513656,0.174076646566391,1.0836375951766968,North America,1006818518.5185184,47075.0,21387.541551110324
Saint Kitts and Nevis,2017,100.0,3.66546653363987,8450000.0,1.3,0.2418240010738372,0.171585127711296,1.0882576704025269,North America,1056977777.7777776,47050.0,22464.98996339591
Saint Kitts and Nevis,2018,100.0,3.63286318168501,8680000.0,1.3,0.2491520047187805,0.1789497435092926,1.109513521194458,North America,1076548148.148148,47008.0,22901.38164031969
Saint Kitts and Nevis,2019,100.0,3.49980023971235,8760000.0,1.3,0.2601439952850342,0.1914073526859283,1.1265203952789309,North America,1107855555.5555556,46952.0,23595.49232312906
Saint Kitts and Nevis,2020,100.0,4.41465289044488,10340000.0,1.6,0.2418240010738372,0.175102561712265,1.05024254322052,North America,883922222.2222222,46870.0,18859.019036104593
Saint Lucia,2014,98.1,0.0421507415896098,160000.0,11.7,0.487311989068985,0.3633222579956054,1.828423023223877,North America,1749186587.7777777,174138.0,10044.829892256588
Saint Lucia,2015,99.0,0.308537063668453,1180000.0,11.5,0.4799839854240417,0.4014644622802734,1.839212417602539,North America,1807639672.222222,174905.0,10334.979973255322
Saint Lucia,2016,99.8,0.994030756778632,3930000.0,11.2,0.4726560115814209,0.3591819405555725,1.8589385747909544,North America,1868545580.0,175646.0,10638.133404688975
Saint Lucia,2017,99.9,0.975355520810066,3930000.0,10.2,0.4946399927139282,0.3781248033046722,2.0152792930603027,North America,1998504985.185185,176342.0,11333.11964923379
Saint Lucia,2018,100.0,2.1902638606463,8940000.0,10.2,0.5092960000038147,0.3912052810192108,2.5441009998321533,North America,2060953778.8888888,177017.0,11642.688436076132
Saint Lucia,2019,100.0,2.57230886813633,10770000.0,10.0,0.5019680261611938,0.386661946773529,2.5132768154144287,North America,2095375764.4444444,177661.0,11794.236013781552
Saint Lucia,2020,100.0,2.7505168668708,10510000.0,10.0,0.487311989068985,0.3769889771938324,2.396186351776123,North America,1511383881.111111,178250.0,8479.011955742557
Saint Vincent and the Grenadines,2014,98.1,0.239994353074045,340000.0,3.3,0.2564800083637237,0.2908849716186523,0.949045181274414,North America,770900000.0,107535.0,7168.828753429116
Saint Vincent and the Grenadines,2015,99.4,0.59483112265828,870000.0,4.3,0.234495997428894,0.2123287916183471,0.9644317030906676,North America,786555555.5555555,106960.0,7353.735560541843
Saint Vincent and the Grenadines,2016,99.7,0.52951559129241,810000.0,4.1,0.2418240010738372,0.197343036532402,0.9647552371025084,North America,814303703.7037036,106349.0,7656.900428811777
Saint Vincent and the Grenadines,2017,100.0,0.54637526652452,820000.0,5.3,0.2125120013952255,0.1565627157688141,1.1086113452911377,North America,844038888.8888888,105663.0,7988.026924172973
Saint Vincent and the Grenadines,2018,100.0,0.76702461148536,1150000.0,4.9,0.2418240010738372,0.1791329681873321,1.0645464658737185,North America,884328148.1481481,104926.0,8428.112652232507
Saint Vincent and the Grenadines,2019,100.0,1.08440031356154,1660000.0,5.4,0.2198400050401687,0.1533750295639038,0.9771726727485656,North America,909690878.148148,104167.0,8733.004484607869
Saint Vincent and the Grenadines,2020,100.0,2.52652519893899,3810000.0,5.2,0.2381599992513656,0.169826403260231,1.046338677406311,North America,863748367.4074074,103526.0,8343.29895299159
Sudan,2014,44.9,1.1369622475856,129500000.0,63.7,13.094856262207031,58.26457595825195,72.67571258544922,Africa,78091164747.30684,38823318.0,2011.450045235877
Sudan,2015,48.0,1.0056657223796,131350000.0,61.9,14.246500968933104,52.62656784057617,76.6660385131836,Africa,83933412540.55333,40024431.0,2097.0544850607203
Sudan,2016,50.5,0.958610188261351,138500000.0,58.9,19.73725318908691,53.575687408447266,92.5858917236328,Africa,97462332380.06606,41259892.0,2362.156749709041
Sudan,2017,53.0,0.963629353553528,149960000.0,59.4,20.30616569519043,53.10771942138672,93.20285034179688,Africa,122072595221.5652,42714306.0,2857.885487395375
Sudan,2018,55.3,0.873433275989187,142160000.0,59.8,20.515953063964844,40.037601470947266,98.43792724609376,Africa,51916339580.410416,44230596.0,1173.7653180257942
Sudan,2019,57.6,0.810392996833675,130530000.0,59.4,22.00700569152832,26.09738540649414,93.50466918945312,Africa,40940003476.10175,45548175.0,898.8286243324075
Sudan,2020,59.7,0.768055718131804,131230000.0,62.6,19.799938201904297,33.85441970825195,81.08173370361328,Africa,40842443915.08163,46789231.0,872.9026539265334
Suriname,2014,94.6,0.434438396833251,8780000.0,12.8,3.2009260654449463,5.688818454742432,9.999369621276855,South America,5563824212.727273,575373.0,9669.943172041916
Suriname,2015,95.0,0.591937069813176,12040000.0,11.6,2.7136199474334717,4.560348987579346,9.574216842651367,South America,5126238146.341474,581627.0,8813.617913785765
Suriname,2016,95.8,0.765774861181222,15170000.0,11.1,2.9135279655456543,4.832218170166016,9.163984298706056,South America,3317421499.773147,587757.0,5644.205853393744
Suriname,2017,96.6,0.90807651434644,17090000.0,15.5,2.4301838874816895,4.338322162628174,10.28201675415039,South America,3591679371.039912,593713.0,6049.521184545247
Suriname,2018,97.4,0.985668789808917,18570000.0,18.3,2.0930960178375244,3.841263771057129,8.4785737991333,South America,3996198760.3238983,599513.0,6665.741627494147
Suriname,2019,97.9,0.916500994035785,18440000.0,14.9,2.6323130130767822,4.409829616546631,10.124674797058104,South America,4254805980.1555376,605768.0,7023.820968019997
Suriname,2020,98.4,-13.8684729064039,-281530000.0,14.6,2.9218220710754395,4.099651336669922,9.390034675598145,South America,4159114877.203264,612317.0,6792.421045313562
Sweden,2014,100.0,14.3024215328348,21977530000.0,48.6,43.38474655151367,47.703758239746094,600.776611328125,Europe,577727767303.5957,9696433.0,59581.47365155782
Sweden,2015,100.0,16.769178099092,27184850000.0,51.9,43.31014251708984,48.33063125610352,622.0618286132812,Europe,501602351911.60016,9799481.0,51186.62426220329
Sweden,2016,100.0,17.3762322928017,27108660000.0,50.9,43.30837631225586,48.98493576049805,609.4005737304688,Europe,513058312950.9396,9923280.0,51702.492820009065
Sweden,2017,100.0,18.2131506849315,29915100000.0,51.8,42.35542297363281,49.24114227294922,631.3428344726562,Europe,535172356784.7687,10057862.0,53209.355704499496
Sweden,2018,100.0,17.713035495716,28943100000.0,51.6,41.85600280761719,48.902244567871094,609.1948852539062,Europe,549649344043.1821,10175405.0,54017.44147217552
Sweden,2019,100.0,19.9253142087046,33562000000.0,52.9,40.77248001098633,48.47816467285156,625.8190307617188,Europe,530894124494.41754,10279125.0,51647.79341572532
Sweden,2020,100.0,24.2649527262517,39754000000.0,57.8,36.62221908569336,44.5184326171875,600.2793579101562,Europe,544265668451.6781,10353686.0,52567.333841462656
Switzerland,2014,100.0,3.67004446426829,2633000000.0,22.2,39.24414825439453,39.128143310546875,344.4395446777344,Europe,726537808338.0005,8190235.0,88707.80976834004
Switzerland,2015,100.0,4.20987326065763,2850000000.0,23.9,38.75606155395508,38.65566635131836,336.32159423828125,Europe,694118186379.6278,8283934.0,83790.88804662468
Switzerland,2016,100.0,5.04692420909364,3189000000.0,24.1,39.22477722167969,39.01295852661133,316.24517822265625,Europe,687895460902.7133,8374901.0,82137.74239274151
Switzerland,2017,100.0,5.81785917992268,3672000000.0,25.0,38.23400115966797,38.29148864746094,316.9949035644531,Europe,695200833086.4996,8453628.0,82236.97956504587
Switzerland,2018,100.0,5.6279560871892,3891000000.0,24.2,36.945068359375,36.90721893310547,321.4579162597656,Europe,725562534363.8956,8516344.0,85196.4803633925
Switzerland,2019,100.0,5.71327520302532,4200000000.0,24.8,36.822242736816406,36.606910705566406,335.9553527832031,Europe,721416903503.7922,8577524.0,84105.49518763133
Switzerland,2020,100.0,6.58867766868602,4731000000.0,26.4,34.34325408935547,34.03987503051758,309.6021728515625,Europe,741901944161.923,8640582.0,85862.49678111069
Syria,2014,90.2,0.142556353728016,34530000.0,2.7,34.86931228637695,34.40145492553711,132.9150390625,Asia,23434859213.13177,20273659.0,1155.926476475301
Syria,2015,90.0,0.173744590922814,34530000.0,0.6,31.11540412902832,30.627065658569336,121.2994155883789,Asia,20181739940.583935,19424618.0,1038.977442984152
Syria,2016,89.8,0.181259842519685,34530000.0,1.3,29.16201400756836,28.969249725341797,117.29877471923828,Asia,13520229839.515083,19193834.0,704.4048541586368
Syria,2017,89.6,0.160782862166289,34750000.0,1.1,34.473472595214844,33.90580749511719,118.33385467529295,Asia,17476177954.50636,19224668.0,909.0496623664116
Syria,2018,86.0,0.139360337934676,36950000.0,0.9,31.77134704589844,30.69405746459961,132.01617431640625,Asia,22985573019.113403,19577845.0,1174.0604248891236
Syria,2019,89.2,0.14528125584003,38870000.0,1.0,33.491607666015625,32.76349639892578,118.87883758544922,Asia,28312333212.29095,20353534.0,1391.0278781213597
Syria,2020,89.0,0.211973546815176,54810000.0,1.1,32.344417572021484,28.931365966796875,112.45511627197266,Asia,21239167227.077652,21049429.0,1009.0139370088212
Tajikistan,2014,99.1,1.93069306930693,312000000.0,45.9,4.606222152709961,7.223013877868652,35.01603698730469,Asia,9477768271.14572,8425552.0,1124.883956700489
Tajikistan,2015,98.0,-0.582682671017364,-100000000.0,48.1,5.306567192077637,8.313098907470703,34.281341552734375,Asia,8271431932.436789,8643840.0,956.9163626856568
Tajikistan,2016,99.3,0.991643454038997,170880000.0,43.7,6.015883922576904,9.401089668273926,37.18804931640625,Asia,6992416096.890184,8865631.0,788.710481734485
Tajikistan,2017,99.3,0.98862758087667,179080000.0,44.2,6.879487991333008,8.730504035949707,37.748008728027344,Asia,7536403146.683775,9085946.0,829.4571799880579
Tajikistan,2018,99.3,0.908114679363793,179280000.0,41.6,8.080877304077148,9.117423057556152,40.65826416015625,Asia,7765000282.293982,9307333.0,834.288434967781
Tajikistan,2019,99.4,0.84926277616071,177980000.0,40.1,8.714167594909668,9.377608299255373,44.148433685302734,Asia,8300813889.636991,9529966.0,871.0224033996544
Tajikistan,2020,99.5,6.14417910447761,1234980000.0,38.8,9.423311233520508,9.847455978393556,46.34138107299805,Asia,8133963813.332977,9749310.0,834.311742403614
Tanzania,2014,23.5,3.06658151045825,192060000.0,84.7,10.99743366241455,131.65760803222656,46.29447555541992,Africa,49964824073.69196,48956822.0,1020.5896141234814
Tanzania,2014,23.5,3.06658151045825,192060000.0,84.7,10.99743366241455,131.65760803222656,46.29447555541992,Africa,1296673130.4410532,1394690.0,929.7213936007664
Tanzania,2015,26.2,3.28296115019884,214640000.0,82.8,12.782671928405762,124.83050537109376,48.82783889770508,Africa,47378602926.371056,50579779.0,936.7103586271317
Tanzania,2015,26.2,3.28296115019884,214640000.0,82.8,12.782671928405762,124.83050537109376,48.82783889770508,Africa,1183394018.1673715,1441183.0,821.1268230109372
Tanzania,2016,32.8,3.41230904817861,232310000.0,81.7,13.529452323913574,122.2185287475586,53.569610595703125,Africa,49774005761.29988,52335977.0,951.0476084415102
Tanzania,2016,32.8,3.41230904817861,232310000.0,81.7,13.529452323913574,122.2185287475586,53.569610595703125,Africa,1262696631.277883,1488036.0,848.5659159307188
Tanzania,2017,32.1,3.4546870574908,243970000.0,82.0,13.513486862182615,127.33439636230467,48.224098205566406,Africa,53274907534.80251,54118599.0,984.4103232384584
Tanzania,2017,32.1,3.4546870574908,243970000.0,82.0,13.513486862182615,127.33439636230467,48.224098205566406,Africa,1450833536.476846,1534291.0,945.6051925461636
Tanzania,2018,34.9,3.45737704918033,253080000.0,81.3,14.233062744140623,122.891845703125,56.48821258544922,Africa,54774616385.80538,55857296.0,980.617042146211
Tanzania,2018,34.9,3.45737704918033,253080000.0,81.3,14.233062744140623,122.891845703125,56.48821258544922,Africa,1649010615.7175028,1579849.0,1043.7773582902562
Tanzania,2019,37.7,3.21223241590214,262600000.0,80.4,16.19084930419922,120.50438690185548,61.902320861816406,Africa,58797221362.821014,57549302.0,1021.6843527106726
Tanzania,2019,37.7,3.21223241590214,262600000.0,80.4,16.19084930419922,120.50438690185548,61.902320861816406,Africa,1807397933.1703696,1625589.0,1111.841882031909
Tanzania,2020,39.9,3.2230415860735,266610000.0,80.8,15.952437400817873,93.62205505371094,59.435062408447266,Africa,63371879460.845375,59301200.0,1068.6441330166233
Tanzania,2020,39.9,3.2230415860735,266610000.0,80.8,15.952437400817873,93.62205505371094,59.435062408447266,Africa,1834625923.493736,1671598.0,1097.5281876944912
Thailand,2014,99.5,9.45218535885955,16085540000.0,24.4,272.4876403808594,349.73114013671875,1357.1695556640625,Asia,407339189958.89795,70216367.0,5801.200024474321
Thailand,2015,99.6,10.9237564959169,19128590000.0,22.6,277.0987243652344,339.7840576171875,1377.4461669921875,Asia,401296183735.8508,70540795.0,5688.85258148637
Thailand,2016,99.9,18.9619482005576,35295960000.0,22.4,284.04547119140625,339.8197021484375,1405.5716552734375,Asia,413366345843.7435,70859841.0,5833.577101079631
Thailand,2017,99.9,17.5784530448113,31648950000.0,22.2,283.3476257324219,337.0189208984375,1432.6826171875,Asia,456356812774.56287,71160187.0,6413.091814592377
Thailand,2018,99.8,19.638923446039,35361060000.0,23.7,288.3049011230469,377.3447570800781,1478.376220703125,Asia,506754119583.13055,71376079.0,7099.775256401105
Thailand,2019,99.9,21.8353127893136,41274200000.0,23.9,281.87744140625,416.8512878417969,1479.7451171875,Asia,543976534595.7997,71522271.0,7605.694380087563
Thailand,2020,100.0,16.1636964774532,28697350000.0,20.9,271.9233093261719,415.7531433105469,1379.6341552734375,Asia,500461895072.5272,71641484.0,6985.64389135947
East Timor,2014,62.4,0.300132802124834,1130000.0,18.1,0.6270800232887268,3.868290901184082,2.179079532623291,Asia,1447535183.0,1181903.0,1224.7495632044254
East Timor,2015,67.3,0.261818181818182,1080000.0,18.0,0.5904309749603271,3.605316638946533,2.136608839035034,Asia,1590282371.0,1205131.0,1319.592949646138
East Timor,2016,76.5,0.220978501063588,1070000.0,12.7,0.6429659724235535,3.666755199432373,2.089545249938965,Asia,1640464612.0,1228312.0,1335.543910667648
East Timor,2017,79.5,0.115842454262203,580000.0,13.2,0.6928470134735107,5.5229878425598145,2.1312716007232666,Asia,1584878440.0,1251703.0,1266.1777114858717
East Timor,2018,85.2,0.109852645933558,580000.0,12.7,0.6170240044593811,4.0290141105651855,2.2446494102478027,Asia,1555988614.0,1275959.0,1219.4659969481777
East Timor,2019,90.6,0.0960869421159007,580000.0,11.7,0.6754310131072998,4.345512866973877,2.7141315937042236,Asia,2032550389.0,1300945.0,1562.3645803627362
East Timor,2020,96.0,0.10147317302988,560000.0,11.4,0.646107017993927,4.998133182525635,2.60068678855896,Asia,2162619241.0,1326053.0,1630.8693853111452
Togo,2014,45.7,0.0193236714975845,40000.0,81.4,1.4906020164489746,5.543609142303467,8.74032974243164,Africa,6393314709.469062,7472450.0,855.5848094626343
Togo,2015,44.7,0.18,540000.0,81.0,1.7983609437942505,4.754000186920166,6.111900806427002,Africa,5755457836.187957,7663195.0,751.0519876093401
Togo,2016,46.8,0.03125,140000.0,80.7,2.292639970779419,4.736748218536377,8.65253734588623,Africa,6071167583.549445,7858289.0,772.581357538447
Togo,2017,48.0,13.8634423897582,97460000.0,78.4,1.9119819402694704,5.6216721534729,8.161248207092285,Africa,6387424244.413805,8057140.0,792.7657015285579
Togo,2018,50.0,-15.2934232715008,-90690000.0,76.7,2.033828020095825,4.565651893615723,9.892383575439451,Africa,7029215761.424089,8258778.0,851.1205606233864
Togo,2019,52.5,2.495,14970000.0,78.6,2.363701105117798,3.8483541011810303,9.47978973388672,Africa,6992654017.136118,8463068.0,826.2552087654403
Togo,2020,54.1,2.45008183306056,14970000.0,76.2,2.751281976699829,4.162545204162598,9.03417682647705,Africa,7486031568.229462,8669720.0,863.4686666039344
Tonga,2014,95.9,6.78119349005425,3750000.0,1.7,0.1062560006976127,0.2018497437238693,0.5415001511573792,Oceania,432766836.93976384,106609.0,4059.383700623436
Tonga,2015,100.0,7.89246941237291,4580000.0,1.9,0.1062560006976127,0.1753590255975723,0.5649650692939758,Oceania,403731021.9904052,106095.0,3805.3727507460785
Tonga,2016,97.0,8.43941537010844,5370000.0,2.0,0.1392319947481155,0.1946683079004287,0.5981500148773193,Oceania,421187976.4555902,105524.0,3991.39509927211
Tonga,2017,98.2,9.32611311672684,6200000.0,2.0,0.1428959965705871,0.1891356855630874,0.7100171446800232,Oceania,460925653.47728366,105356.0,4374.935015350656
Tonga,2018,99.0,10.8752544344286,7480000.0,1.8,0.1319040060043335,0.1711454391479492,0.6154419183731079,Oceania,484089127.7770931,105567.0,4585.6103496082405
Tonga,2019,98.4,12.7067254685777,9220000.0,1.8,0.1612160056829452,0.1948515176773071,0.6788197755813599,Oceania,502148371.1326631,105669.0,4752.087851050574
Tonga,2020,99.9,14.2141600108298,10500000.0,1.9,0.1392319947481155,0.1678844839334488,0.7913720607757568,Oceania,508903350.91729945,105704.0,4814.4190467465705
Trinidad and Tobago,2014,100.0,0.0661218424962853,6230000.0,0.3,46.865814208984375,46.385284423828125,228.8343963623047,North America,29474181946.01945,1421131.0,20739.947229368336
Trinidad and Tobago,2015,100.0,0.0654127481713689,6260000.0,0.4,45.53367614746094,45.19215774536133,221.6360626220703,North America,26841143192.685707,1429188.0,18780.694487139343
Trinidad and Tobago,2016,100.0,0.0664614077927593,6260000.0,0.4,39.86735534667969,39.55140686035156,195.7725830078125,North America,23624323377.784687,1437026.0,16439.732738158313
Trinidad and Tobago,2017,100.0,0.0671457685294433,6260000.0,0.4,40.29689407348633,39.9974365234375,207.0669708251953,North America,23830750894.642326,1445261.0,16488.890860987965
Trinidad and Tobago,2018,100.0,0.0678590785907859,6260000.0,0.5,40.30735778808594,40.027244567871094,194.03857421875,North America,23883058444.948765,1470518.0,16241.255424924257
Trinidad and Tobago,2019,100.0,0.0681323465389639,6260000.0,0.4,40.75453567504883,40.49640655517578,195.2032012939453,North America,23477746888.86954,1484894.0,15811.05916575159
Trinidad and Tobago,2020,100.0,0.0678590785907859,6260000.0,0.5,35.04307174682617,34.80590057373047,169.3433074951172,North America,20888516159.583157,1481024.0,14104.103754958162
Tunisia,2014,99.8,2.80050005208876,537640000.0,12.9,29.874574661254883,28.29220199584961,107.5938491821289,Africa,49920148668.62032,11274288.0,4427.787250833075
Tunisia,2015,99.9,2.53477376715811,498590000.0,12.5,31.380537033081055,31.048871994018555,111.21630096435548,Africa,45779485708.53247,11402264.0,4014.947006009725
Tunisia,2016,100.0,2.74022628548338,542510000.0,12.4,30.97148323059082,33.86205291748047,110.94500732421876,Africa,44360065796.62023,11528674.0,3847.8029473832144
Tunisia,2017,100.0,2.60081863366144,533740000.0,11.8,31.676916122436523,32.29452133178711,117.56488037109376,Africa,42163530590.9462,11650498.0,3619.032473199531
Tunisia,2018,99.8,2.71869024856597,568750000.0,11.9,31.1217098236084,31.392772674560547,119.9429702758789,Africa,42686498321.15972,11765514.0,3628.103142893691
Tunisia,2019,100.0,2.93036249659308,645090000.0,12.2,30.578563690185547,30.74278450012207,121.77549743652344,Africa,41905622307.430214,11875081.0,3528.8704394883885
Tunisia,2020,99.9,2.89142135068096,617810000.0,12.9,28.844812393188477,29.01797103881836,112.32972717285156,Africa,42491772812.73432,11974057.0,3548.652959705664
Turkey,2014,100.0,4.75753185983656,11987220000.0,11.5,367.2716369628906,354.80487060546875,1454.3551025390625,Asia,938934430207.7368,78036154.0,12032.04389349758
Turkey,2015,100.0,6.30874808524618,16515230000.0,13.3,387.7038879394531,383.5491333007813,1589.021240234375,Asia,864313960372.0521,80014226.0,10802.00363835366
Turkey,2016,100.0,8.38776566280866,23016700000.0,13.2,405.55224609375,396.3988342285156,1669.2388916015625,Asia,869682954268.6521,81652088.0,10651.080401871071
Turkey,2017,100.0,9.76210403092066,29020490000.0,11.4,430.6216735839844,423.326171875,1787.341552734375,Asia,858988578600.1104,83083662.0,10338.83868287017
Turkey,2018,100.0,12.4123575710053,37832990000.0,11.8,423.81829833984375,385.2142028808594,1787.8729248046875,Asia,778972084228.8331,84415969.0,9227.781111282786
Turkey,2019,100.0,14.2949255833391,43441850000.0,14.1,406.5677490234375,378.3685607910156,1849.128662109375,Asia,761005874399.3402,85357672.0,8915.494724356355
Turkey,2020,100.0,16.3852782659446,50254140000.0,13.7,416.32806396484375,416.0843811035156,1821.829345703125,Asia,720338447613.7542,86091692.0,8367.107567287145
Turkmenistan,2014,100.0,0.000735294117647059,150000.0,0.1,62.79934310913086,62.72089767456055,283.7026672363281,Asia,43524210526.31577,6075283.0,7164.145361840061
Turkmenistan,2015,100.0,0.000665660779266886,150000.0,0.1,63.0916748046875,66.59779357910156,322.2480163574219,Asia,36051602134.73587,6215770.0,5800.021901507917
Turkmenistan,2016,100.0,0.000633258749525056,150000.0,0.1,62.09092330932617,63.03443908691406,348.6648864746094,Asia,36169428571.42857,6360041.0,5686.980409627638
Turkmenistan,2017,100.0,0.000627720120522263,150000.0,0.1,62.956573486328125,62.92366790771485,323.5747375488281,Asia,37915175475.71429,6507061.0,5826.774249651922
Turkmenistan,2018,100.0,0.000591412687773528,150000.0,0.1,61.301658630371094,61.033199310302734,365.4077453613281,Asia,40750118320.57143,6655524.0,6122.751314632991
Turkmenistan,2019,99.9,0.000666666666666667,150000.0,0.1,62.25421524047851,61.72465896606445,350.6770324707031,Asia,44961144684.85714,6803944.0,6608.100343691415
Turkmenistan,2020,100.0,0.000582252930673084,150000.0,0.1,62.90496826171875,62.27369689941406,444.26129150390625,Asia,45441575695.14286,6949912.0,6538.439003996434
Tuvalu,2014,97.9,2.91411042944785,190000.0,0.7,0.0073279999196529,0.0073279999196529,0.0,Oceania,37587151.359696046,10984.0,3421.9912017203246
Tuvalu,2015,98.1,11.4613180515759,800000.0,3.0,0.0073279999196529,0.0073279999196529,0.0,Oceania,36193811.46335173,10963.0,3301.4513785781014
Tuvalu,2016,97.3,23.6276849642005,1980000.0,7.3,0.0073279999196529,0.0073279999196529,0.0,Oceania,41306120.80348784,10930.0,3779.151034170891
Tuvalu,2017,98.7,23.2667450058754,1980000.0,7.0,0.0073279999196529,0.0073279999196529,0.0,Oceania,45288879.260078855,10869.0,4166.793565192645
Tuvalu,2018,99.0,19.2525481313703,1700000.0,6.4,0.0109919998794794,0.0109919998794794,0.0,Oceania,48168918.797024675,10751.0,4480.412872944347
Tuvalu,2019,99.7,19.2307692307692,1800000.0,6.3,0.0109919998794794,0.0109919998794794,0.0,Oceania,53789566.20756204,10581.0,5083.599490365942
Tuvalu,2020,99.4,15.8385093167702,1530000.0,5.0,0.0109919998794794,0.0109919998794794,0.0,Oceania,52469410.10604375,10399.0,5045.62074296026
Uganda,2014,20.4,19.4717444717445,634000000.0,92.4,4.08966588973999,14.381658554077148,22.48673439025879,Africa,38986727381.86517,36395539.0,1071.1952193334785
Uganda,2015,18.5,8.90081028220173,318560000.0,91.7,4.5285491943359375,12.346792221069336,22.982601165771484,Africa,30173262119.160694,37531446.0,803.9461660805899
Uganda,2016,26.7,6.6768260641093,254120000.0,91.4,4.817419052124023,12.464590072631836,23.944507598876953,Africa,30479363533.096443,38799152.0,785.567775633252
Uganda,2017,32.4,6.86636912575479,261540000.0,91.3,5.4062018394470215,11.98326587677002,25.91636657714844,Africa,31593349369.91389,40177388.0,786.3465233208761
Uganda,2018,41.9,7.69055374592834,330540000.0,90.5,5.548648834228516,12.051369667053224,27.90822982788086,Africa,34075640680.141357,41565831.0,819.7993366267923
Uganda,2019,41.3,8.22438704028021,375690000.0,90.5,5.761237144470215,11.896056175231934,28.523242950439453,Africa,37774752756.09548,42999637.0,878.4900383251022
Uganda,2020,42.1,7.80457516339869,358230000.0,91.6,5.571383953094482,11.24893569946289,27.292316436767575,Africa,38060657836.99197,44457152.0,856.1200194963449
Ukraine,2014,100.0,1.31795556236257,2409460000.0,3.5,257.70306396484375,264.86199951171875,1208.370849609375,Europe,133503867181.97246,45972380.0,2904.001645813692
Ukraine,2015,100.0,1.47999780061338,2422490000.0,4.2,223.8498077392578,242.59434509277344,1003.4078979492188,Europe,91030968761.41595,45784896.0,1988.23141940556
Ukraine,2016,100.0,1.38412133217478,2277890000.0,5.5,234.10565185546875,243.3836669921875,1049.995361328125,Europe,93355868977.66232,45616832.0,2046.5224103607704
Ukraine,2017,100.0,2.0667350273977,3224830000.0,6.5,223.2877655029297,232.86187744140625,975.3308715820312,Europe,112090503817.39868,45436041.0,2466.995392873219
Ukraine,2018,100.0,2.08499496349315,3332510000.0,6.9,231.8999786376953,239.880859375,1011.9885864257812,Europe,130891086689.52171,45208907.0,2895.249971195316
Ukraine,2019,100.0,4.10417734411999,6326220000.0,7.4,222.1878967285156,228.34304809570312,957.6632080078124,Europe,153883045524.93103,44957458.0,3422.8591288442294
Ukraine,2020,100.0,7.68713739917928,11408250000.0,8.7,207.10064697265625,212.58135986328125,918.4515991210938,Europe,156617719786.25385,44680014.0,3505.3193982046164
United Arab Emirates,2014,100.0,0.263563430434596,307170000.0,0.1,214.53033447265625,214.4396514892578,1135.19287109375,Asia,424935834104.28864,8236874.0,51589.45421579699
United Arab Emirates,2015,100.0,0.240204736895818,305980000.0,0.1,225.0448303222656,224.9689483642578,1223.078857421875,Asia,381973135513.1382,8674633.0,44033.34821347926
United Arab Emirates,2016,100.0,0.248154120342867,321640000.0,0.1,227.8977203369141,227.83387756347656,1269.522216796875,Asia,381717208620.8305,9030873.0,42268.02974871095
United Arab Emirates,2017,100.0,0.557695737471018,750480000.0,0.2,196.49282836914065,196.4290008544922,1211.8883056640625,Asia,403365056078.9653,9234327.0,43681.04530833328
United Arab Emirates,2018,100.0,0.885151528519123,1203930000.0,0.3,204.10479736328125,204.10198974609375,1132.72509765625,Asia,440560003161.3342,9346870.0,47134.4956291608
United Arab Emirates,2019,100.0,2.64586794169905,3663310000.0,0.7,204.05807495117188,204.03286743164065,1216.9576416015625,Asia,433926218686.1811,9377847.0,46271.411624243934
United Arab Emirates,2020,100.0,3.78319860170417,5194710000.0,0.9,215.26617431640625,215.25584411621097,1184.4989013671875,Asia,357161776271.2049,9448524.0,37800.80108503772
United Kingdom,2014,100.0,17.362079635667,58634000000.0,6.6,438.80706787109375,452.22418212890625,2255.70751953125,Europe,3085362169410.2915,64865916.0,47565.22931720091
United Kingdom,2015,100.0,22.797935125061,77065000000.0,7.7,422.4607849121094,444.9059143066406,2279.46728515625,Europe,2945579890258.4585,65382110.0,45051.77165830926
United Kingdom,2016,100.0,23.0155435498123,77619000000.0,7.7,399.4301452636719,420.7926025390625,2246.921875,Europe,2706807606538.7305,65893358.0,41078.610784090415
United Kingdom,2017,100.0,27.5604645718062,92997000000.0,8.8,387.36712646484375,399.7982482910156,2251.04296875,Europe,2699208415975.53,66354471.0,40678.62158038348
United Kingdom,2018,100.0,31.3778034424785,104329000000.0,10.2,379.7297668457031,403.0946044921875,2246.42431640625,Europe,2897221642263.6045,66752475.0,43402.46024231468
United Kingdom,2019,100.0,35.1429075020641,113649000000.0,11.4,364.7532653808594,375.3549499511719,2192.984619140625,Europe,2875710080015.3003,67110958.0,42850.08239660802
United Kingdom,2020,100.0,41.1642719597097,127834000000.0,13.6,326.2632141113281,335.4317321777344,1982.8426513671875,Europe,2724001478304.591,67351861.0,40444.33869918741
United States,2014,100.0,6.89305130828678,299184000000.0,9.0,5531.38525390625,5606.26953125,25995.9140625,North America,17608138000000.0,323115377.0,54494.89332103189
United States,2015,100.0,7.35254388360494,317421010000.0,8.9,5368.49658203125,5422.1767578125,25747.42578125,North America,18295019000000.0,326126497.0,56097.92264134858
United States,2016,100.0,8.50075843849591,367406010000.0,9.3,5245.36181640625,5350.54736328125,25727.05078125,North America,18804913000000.0,329179427.0,57126.63507370404
United States,2017,100.0,9.700691811457,415813170000.0,9.7,5195.41748046875,5359.83447265625,25822.15625,North America,19612102000000.0,332204660.0,59036.203766678045
United States,2018,100.0,10.0478956277699,447677760000.0,9.9,5361.236328125,5460.88671875,26768.98828125,North America,20656516000000.0,335056497.0,61650.84451414175
United States,2019,100.0,10.8666213545367,477235930000.0,10.2,5235.912109375,5333.9677734375,26578.494140625,North America,21540000000000.0,337790067.0,63767.41681986759
United States,2020,100.0,12.6817482828225,540247930000.0,11.0,4689.95361328125,4776.4921875,24630.39453125,North America,21375300000000.0,339436159.0,62972.960992055065
Uruguay,2014,99.7,20.2677801724138,2633190000.0,56.7,6.683818817138672,18.72482109069824,46.395809173583984,South America,60484771780.80984,3356334.0,18021.082461045247
Uruguay,2015,99.7,32.8262072984194,4506710000.0,59.4,6.738131999969482,10.937771797180176,48.91191482543945,South America,57080759094.680565,3368017.0,16947.883307798198
Uruguay,2016,99.7,39.9671517072468,5548240000.0,60.3,6.520387172698975,9.1249418258667,49.15530014038086,South America,57480793302.63306,3379283.0,17009.76014812404
Uruguay,2017,99.8,45.9444328389388,6598080000.0,60.8,6.151027202606201,8.634265899658203,45.90473556518555,South America,65006047648.41472,3388438.0,19184.664924786794
Uruguay,2018,99.8,52.5272876487485,7680540000.0,60.8,6.570396900177002,8.88758373260498,45.98652648925781,South America,65344574763.358444,3394534.0,19249.9396863777
Uruguay,2019,99.9,47.6687368028816,7675620000.0,59.3,6.408475875854492,8.355012893676758,48.60662078857422,South America,62222324800.11913,3397206.0,18315.734989317436
Uruguay,2020,100.0,63.6309050772627,8647440000.0,61.2,6.476820945739746,7.974151134490967,43.67770767211914,South America,53559350250.133224,3398968.0,15757.532948275248
Uzbekistan,2014,99.8,3.63511647508204,2027050000.0,1.4,107.49562072753906,105.35577392578124,566.1685180664062,Asia,80845385816.20619,30222994.0,2674.9628384337498
Uzbekistan,2015,99.9,2.22458719431478,1277180000.0,1.7,103.37357330322266,101.45254516601562,540.15478515625,Asia,86196264741.94232,30749346.0,2803.190179782761
Uzbekistan,2016,99.9,2.11972682528058,1244640000.0,1.6,109.83733367919922,107.97833251953124,520.7319946289062,Asia,86138288633.22409,31284568.0,2753.379513925974
Uzbekistan,2017,100.0,0.291499506741204,177290000.0,1.7,108.88287353515624,107.31541442871094,537.743896484375,Asia,69703222283.31163,31819178.0,2190.6041156472247
Uzbekistan,2018,100.0,0.0113361740015263,7130000.0,1.5,102.33026885986328,100.77267456054688,539.00830078125,Asia,58695899095.31501,32373490.0,1813.0853082356896
Uzbekistan,2019,100.0,0.0103886291731596,6600000.0,1.6,107.94720458984376,106.62216186523438,543.3712158203125,Asia,67293639798.39958,32964701.0,2041.384807294311
Uzbekistan,2020,100.0,0.0252631578947368,16800000.0,1.0,108.13882446289062,106.95022583007812,539.8177490234375,Asia,66443265417.21627,33586372.0,1978.2805185751015
Vanuatu,2014,49.1,14.7875354107649,10440000.0,31.5,0.1575520038604736,-1.1691824197769165,0.7158131003379822,Oceania,773717013.2033039,260240.0,2973.090275143345
Vanuatu,2015,52.3,18.9709172259508,12720000.0,35.6,0.1319040060043335,-1.1942076683044434,0.6715912818908691,Oceania,759690183.2751008,266101.0,2854.8941314579833
Vanuatu,2016,57.8,14.0425531914894,10560000.0,33.1,0.1502240002155304,-1.2130770683288574,0.6788930296897888,Oceania,804323576.861028,272087.0,2956.126448014892
Vanuatu,2017,62.8,11.5297946920381,9210000.0,35.7,0.1392319947481155,0.8206260800361633,0.7567676305770874,Oceania,880043281.6787136,278507.0,3159.8605481324116
Vanuatu,2018,61.6,13.8510612194823,11290000.0,29.7,0.1758719980716705,-0.3666198253631592,0.967142939567566,Oceania,914727908.1377932,285259.0,3206.6574871881103
Vanuatu,2019,64.5,17.9051663128096,15180000.0,31.6,0.1648799926042556,-0.7136372327804565,0.9314452409744264,Oceania,936526267.6225132,291985.0,3207.4465045208253
Vanuatu,2020,67.3,17.8013741411618,14250000.0,26.0,0.2051839977502823,-0.7649332880973816,1.085178256034851,Oceania,909421043.508407,298858.0,3042.987115982865
Venezuela,2014,100.0,15.5834176519904,16171380000.0,12.1,175.99159240722656,187.44171142578125,1013.2381591796876,South America,363089976783.3395,30254079.0,12001.356140550157
Venezuela,2015,100.0,0.230403551392069,263660000.0,15.4,166.328369140625,179.35693359375,969.3006591796876,South America,343661331097.5576,30573972.0,11240.323340963274
Venezuela,2016,99.4,0.09843146169584,99590000.0,14.6,152.7334442138672,164.04519653320312,890.0844116210938,South America,287807478588.68585,30765720.0,9354.810438003266
Venezuela,2017,99.2,-8.00910496186448,-9429760000.0,14.3,139.09329223632812,152.859375,872.974365234375,South America,247051273388.19904,30565323.0,8082.730661416503
Venezuela,2018,99.9,-7.6635580048043,-7050550000.0,14.6,111.23958587646484,121.3452606201172,727.8723754882812,South America,203126876717.1796,29807592.0,6814.602022101604
Venezuela,2019,99.8,-17.2964440497806,-13050340000.0,15.8,105.43048095703124,115.6966781616211,656.968017578125,South America,149255742860.7259,28938098.0,5157.759257734419
Venezuela,2020,99.9,-6.17218310808988,-4576180000.0,31.2,80.90115356445312,90.43084716796876,527.8601684570312,South America,105888784842.15732,28444077.0,3722.700681838167
Vietnam,2014,99.2,1.23463687150838,1708330000.0,36.7,180.04751586914062,560.3728637695312,723.7809448242188,Asia,233451469529.0798,91679578.0,2546.3846433616854
Vietnam,2015,99.3,0.733762784722565,1188050000.0,27.8,213.3913116455078,441.4866638183594,810.4799194335938,Asia,239258328374.83508,92823254.0,2577.568853326722
Vietnam,2016,99.2,0.597059752522706,1077460000.0,26.8,221.02700805664065,391.104248046875,876.6734619140625,Asia,257096001322.80017,94000117.0,2735.0604395822206
Vietnam,2017,100.0,1.32019593836106,2587320000.0,28.3,227.69436645507812,370.10748291015625,950.0255737304688,Asia,281353606165.8908,95176977.0,2956.1099231581056
Vietnam,2018,100.0,1.30389576930863,2834200000.0,24.3,255.46841430664065,431.0153503417969,1078.9119873046875,Asia,310106478468.03674,96237319.0,3222.3100320161325
Vietnam,2019,99.4,2.94445992972498,6972010000.0,20.4,339.3123474121094,471.83837890625,1208.173583984375,Asia,334365270373.5862,97173776.0,3440.9002524877305
Vietnam,2020,99.8,5.37810936985936,12913970000.0,18.9,362.598876953125,481.46533203125,1228.728271484375,Asia,346615738493.8063,98079191.0,3534.0395343779524
Palestine,2014,99.9,0.883418239641921,3000000.0,10.8,2.8359360694885254,2.8903098106384277,16.49917221069336,Asia,13989700000.0,4415882.0,3168.0420808345875
Palestine,2015,99.9,1.79744277330846,9250000.0,11.0,3.0008161067962646,2.9805541038513184,18.30707550048828,Asia,13972400000.0,4521565.0,3090.1690012197105
Palestine,2016,100.0,7.91330739009813,42500000.0,12.3,3.235311985015869,3.748491764068603,19.166162490844727,Asia,15405400000.0,4632739.0,3325.333026531389
Palestine,2017,99.9,8.3498023715415,45630000.0,10.5,3.2646238803863525,3.660849094390869,19.23585319519043,Asia,16128000000.0,4742743.0,3400.563766579804
Palestine,2018,100.0,14.3281595398255,60280000.0,12.7,2.956847906112671,3.1454339027404785,18.46044921875,Asia,16276600000.0,4850592.0,3355.5904104076367
Palestine,2019,100.0,15.1699595042336,123620000.0,13.9,3.2646238803863525,3.3616831302642822,20.571781158447266,Asia,17133500000.0,4957768.0,3455.8898278418837
Palestine,2020,100.0,21.2691007759318,178720000.0,15.0,3.3269119262695312,3.3496286869049072,21.138771057128903,Asia,15531700000.0,5069692.0,3063.6377910137344
Yemen,2014,66.1,0.126567398119122,9690000.0,0.8,26.592205047607425,25.34395408630371,96.98907470703124,Asia,33224132578.454098,30226309.0,1099.1792804888648
Yemen,2015,67.4,2.01735809755251,116220000.0,2.0,14.122820854187012,12.399568557739258,52.18702697753906,Asia,24818907162.03036,31159379.0,796.5148202096826
Yemen,2016,68.9,3.23035230352304,154960000.0,2.6,10.043701171875,10.986044883728027,41.672176361083984,Asia,18728482383.452873,32109010.0,583.2781011763636
Yemen,2017,79.2,4.88401412002017,193700000.0,3.0,9.213894844055176,9.365327835083008,38.38080978393555,Asia,18391649816.162582,33090921.0,555.791415299761
Yemen,2018,62.0,8.89511388684791,484250000.0,2.9,11.503875732421877,11.39461612701416,37.80448532104492,Asia,26671579498.613247,34085182.0,782.497787414286
Yemen,2019,72.8,7.68650793650794,484250000.0,3.0,11.787782669067385,11.630597114562988,38.11567306518555,Asia,12980213073.90184,35111408.0,369.68648690766946
Yemen,2020,73.9,10.1597548518897,497320000.0,3.5,10.757014274597168,10.62159252166748,33.19585418701172,Asia,9265635138.93344,36134863.0,256.41816156694546
Zambia,2014,27.9,0.50437237485368,73250000.0,84.6,5.283260822296143,90.43894958496094,27.598228454589844,Africa,27144608116.939777,15895315.0,1707.7112417677647
Zambia,2015,31.1,0.47700851536468,64420000.0,84.0,5.522488117218018,86.6947021484375,28.40320587158203,Africa,21245151326.472305,16399089.0,1295.508020382858
Zambia,2016,35.4,0.542609287293757,63800000.0,84.0,5.977866172790527,92.85343170166016,29.22446632385254,Africa,20965129798.593258,16914423.0,1239.482410874628
Zambia,2017,40.3,0.367943340438699,53510000.0,83.5,7.458888053894043,94.08734893798828,34.15766906738281,Africa,25873572864.72288,17441320.0,1483.464145186424
Zambia,2018,40.2,0.383225806451613,62370000.0,83.8,8.657800674438477,87.7877426147461,37.21373748779297,Africa,26311494243.63355,17973569.0,1463.8992536003032
Zambia,2019,43.0,0.984934468315093,145790000.0,86.1,8.846335411071777,82.02484130859375,36.32912063598633,Africa,23308748818.696663,18513839.0,1258.990575574124
Zambia,2020,44.6,1.57779089597271,240550000.0,85.4,9.990585327148438,78.31436157226562,38.49479675292969,Africa,18137765281.97822,19059395.0,951.644335089242
Zimbabwe,2014,32.3,2.60516605166052,261220000.0,80.8,11.946147918701172,9.66875171661377,44.677433013916016,Africa,19495519631.0,14207359.0,1372.2127828965256
Zimbabwe,2015,33.7,2.63989290495315,256360000.0,80.8,12.016794204711914,17.86842155456543,45.89238739013672,Africa,22299501312.0,14399013.0,1548.6826292885492
Zimbabwe,2016,42.5,0.252967154292023,18330000.0,81.7,10.588241577148438,10.80738639831543,41.841312408447266,Africa,25639959138.0,14600294.0,1756.1262217048506
Zimbabwe,2017,44.0,2.632101708383,198750000.0,82.0,9.830570220947266,15.400436401367188,38.49155807495117,Africa,30720243329.0,14812482.0,2073.9429981417024
Zimbabwe,2018,45.4,9.15348489700075,857590000.0,79.7,11.209238052368164,10.13066577911377,43.56893539428711,Africa,36813836279.0,15034452.0,2448.6317345653833
Zimbabwe,2019,46.7,14.6058452722063,1274360000.0,81.0,10.26679515838623,16.59661102294922,39.76485061645508,Africa,39294948852.0,15271368.0,2573.112562803804
Zimbabwe,2020,52.7,-0.65832614322692,-45780000.0,84.1,8.490839004516602,7.89734411239624,33.585716247558594,Africa,33747219290.0,15526888.0,2173.4696154181056
