country,year,GDP,population,gdp_per_cap
Afghanistan,2014,19500460924.407177,32792523.0,594.6618052050212
Afghanistan,2015,18699573703.900463,33831764.0,552.7223973275666
Afghanistan,2016,18224349784.215027,34700612.0,525.1881374373174
Afghanistan,2017,19034302820.422146,35688935.0,533.3390536989167
Afghanistan,2018,18856319310.77826,36743039.0,513.1943307895207
Afghanistan,2019,19372358437.2955,37856121.0,511.73648872517873
Afghanistan,2020,19983008211.711617,39068979.0,511.48017489045765
Afghanistan,2021,15160920556.085217,40000412.0,379.01911000529736
Afghanistan,2022,14174994400.025742,40578842.0,349.3198351994801
Afghanistan,2023,16339763018.591587,41454761.0,394.1589005564786
Afghanistan,2024,18283157460.21487,42647492.0,428.70416530507515
Albania,2014,13296322525.59727,2903749.0,4579.019235339304
Albania,2015,11470172142.318493,2898632.0,3957.098432059845
Albania,2016,11988668667.056004,2897867.0,4137.066562080317
Albania,2017,13258235096.557516,2898242.0,4574.578346652045
Albania,2018,15379508438.346537,2894231.0,5313.8496679589625
Albania,2019,15585105256.370428,2885010.0,5402.097481939552
Albania,2020,15241458812.701334,2871954.0,5306.999629068339
Albania,2021,18031990919.62906,2849635.0,6327.824763392175
Albania,2022,19017251455.95293,2827608.0,6725.561483753381
Albania,2023,23491242485.965523,2811655.0,8354.951971691236
Albania,2024,27037473959.2655,2791765.0,9684.72416527376
Algeria,2014,238942665181.03055,39205031.0,6094.693948361642
Algeria,2015,187493854988.65735,40019529.0,4685.059011780408
Algeria,2016,180763840072.70865,40850721.0,4424.985303752867
Algeria,2017,189880897473.426,41689299.0,4554.667553259314
Algeria,2018,194554484211.74625,42505035.0,4577.21030489085
Algeria,2019,193459661550.37885,43294546.0,4468.453406356977
Algeria,2020,164873415325.20148,44042091.0,3743.5419522928983
Algeria,2021,186231676364.43173,44761099.0,4160.56979218566
Algeria,2022,225638456572.14276,45477389.0,4961.552576647326
Algeria,2023,247626160408.78644,46164219.0,5364.0279370649905
Algeria,2024,266972275754.36737,46814308.0,5702.792312007846
Andorra,2014,3271686126.5933223,73737.0,44369.66687813882
Andorra,2015,2789879501.1370516,72174.0,38654.910371284
Andorra,2016,2896612508.8211975,72181.0,40129.84731191307
Andorra,2017,3000160225.1573887,73763.0,40672.969173669575
Andorra,2018,3218419456.4372454,75162.0,42819.76871873081
Andorra,2019,3155151911.518138,76474.0,41257.83810861388
Andorra,2020,2890997546.914209,77380.0,37361.04351142684
Andorra,2021,3324641932.691404,78364.0,42425.628256487726
Andorra,2022,3380612573.4825068,79705.0,42414.059011134894
Andorra,2023,3785062850.023963,80856.0,46812.39301998569
Andorra,2024,4039838287.6873584,81938.0,49303.59891243817
Angola,2014,164448325262.3059,27160769.0,6054.626997575287
Angola,2015,131661044066.6179,28157798.0,4675.828843811505
Angola,2016,114763688250.54002,29183070.0,3932.5433633452553
Angola,2017,139834648370.39935,30234839.0,4624.950983545815
Angola,2018,114189182449.651,31297155.0,3648.548324908478
Angola,2019,94671230890.12453,32375632.0,2924.150820905196
Angola,2020,66520647133.966385,33451132.0,1988.5918101057503
Angola,2021,84375106839.30853,34532429.0,2443.3585844571935
Angola,2022,142402900036.25357,35635029.0,3996.149407827157
Angola,2023,114335821893.50008,36749906.0,3111.1867848995334
Angola,2024,117159419822.78217,37885849.0,3092.432211900073
Anguilla,2014,315371846.6666666,13729.0,22971.21761720931
Anguilla,2015,329428468.8888889,14210.0,23182.861990773323
Anguilla,2016,317491027.4074074,14320.0,22171.161131802193
Anguilla,2017,278362700.0,14425.0,19297.240901213172
Anguilla,2018,316562623.7037037,14721.0,21504.152143448388
Anguilla,2019,379683878.1481481,14823.0,25614.509758358505
Anguilla,2020,261369902.59259257,14843.0,17608.96736458887
Anguilla,2021,305222608.1481481,14475.0,21086.19054564063
Anguilla,2022,396524286.6666666,14180.0,27963.63093559003
Anguilla,2023,429454834.4444444,14410.0,29802.556172411132
Anguilla,2024,456466665.5555555,14598.0,31269.123548126834
Antigua and Barbuda,2014,1378888888.8888888,88765.0,15534.15072256958
Antigua and Barbuda,2015,1437777777.7777777,89409.0,16080.906595284341
Antigua and Barbuda,2016,1489629629.6296296,89969.0,16557.14334525925
Antigua and Barbuda,2017,1534855555.555555,90468.0,16965.72882738156
Antigua and Barbuda,2018,1661529629.6296296,90926.0,18273.427068491186
Antigua and Barbuda,2019,1726448148.148148,91364.0,18896.372183224772
Antigua and Barbuda,2020,1411637037.037037,91846.0,15369.608225040141
Antigua and Barbuda,2021,1602125925.9259255,92349.0,17348.600698718183
Antigua and Barbuda,2022,1866574074.074074,92840.0,20105.278695326087
Antigua and Barbuda,2023,2054096296.296296,93316.0,22012.262594799347
Antigua and Barbuda,2024,2162366666.6666665,93772.0,23059.83307028395
Argentina,2014,567050145343.2926,43024071.0,13179.834733521442
Argentina,2015,644903200498.5957,43477012.0,14833.199680295318
Argentina,2016,557532317365.8942,43900313.0,12699.962238672288
Argentina,2017,643628396190.9314,44288894.0,14532.500996546254
Argentina,2018,524819898585.6981,44654882.0,11752.800031712057
Argentina,2019,447754686715.10254,44973465.0,9955.974855731098
Argentina,2020,385740510259.615,45191965.0,8535.59942037517
Argentina,2021,486564087187.4868,45312281.0,10738.017960020305
Argentina,2022,633993513608.0918,45407904.0,13962.18406399229
Argentina,2023,649461688689.854,45538401.0,14261.84658284014
Argentina,2024,638365455107.4565,45696159.0,13969.783655283949
Armenia,2014,11609513241.075388,2922422.0,3972.565646260324
Armenia,2015,10553337527.774534,2921177.0,3612.7004723693685
Armenia,2016,10546136240.39524,2918793.0,3613.1840251759
Armenia,2017,11527458712.618654,2914963.0,3954.5814861521926
Armenia,2018,12457940705.308825,2909965.0,4281.1307714384275
Armenia,2019,13619290545.81314,2903972.0,4689.883561485145
Armenia,2020,12641698593.790771,2890892.0,4372.9404605190275
Armenia,2021,13878917583.779192,2870349.0,4835.271802759592
Armenia,2022,19513677666.65961,2880874.0,6773.526945871153
Armenia,2023,24186210091.622536,2943393.0,8217.118846046904
Armenia,2024,25955305027.814556,2973840.0,8727.875416234416
Aruba,2014,2790849720.670391,103373.0,26997.859408843615
Aruba,2015,2962906703.9106145,104184.0,28439.172079307904
Aruba,2016,2983637430.167598,104977.0,28421.82030509157
Aruba,2017,3092427932.9608936,105731.0,29248.072305765516
Aruba,2018,3276187709.4972067,106432.0,30781.980132828536
Aruba,2019,3347110055.8659215,107076.0,31259.199595296064
Aruba,2020,2456366424.5810056,107400.0,22871.19575959968
Aruba,2021,2855266480.4469275,107558.0,26546.29577016054
Aruba,2022,3266628164.804469,107782.0,30307.733803459476
Aruba,2023,3768503600.558659,107939.0,34913.271389939306
Aruba,2024,4191982624.0223465,108066.0,38790.9483465877
Australia,2014,1464051506405.894,23595601.0,62047.64635602602
Australia,2015,1245530860500.932,23948002.0,52009.80275936723
Australia,2016,1306598824672.465,24329963.0,53703.280381990924
Australia,2017,1411790455926.0771,24731038.0,57085.77439920141
Australia,2018,1454947196305.6863,25119706.0,57920.55035618993
Australia,2019,1377583583453.9373,25482714.0,54059.53162814358
Australia,2020,1435443783359.3667,25743791.0,55758.83456167612
Australia,2021,1750515725090.017,25956417.0,67440.57645128822
Australia,2022,1780936600076.0645,26200984.0,67972.12654593677
Australia,2023,1775627733297.5022,26451124.0,67128.63065091307
Australia,2024,1830609617937.866,26713205.0,68528.26599945106
Austria,2014,438556021078.0278,8547817.0,51306.20146383899
Austria,2015,379546097300.63306,8644039.0,43908.42027675176
Austria,2016,393687359770.28424,8737915.0,45055.068602782725
Austria,2017,414926138132.69507,8798778.0,47157.24594173135
Austria,2018,452582294972.7678,8841650.0,51187.53795646376
Austria,2019,442983642371.835,8880876.0,49880.624655927524
Austria,2020,434397601557.6887,8921405.0,48691.613210888725
Austria,2021,480466363176.8062,8967057.0,53581.27679759437
Austria,2022,473221298968.2164,9064677.0,52204.98192800652
Austria,2023,516670509628.87634,9130429.0,56587.75832207625
Austria,2024,534790720466.8223,9120813.0,58634.10646252942
Azerbaijan,2014,75239737488.8044,9631138.0,7812.133674006582
Azerbaijan,2015,53076244754.50366,9752850.0,5442.126635240331
Azerbaijan,2016,37867007022.784386,9868428.0,3837.1873435955945
Azerbaijan,2017,40866632047.84144,9968510.0,4099.572759403505
Azerbaijan,2018,47700708816.580414,10039784.0,4751.1688315784895
Azerbaijan,2019,48762470588.2353,10110475.0,4822.965349129027
Azerbaijan,2020,42693000000.0,10181730.0,4193.09881523081
Azerbaijan,2021,54825411764.70589,10234371.0,5356.988892107379
Azerbaijan,2022,78807470588.23529,10295304.0,7654.700685694691
Azerbaijan,2023,72428470588.23529,10318207.0,7019.482220916414
Azerbaijan,2024,74315882352.94118,10336577.0,7189.602743049384
Bahamas,2014,11139100000.0,382298.0,29137.217563262166
Bahamas,2015,11837600000.0,385346.0,30719.405417468977
Bahamas,2016,11880900000.0,388055.0,30616.53631572844
Bahamas,2017,12446900000.0,390485.0,31875.488174961905
Bahamas,2018,12819200000.0,392717.0,32642.335320345184
Bahamas,2019,13277000000.0,394675.0,33640.336986127826
Bahamas,2020,10363200000.0,395863.0,26178.75376077077
Bahamas,2021,12037000000.0,396373.0,30367.860575770803
Bahamas,2022,13896800000.0,397538.0,34957.16132797368
Bahamas,2023,15271300000.0,399440.0,38231.77448427799
Bahamas,2024,15832800000.0,401283.0,39455.44665485455
Bahrain,2014,34772528255.319145,1312848.0,26486.332199400957
Bahrain,2015,32523247805.851063,1369650.0,23745.663348922033
Bahrain,2016,33884766492.02128,1429604.0,23702.204590936566
Bahrain,2017,37204728678.19149,1481995.0,25104.490013928178
Bahrain,2018,39567914723.40426,1497626.0,26420.424540842814
Bahrain,2019,40446794829.78723,1485670.0,27224.615715325228
Bahrain,2020,35837642784.57447,1483077.0,24164.384441653718
Bahrain,2021,40840130500.0,1501764.0,27194.772614072517
Bahrain,2022,46458424734.04256,1533459.0,30296.4896577232
Bahrain,2023,46192131984.04256,1569666.0,29428.000596332313
Bahrain,2024,47109734417.55319,1607049.0,29314.43560062773
Bangladesh,2014,199959054185.197,157964929.0,1265.844611528911
Bangladesh,2015,228784516185.3566,159383179.0,1435.4370242882192
Bangladesh,2016,264543355337.3534,160811932.0,1645.048051144323
Bangladesh,2017,288958017599.0877,162186147.0,1781.644258427865
Bangladesh,2018,316205585001.44147,163523103.0,1933.7058751963718
Bangladesh,2019,349473730686.8402,164913055.0,2119.1392681849247
Bangladesh,2020,373561618850.8793,166298024.0,2246.3382899298867
Bangladesh,2021,414906982979.4464,167658854.0,2474.70964449898
Bangladesh,2022,432906065147.5101,169384897.0,2555.753628657401
Bangladesh,2023,422430954179.7605,171466990.0,2463.6284463835314
Bangladesh,2024,432741829090.341,173562364.0,2493.293010749387
Barbados,2014,5684900998.5,278348.0,20423.717786727408
Barbados,2015,5699619143.0,278990.0,20429.474687264777
Barbados,2016,5679029426.5,279598.0,20311.409332327126
Barbados,2017,5847381616.0,280171.0,20870.75970032587
Barbados,2018,6001101533.5,280711.0,21378.220067970262
Barbados,2019,6166710787.5,281207.0,21929.435567037806
Barbados,2020,5403246943.0,281698.0,19180.991497987205
Barbados,2021,5948900605.0,282147.0,21084.40141132105
Barbados,2022,6886644877.0,282318.0,24393.21926692595
Barbados,2023,7223248173.0,282336.0,25583.8723117137
Barbados,2024,7597571465.0,282467.0,26897.200257021173
Belarus,2014,78813049849.60782,9472708.0,8320.012592978463
Belarus,2015,56454775752.797455,9487293.0,5950.567327560923
Belarus,2016,47723549319.08417,9499064.0,5024.026506094092
Belarus,2017,54725415191.413025,9495790.0,5763.123994045048
Belarus,2018,60031016755.75542,9480031.0,6332.365026628649
Belarus,2019,64410160389.46044,9435419.0,6826.422906016197
Belarus,2020,61371673344.742424,9350944.0,6563.152698245484
Belarus,2021,69673765645.46466,9251365.0,7531.187629659478
Belarus,2022,73775162408.13373,9173237.0,8042.435010469448
Belarus,2023,72478745074.5673,9115680.0,7950.997081355127
Belarus,2024,75961877892.81302,9056696.0,8387.371939260524
Belgium,2014,537987419164.3432,11210119.0,47991.23177589312
Belgium,2015,461044767544.5315,11275335.0,40889.6735701894
Belgium,2016,474271566739.7419,11332701.0,41849.82615704252
Belgium,2017,500908767351.5348,11376581.0,44029.815930773475
Belgium,2018,542638913427.9122,11428605.0,47480.7654501938
Belgium,2019,536726344405.48035,11490618.0,46709.9632417926
Belgium,2020,529694473501.7823,11540107.0,45900.30868013462
Belgium,2021,598522422241.8508,11570844.0,51726.77310677171
Belgium,2022,593614574325.8784,11641820.0,50989.84302504921
Belgium,2023,644655275111.5807,11712893.0,55038.091367485446
Belgium,2024,664564181486.9537,11738763.0,56612.79484788591
Belize,2014,2138242200.0,348923.0,6128.120530890769
Belize,2015,2193095161.0,356333.0,6154.622673173689
Belize,2016,2239604957.5,364705.0,6140.867159759257
Belize,2017,2266028256.5,373202.0,6071.854535881373
Belize,2018,2285915050.5,380226.0,6011.9903702008805
Belize,2019,2381187861.5,385829.0,6171.614527420178
Belize,2020,2047284603.0,390812.0,5238.540789433283
Belize,2021,2428606245.0,395346.0,6142.989292923161
Belize,2022,2846604375.0,402733.0,7068.217342507319
Belize,2023,3052362627.5,411106.0,7424.758158479808
Belize,2024,3203631789.0,417072.0,7681.2439794567845
Benin,2014,13284527425.011246,11030004.0,1204.3991484510111
Benin,2015,11388160997.108755,11360681.0,1002.4188688256237
Benin,2016,11821065852.12697,11697842.0,1010.5338960918579
Benin,2017,12770754848.304834,12039780.0,1060.7133060824065
Benin,2018,14339011221.653526,12383347.0,1157.926949931511
Benin,2019,14695455314.391895,12726755.0,1154.6898886944782
Benin,2020,15686741893.521658,13070169.0,1200.19426631145
Benin,2021,17687623534.70553,13413417.0,1318.6515810777767
Benin,2022,17425418044.236923,13759501.0,1266.4280517321756
Benin,2023,19673284686.024883,14111034.0,1394.1773994751118
Benin,2024,21482646625.966553,14462724.0,1485.380390717997
Bermuda,2014,6413988211.0,63529.0,100961.57992412914
Bermuda,2015,6654541405.0,63464.0,104855.37320370604
Bermuda,2016,6899911485.0,63449.0,108747.36378823937
Bermuda,2017,7119542274.0,63578.0,111981.22422850672
Bermuda,2018,7225976889.0,63831.0,113204.82036941298
Bermuda,2019,7423464867.0,64107.0,115798.0387009219
Bermuda,2020,6887364100.0,64382.0,106976.54779286135
Bermuda,2021,7290036900.0,64648.0,112765.080126222
Bermuda,2022,7874380600.0,64749.0,121613.9338059275
Bermuda,2023,8579241900.0,64698.0,132604.43754057313
Bermuda,2024,8840000000.0,64636.0,136765.88897827835
Bhutan,2014,2089079554.908219,733139.0,2849.4999650928667
Bhutan,2015,2187815788.036474,740618.0,2954.040798409537
Bhutan,2016,2357504767.3500776,747866.0,3152.3090598450494
Bhutan,2017,2591358023.925396,754335.0,3435.2880668739963
Bhutan,2018,2583335717.667596,759759.0,3400.2041669366154
Bhutan,2019,2735683588.318328,764824.0,3576.8798943525935
Bhutan,2020,2457604338.0260553,770006.0,3191.6690753397447
Bhutan,2021,2768802966.524869,775442.0,3570.61258807863
Bhutan,2022,2898227758.5079155,780914.0,3711.3276987067916
Bhutan,2023,3012896772.981543,786385.0,3831.3253342593553
Bhutan,2024,3346603875.7620087,791524.0,4228.0510455299
Bolivia (Plurinational State of),2014,32996188012.590446,10848888.0,3041.435031183882
Bolivia (Plurinational State of),2015,33000198248.19103,11014705.0,2996.012898047749
Bolivia (Plurinational State of),2016,33941099855.2822,11180020.0,3035.8711214543623
Bolivia (Plurinational State of),2017,37508683068.017365,11344587.0,3306.306617245508
Bolivia (Plurinational State of),2018,40287647930.53545,11508368.0,3500.72642189887
Bolivia (Plurinational State of),2019,40895322843.849495,11671386.0,3503.8960106237164
Bolivia (Plurinational State of),2020,36629843805.065125,11816299.0,3099.942190449406
Bolivia (Plurinational State of),2021,40406078147.61215,11937360.0,3384.842054492128
Bolivia (Plurinational State of),2022,44008248914.61649,12077154.0,3643.9254574891147
Bolivia (Plurinational State of),2023,45135455861.07091,12244159.0,3686.284689791345
Bolivia (Plurinational State of),2024,46627123792.90883,12413315.0,3756.2185276784508
Bosnia and Herzegovina,2014,19562797889.378307,3564829.0,5487.724064570364
Bosnia and Herzegovina,2015,17753464301.463413,3518541.0,5045.689193749175
Bosnia and Herzegovina,2016,18335057681.81895,3473003.0,5279.309485715662
Bosnia and Herzegovina,2017,19553670409.70281,3428682.0,5702.969948715806
Bosnia and Herzegovina,2018,21488827310.154846,3387000.0,6344.501715428062
Bosnia and Herzegovina,2019,21221888452.57432,3345533.0,6343.35050725081
Bosnia and Herzegovina,2020,21104323051.249737,3299349.0,6396.511266692229
Bosnia and Herzegovina,2021,24711001402.778347,3244907.0,7615.3188374207175
Bosnia and Herzegovina,2022,25032742551.603157,3204802.0,7811.010649520051
Bosnia and Herzegovina,2023,28727059780.892784,3185073.0,9019.278296256565
Bosnia and Herzegovina,2024,30478098346.735516,3164253.0,9632.004250840724
Botswana,2014,15470088104.499928,2172044.0,7122.364051787131
Botswana,2015,13530744669.385574,2203273.0,6141.202052303811
Botswana,2016,15082635713.788872,2234776.0,6749.059285489406
Botswana,2017,16105179231.531322,2266747.0,7104.974322909139
Botswana,2018,17031904489.961985,2299141.0,7407.942570708793
Botswana,2019,16696004661.022305,2332083.0,7159.266913322684
Botswana,2020,14930027226.788397,2365894.0,6310.522460764682
Botswana,2021,18750983674.20265,2401441.0,7808.221677818713
Botswana,2022,20321150050.456276,2439892.0,8328.708832381219
Botswana,2023,19411266494.227062,2480244.0,7826.3535741753885
Botswana,2024,19400774883.360332,2521139.0,7695.242064543182
Brazil,2014,2456043766067.333,200085127.0,12274.994163196014
Brazil,2015,1802211999473.232,201675532.0,8936.195589027786
Brazil,2016,1795693266013.0276,203218114.0,8836.285460325784
Brazil,2017,2063514688805.5337,204703445.0,10080.507872280965
Brazil,2018,1916933708374.878,206107261.0,9300.660729147616
Brazil,2019,1873288158861.965,207455459.0,9029.833044123294
Brazil,2020,1476107292148.324,208660842.0,7074.194074939676
Brazil,2021,1670647464055.121,209550294.0,7972.536960769528
Brazil,2022,1951923832075.895,210306415.0,9281.3328213307
Brazil,2023,2191131869718.3113,211140729.0,10377.58977197768
Brazil,2024,2185821648939.9148,211998573.0,10310.54887779794
British Virgin Islands,2014,1204771521.0,32962.0,36550.31615193253
British Virgin Islands,2015,1285485768.0,34498.0,37262.617195199724
British Virgin Islands,2016,1411260350.0,33878.0,41657.13294763563
British Virgin Islands,2017,1316085342.0,32699.0,40248.48900577999
British Virgin Islands,2018,1395018021.0,34657.0,40252.12860316819
British Virgin Islands,2019,1541604180.0,36395.0,42357.58153592527
British Virgin Islands,2020,1411005301.0,37135.0,37996.6420088865
British Virgin Islands,2021,1501162961.0,37809.0,39703.85254833505
British Virgin Islands,2022,1626760204.0,38319.0,42453.09647955323
British Virgin Islands,2023,1748916593.0,38985.0,44861.2695395665
British Virgin Islands,2024,1829814034.0,39471.0,46358.44123533733
Brunei Darussalam,2014,17097795710.932203,416750.0,41026.504405356216
Brunei Darussalam,2015,12930298314.133038,422212.0,30625.13219456822
Brunei Darussalam,2016,11400267071.610737,427564.0,26663.299696912596
Brunei Darussalam,2017,12128166605.720732,432772.0,28024.379132015776
Brunei Darussalam,2018,13566912772.254004,437810.0,30988.129033722398
Brunei Darussalam,2019,13469240146.423267,442680.0,30426.583867405952
Brunei Darussalam,2020,12005795924.877691,447404.0,26834.35088840889
Brunei Darussalam,2021,14006497000.397558,451721.0,31006.964476740195
Brunei Darussalam,2022,16681531645.972174,455370.0,36632.91750877786
Brunei Darussalam,2023,15095089168.691685,458949.0,32890.55901351062
Brunei Darussalam,2024,15463131187.128069,462721.0,33417.82885827112
Bulgaria,2014,57080892245.42415,7223449.0,7902.165883004663
Bulgaria,2015,50765926093.85627,7177517.0,7072.909209947712
Bulgaria,2016,53929385148.35172,7127434.0,7566.451705950798
Bulgaria,2017,59167655038.29451,7075636.0,8362.167731394677
Bulgaria,2018,66097251628.15285,7024745.0,9409.202985752912
Bulgaria,2019,68507753583.438934,6975469.0,9821.239773761296
Bulgaria,2020,70486890658.3804,6933652.0,10165.911219423819
Bulgaria,2021,84374597511.75342,6877225.0,12268.69813213228
Bulgaria,2022,90506171124.95944,6825864.0,13259.298914387899
Bulgaria,2023,102199229762.84842,6795803.0,15038.580394818451
Bulgaria,2024,113343388294.51369,6757689.0,16772.507331206525
Burkina Faso,2014,13943016080.325384,18229461.0,764.8616753027082
Burkina Faso,2015,11832157624.536316,18777487.0,630.1246606926857
Burkina Faso,2016,12833357981.583109,19334856.0,663.7421029452254
Burkina Faso,2017,14106957347.544949,19894407.0,709.0916229644316
Burkina Faso,2018,15890064409.542356,20438288.0,777.465529869349
Burkina Faso,2019,16032810083.24071,20961952.0,764.8529146160009
Burkina Faso,2020,17725066141.364105,21478690.0,825.23962780617
Burkina Faso,2021,19697557757.91471,21995243.0,895.537174011431
Burkina Faso,2022,18622421395.6618,22509038.0,827.330843533242
Burkina Faso,2023,20324617840.544804,23025776.0,882.6898099132383
Burkina Faso,2024,23250214909.524033,23548781.0,987.3213781012288
Burundi,2014,2705829234.966801,10799785.0,250.54473167445474
Burundi,2015,2810531639.5568476,11047580.0,254.4024700031
Burundi,2016,2930086948.1131816,11239451.0,260.6966254947134
Burundi,2017,3297826847.6132917,11506762.0,286.5990317357126
Burundi,2018,3317319374.620303,11859446.0,279.7195901579469
Burundi,2019,3368533751.5792475,12255336.0,274.8626191545664
Burundi,2020,3451371637.6493473,12617036.0,273.5485289611084
Burundi,2021,3742399565.284612,12965481.0,288.6433264824199
Burundi,2022,4380945351.492197,13321097.0,328.872716075275
Burundi,2023,3960309821.276494,13689450.0,289.2964889952843
Burundi,2024,4430880881.447679,14047786.0,315.41489039252724
Cabo Verde,2014,2041930125.4297936,512326.0,3985.607065481341
Cabo Verde,2015,1749857628.407163,512394.0,3415.0626830274414
Cabo Verde,2016,1849789992.743277,512554.0,3608.9660655136377
Cabo Verde,2017,1996741544.6154883,512893.0,3893.0957229197675
Cabo Verde,2018,2205099509.15921,513415.0,4294.965104562995
Cabo Verde,2019,2252177133.7471027,514104.0,4380.7811916404125
Cabo Verde,2020,1821565617.6947224,514679.0,3539.2266202715136
Cabo Verde,2021,2051842609.6453383,516649.0,3971.4440744980407
Cabo Verde,2022,2247003347.634465,519741.0,4323.313626661097
Cabo Verde,2023,2539203440.0976386,522331.0,4861.291863009545
Cabo Verde,2024,2767599022.4967623,524877.0,5272.852539731713
Cambodia,2014,22041463967.906624,15396772.0,1431.5639647003036
Cambodia,2015,24036943325.488785,15623251.0,1538.5365904630723
Cambodia,2016,26468108117.178123,15852803.0,1669.6169199338517
Cambodia,2017,29082920413.95627,16073372.0,1809.3851379757944
Cambodia,2018,32803768200.200737,16274522.0,2015.6517162347832
Cambodia,2019,35983219323.07737,16481304.0,2183.2750201730014
Cambodia,2020,34418014109.09693,16725474.0,2057.8199523132757
Cambodia,2021,36163465405.23892,16974305.0,2130.4828330372834
Cambodia,2022,39615581617.328415,17201724.0,2303.0006537326385
Cambodia,2023,41934513308.97847,17423880.0,2406.726475904246
Cambodia,2024,45913452060.08349,17638801.0,2602.9803306972785
Cameroon,2014,36386544716.07533,22059893.0,1649.4433910479681
Cameroon,2015,32210233021.65469,22763414.0,1415.0000971583036
Cameroon,2016,33814337040.780407,23454161.0,1441.720172415479
Cameroon,2017,36098547058.787704,24128601.0,1496.0895187743254
Cameroon,2018,39973842058.56503,24806383.0,1611.433720851808
Cameroon,2019,39670976440.31584,25506095.0,1555.3528064690358
Cameroon,2020,40773241211.69408,26210558.0,1555.6037079292275
Cameroon,2021,45011930130.8443,26915758.0,1672.3263053132034
Cameroon,2022,44347238142.495575,27632771.0,1604.8784301254325
Cameroon,2023,48814473507.623566,28372687.0,1720.4741132774477
Cameroon,2024,53296694354.56842,29123744.0,1830.0083380271583
Canada,2014,1805750783624.4585,35634264.0,50674.56377447444
Canada,2015,1556508034225.5945,35962234.0,43281.73923304082
Canada,2016,1527996250640.9324,36353343.0,42031.79472767972
Canada,2017,1649265644244.095,36808497.0,44806.65549164083
Canada,2018,1725300253575.837,37295005.0,46260.89347825096
Canada,2019,1743725183672.5212,37782935.0,46151.131024429975
Canada,2020,1655685475627.4597,38171902.0,43374.45578759632
Canada,2021,2022381938529.068,38454057.0,52592.16052363651
Canada,2022,2200567394917.617,38821259.0,56684.5963166114
Canada,2023,2196593836347.4167,39299105.0,55894.245844718775
Canada,2024,2270076189683.472,39742430.0,57119.71285307597
Cayman Islands,2014,4562853559.8142395,60160.0,75845.30518308244
Cayman Islands,2015,4708167712.670851,61642.0,76379.21729779778
Cayman Islands,2016,4909322117.288469,63100.0,77802.25225496783
Cayman Islands,2017,5166281305.12522,64535.0,80053.94445068909
Cayman Islands,2018,5530178560.714243,65941.0,83865.5549766343
Cayman Islands,2019,5941896487.58595,67327.0,88254.28858535134
Cayman Islands,2020,5655357959.031836,68684.0,82338.79737685394
Cayman Islands,2021,6060813790.455162,70108.0,86449.67465132599
Cayman Islands,2022,6660161212.244849,71591.0,93030.70514792152
Cayman Islands,2023,7241244269.377077,73038.0,99143.51802318078
Cayman Islands,2024,7656630626.522506,74457.0,102832.91868491218
Chad,2014,17515693955.759598,14188678.0,1234.4838578872252
Chad,2015,14411717873.044556,14647621.0,983.894782165961
Chad,2016,13071615355.018532,15114655.0,864.8305472416362
Chad,2017,13349041418.19018,15622759.0,854.4612010074648
Chad,2018,15326949827.982178,16156531.0,948.6535090968586
Chad,2019,14904993767.904482,16685223.0,893.305038110937
Chad,2020,14932607694.83592,17224679.0,866.9309712439878
Chad,2021,16871925073.29098,17828273.0,946.3577921030814
Chad,2022,17828981230.679947,18455316.0,966.0620945574677
Chad,2023,18352382387.93647,19319064.0,949.962295685571
Chad,2024,19906149264.444485,20299123.0,980.6408515503101
Chile,2014,259405194672.98145,17864195.0,14520.95628563064
Chile,2015,242496655711.46487,18047625.0,13436.48572659643
Chile,2016,249298706449.0996,18267221.0,13647.325252653352
Chile,2017,276364936832.2599,18558868.0,14891.260438527817
Chile,2018,295402646018.25397,18893191.0,15635.402511849585
Chile,2019,278179598010.53076,19197744.0,14490.22333095653
Chile,2020,253880204385.33264,19370624.0,13106.454618360907
Chile,2021,315457443810.5119,19456334.0,16213.611660373013
Chile,2022,301226575697.40924,19553036.0,15405.61658544531
Chile,2023,335518054237.30255,19658835.0,17067.036487019832
Chile,2024,330267137224.48816,19764771.0,16709.889389787928
China (mainland),2014,10674533004078.432,1387951972.0,7690.851859014061
China (mainland),2015,11280815379842.666,1396134174.0,8080.036711315875
China (mainland),2016,11456024379019.934,1404052632.0,8159.255656037211
China (mainland),2017,12537558902128.822,1412354727.0,8877.060884527222
China (mainland),2018,14147765393703.691,1419008956.0,9970.173432579584
China (mainland),2019,14560167080356.98,1423520357.0,10228.281603953894
China (mainland),2020,14996413581161.016,1426106093.0,10515.636708075557
China (mainland),2021,18201698210842.56,1426437267.0,12760.251454396808
China (mainland),2022,18316764716179.062,1425179569.0,12852.25042134958
China (mainland),2023,18270355562447.68,1422584933.0,12843.068374074843
China (mainland),2024,18743802246860.676,1419321278.0,13206.172934483884
"China, Hong Kong SAR",2014,291459983449.58044,7319501.0,39819.65211147323
"China, Hong Kong SAR",2015,309385622601.3481,7366409.0,41999.517349817
"China, Hong Kong SAR",2016,320860317562.5624,7408010.0,43312.619389358595
"China, Hong Kong SAR",2017,341271099990.3763,7444891.0,45839.636871832816
"China, Hong Kong SAR",2018,361731070995.7267,7471194.0,48416.76859090082
"China, Hong Kong SAR",2019,363074560517.27655,7485813.0,48501.68719379933
"China, Hong Kong SAR",2020,344940926230.30066,7490235.0,46052.083309842834
"China, Hong Kong SAR",2021,368954169748.81805,7484601.0,49295.10200327553
"China, Hong Kong SAR",2022,358679549251.4129,7465915.0,48042.27603065571
"China, Hong Kong SAR",2023,381043009951.5727,7442734.0,51196.64493606418
"China, Hong Kong SAR",2024,406863379108.5579,7414909.0,54870.98750754162
"China, Macao Special Administrative Region",2014,54930501310.2956,610304.0,90005.14712388515
"China, Macao Special Administrative Region",2015,44940611008.03832,622179.0,72230.99945198781
"China, Macao Special Administrative Region",2016,44964866917.73615,634312.0,70887.61826630452
"China, Macao Special Administrative Region",2017,50297028370.66678,646554.0,77792.46338382683
"China, Macao Special Administrative Region",2018,55076319791.55097,658772.0,83604.52446605347
"China, Macao Special Administrative Region",2019,55025169743.30826,670974.0,82007.90156296408
"China, Macao Special Administrative Region",2020,25280064431.427895,683067.0,37009.64097435229
"China, Macao Special Administrative Region",2021,30633942586.01248,694402.0,44115.57366772054
"China, Macao Special Administrative Region",2022,24929307189.74293,704356.0,35393.05009078212
"China, Macao Special Administrative Region",2023,45626466808.35165,713912.0,63910.49150084555
"China, Macao Special Administrative Region",2024,49467260462.09197,720262.0,68679.53669927329
Colombia,2014,381240864422.4066,46565429.0,8187.208248900844
Colombia,2015,293492370228.84827,46969940.0,6248.514906104804
Colombia,2016,282720100286.22815,47437512.0,5959.842503675744
Colombia,2017,311866875135.57623,48131078.0,6479.532312481682
Colombia,2018,334198218100.71594,49024465.0,6816.96818314521
Colombia,2019,323031701210.76825,49907985.0,6472.545449606276
Colombia,2020,270348342517.0656,50629997.0,5339.6871130975105
Colombia,2021,318524633253.7525,51188173.0,6222.621644530124
Colombia,2022,345632492878.517,51737944.0,6680.445069068014
Colombia,2023,366291836137.9164,52321152.0,7000.836605010462
Colombia,2024,418542136936.5045,52886363.0,7913.989792349769
Comoros,2014,1149587560.8057616,711503.0,1615.7170957898443
Comoros,2015,966029599.8013216,726682.0,1329.3704808999282
Comoros,2016,1012835492.5158548,741741.0,1365.4840335317244
Comoros,2017,1077439756.122238,756669.0,1423.92480215555
Comoros,2018,1188797449.960358,771590.0,1540.7113233198434
Comoros,2019,1195019531.0367105,786578.0,1519.2638632617623
Comoros,2020,1225039195.9374392,802163.0,1527.1699092795843
Comoros,2021,1299039311.7601857,818174.0,1587.7298860146934
Comoros,2022,1279542248.4502354,834188.0,1533.8775533215958
Comoros,2023,1449038897.5261998,850387.0,1703.975833974649
Comoros,2024,1566698826.41253,866628.0,1807.8100712330204
Congo,2014,17919321082.53527,4975880.0,3601.236581777549
Congo,2015,12434793867.76992,5097581.0,2439.351894117998
Congo,2016,10931328149.741014,5222536.0,2093.107285376494
Congo,2017,11834473047.747198,5351011.0,2211.6331003145383
Congo,2018,14773900277.968191,5483118.0,2694.434129991036
Congo,2019,13799665337.084164,5616661.0,2456.916188654463
Congo,2020,10688419404.527086,5752791.0,1857.9537140367322
Congo,2021,13671135324.988886,5892183.0,2320.2156696404177
Congo,2022,15486037536.277836,6035104.0,2565.9934835054764
Congo,2023,15740672055.366024,6182885.0,2545.84583982494
Congo,2024,16412392617.792229,6332961.0,2591.5827711227384
Cook Islands,2014,351412942.78682727,17532.0,20044.087542027566
Cook Islands,2015,319638304.01506305,17446.0,18321.58110828058
Cook Islands,2016,318789860.2530412,17332.0,18393.13756364189
Cook Islands,2017,356816569.936468,17047.0,20931.34099468927
Cook Islands,2018,394657469.0799232,16596.0,23780.27651722844
Cook Islands,2019,391063399.81882566,16129.0,24245.97928072575
Cook Islands,2020,267801798.46201295,15643.0,17119.59333005261
Cook Islands,2021,256025338.09591177,15182.0,16863.74246449162
Cook Islands,2022,289369803.97544205,14723.0,19654.269101096383
Cook Islands,2023,366211548.11372966,14222.0,25749.651815056226
Cook Islands,2024,414081783.161941,13729.0,30161.10300545859
Costa Rica,2014,52016408923.875,4767119.0,10911.497892935964
Costa Rica,2015,56441920823.796875,4818038.0,11714.71059875345
Costa Rica,2016,58847019585.00249,4866998.0,12091.030155550196
Costa Rica,2017,60516044623.49642,4913177.0,12317.090270408826
Costa Rica,2018,62420164964.705666,4957818.0,12590.249372749397
Costa Rica,2019,64417670555.76181,4999553.0,12884.686002080947
Costa Rica,2020,62395610764.00055,5034320.0,12394.049397734063
Costa Rica,2021,64960725732.76334,5059988.0,12838.118535609836
Costa Rica,2022,69243626068.11362,5081765.0,13625.900856909679
Costa Rica,2023,86497941517.57962,5105525.0,16942.026827325226
Costa Rica,2024,95350423191.21304,5129910.0,18587.153223197492
Croatia,2014,58816418326.22391,4219479.0,13939.260824908457
Croatia,2015,50503900671.94093,4183729.0,12071.503835917894
Croatia,2016,52661492963.26975,4136444.0,12731.102600027887
Croatia,2017,56573333482.54205,4079200.0,13868.732467773596
Croatia,2018,62657500798.94965,4024868.0,15567.59148348459
Croatia,2019,62467134461.194405,3986334.0,15670.321267910416
Croatia,2020,57809321772.77617,3953958.0,14620.62110239314
Croatia,2021,69120833704.66405,3924610.0,17612.1534890509
Croatia,2022,71154203995.00458,3907027.0,18211.853666484665
Croatia,2023,84404308060.82707,3896023.0,21664.222223746387
Croatia,2024,92662405760.24696,3875325.0,23910.87347777205
Cuba,2014,80656000000.0,11285775.0,7146.695729801454
Cuba,2015,87205671392.82736,11275065.0,7734.383029528199
Cuba,2016,91370000000.0,11265612.0,8110.5225353047845
Cuba,2017,96851000000.0,11247829.0,8610.639439842123
Cuba,2018,100050000000.0,11227118.0,8911.458844558327
Cuba,2019,103428000000.0,11202846.0,9232.296864564594
Cuba,2020,107352000000.0,11176354.0,9605.27914559614
Cuba,2021,126693606820.0,11122168.0,11391.089113201671
Cuba,2022,147113403579.0,11059820.0,13301.609210547731
Cuba,2023,192686587447.0,11019931.0,17485.280756022883
Cuba,2024,252063248498.0,10979783.0,22957.033713507815
Curaçao,2014,3059406995.5307264,165027.0,18538.82695274547
Curaçao,2015,3058779211.7318435,166612.0,18358.6969229818
Curaçao,2016,3024690188.2681565,167782.0,18027.501092299273
Curaçao,2017,3033433248.0446925,168516.0,18000.861924355508
Curaçao,2018,3046364819.5530725,181583.0,16776.707178277
Curaçao,2019,3026124115.642458,189543.0,15965.369945830013
Curaçao,2020,2534327592.73743,185018.0,13697.735316225611
Curaçao,2021,2739594359.7765365,185315.0,14783.446346904117
Curaçao,2022,3075180834.6368713,185345.0,16591.657906266
Curaçao,2023,3281419347.4860334,185427.0,17696.556313190817
Curaçao,2024,3561178196.0893855,185482.0,19199.58915738123
Cyprus,2014,23225913511.99958,852504.0,27244.34549515261
Cyprus,2015,19909321211.953136,847700.0,23486.28195346601
Cyprus,2016,21046434406.926704,851600.0,24713.990614052025
Cyprus,2017,22946535928.94142,859519.0,26696.950188351184
Cyprus,2018,25754019758.901512,870067.0,29600.04201848997
Cyprus,2019,26196711056.470108,875899.0,29908.369636761898
Cyprus,2020,25555038863.190296,888005.0,28778.03487952241
Cyprus,2021,30372652888.7592,896007.0,33897.785272614165
Cyprus,2022,31218048096.887314,904705.0,34506.32868933775
Cyprus,2023,35075489259.6085,920701.0,38096.503924301694
Cyprus,2024,37634585374.53128,929809.0,40475.60883421356
Czechia,2014,210911285077.68277,10517226.0,20053.88921733571
Czechia,2015,189107698561.9188,10524416.0,17968.474313626408
Czechia,2016,198160659303.9398,10531948.0,18815.1953754367
Czechia,2017,221563575696.2173,10541342.0,21018.535941269838
Czechia,2018,251992360762.23715,10548937.0,23887.93873375461
Czechia,2019,256794209028.76953,10554875.0,24329.441043003306
Czechia,2020,251109660602.53552,10550129.0,23801.572530775265
Czechia,2021,290972714482.31415,10530683.0,27630.944211530645
Czechia,2022,301831228325.55554,10673213.0,28279.322105307514
Czechia,2023,343206568134.6367,10809716.0,31749.822857014628
Czechia,2024,345036675975.0473,10735859.0,32138.711580978037
Côte d'Ivoire,2014,46314495438.7368,24527395.0,1888.2761678823535
Côte d'Ivoire,2015,45814638127.80768,25246342.0,1814.7040124786267
Côte d'Ivoire,2016,48406917300.21711,25989405.0,1862.5635061755784
Côte d'Ivoire,2017,52512776303.11319,26733372.0,1964.3154744232486
Côte d'Ivoire,2018,58523356317.26087,27464173.0,2130.8981820519725
Côte d'Ivoire,2019,60382990256.42104,28193009.0,2141.7717511607593
Côte d'Ivoire,2020,63027852858.97298,28915449.0,2179.729350181385
Côte d'Ivoire,2021,72794636649.4337,29639736.0,2455.981276264866
Côte d'Ivoire,2022,70922824824.00899,30395002.0,2333.3712833448403
Côte d'Ivoire,2023,79618056323.76164,31165654.0,2554.6730488556937
Côte d'Ivoire,2024,85894456847.22603,31934230.0,2689.730012191496
Democratic People's Republic of Korea,2014,17395832618.271122,24776607.0,702.1071375217407
Democratic People's Republic of Korea,2015,16282601357.203953,24897406.0,653.9878635229692
Democratic People's Republic of Korea,2016,16786184835.50056,25017122.0,670.9878472631888
Democratic People's Republic of Korea,2017,17364724930.68296,25133341.0,690.9039642076618
Democratic People's Republic of Korea,2018,17487261056.771374,25243772.0,692.7356599786821
Democratic People's Republic of Korea,2019,16331452312.852224,25347434.0,644.3039683169596
Democratic People's Republic of Korea,2020,15847371619.830696,25443498.0,622.8456330898644
Democratic People's Republic of Korea,2021,16750452730.770489,25537170.0,655.9243929836583
Democratic People's Republic of Korea,2022,15176134612.575665,25630928.0,592.1024245620629
Democratic People's Republic of Korea,2023,16446632290.336365,25717918.0,639.500922677192
Democratic People's Republic of Korea,2024,17199287594.872726,25796400.0,666.73208644899
Democratic Republic of the Congo,2014,38352980572.21783,78403242.0,489.1759523441368
Democratic Republic of the Congo,2015,40179574478.1215,81035531.0,495.8266328645579
Democratic Republic of the Congo,2016,38600224297.968605,83956415.0,459.7650375849017
Democratic Republic of the Congo,2017,37537521574.85487,87083398.0,431.0525592358589
Democratic Republic of the Congo,2018,46659954103.33785,90047644.0,518.1696269958807
Democratic Republic of the Congo,2019,46845900342.18539,92947442.0,504.00419133842746
Democratic Republic of the Congo,2020,46691989753.12294,95989998.0,486.4255727260557
Democratic Republic of the Congo,2021,59091295709.93584,99148932.0,595.9851963905758
Democratic Republic of the Congo,2022,70432585733.27193,102396968.0,687.8385865221314
Democratic Republic of the Congo,2023,72952433910.08377,105789731.0,689.598444201392
Democratic Republic of the Congo,2024,75321521499.76009,109276265.0,689.2761342068205
Denmark,2014,352832602064.45215,5643794.0,62516.91717742571
Denmark,2015,301758922337.63776,5683701.0,53091.97692447892
Denmark,2016,312181849372.23346,5728201.0,54499.10877293473
Denmark,2017,331610593961.98834,5765168.0,57519.67574266497
Denmark,2018,355293374912.3933,5793824.0,61322.77661737624
Denmark,2019,345401473012.6152,5814618.0,59402.26391701315
Denmark,2020,355631021931.6216,5831530.0,60984.17086624292
Denmark,2021,406110162088.054,5856776.0,69340.22439786907
Denmark,2022,400114306337.0766,5902904.0,67782.62128895821
Denmark,2023,404651706117.5568,5948136.0,68030.00235999258
Denmark,2024,424524722037.047,5977412.0,71021.49258526048
Djibouti,2014,2214679188.1657205,1002717.0,2208.678209470589
Djibouti,2015,2420794391.208692,1020313.0,2372.599772039259
Djibouti,2016,2552405174.4025745,1037653.0,2459.7868212230624
Djibouti,2017,2774404825.5411572,1054841.0,2630.1640015330813
Djibouti,2018,2913465488.0402427,1071882.0,2718.084162286747
Djibouti,2019,3088852752.347781,1088709.0,2837.170219358691
Djibouti,2020,3144136033.4456816,1105188.0,2844.887958832055
Djibouti,2021,3392795449.0465393,1121248.0,3025.9099227347915
Djibouti,2022,3562814748.960449,1137096.0,3133.257657190289
Djibouti,2023,3898447566.691612,1152944.0,3381.298282216319
Djibouti,2024,4152148592.456715,1168722.0,3552.7256203414627
Dominica,2014,572255555.5555555,70373.0,8131.748760967352
Dominica,2015,583177777.7777778,70410.0,8282.598747021415
Dominica,2016,612711111.111111,69606.0,8802.561720413629
Dominica,2017,563355555.5555555,68496.0,8224.648965714136
Dominica,2018,628244444.4444444,68174.0,9215.308540564503
Dominica,2019,644259259.2592592,67880.0,9491.149959623737
Dominica,2020,528944444.4444444,67573.0,7827.748426804263
Dominica,2021,562911111.111111,67202.0,8376.404141411134
Dominica,2022,623062962.9629629,66826.0,9323.660894905619
Dominica,2023,659311111.111111,66510.0,9912.962127666682
Dominica,2024,688881481.4814814,66205.0,10405.278777758196
Dominican Republic,2014,67014329686.89041,10315528.0,6496.451726648448
Dominican Republic,2015,70966782456.09415,10434829.0,6800.953082805108
Dominican Republic,2016,75552902735.37149,10551430.0,7160.442019268619
Dominican Republic,2017,79070274416.80397,10666843.0,7412.715685119203
Dominican Republic,2018,84994732293.84439,10782053.0,7882.982238525853
Dominican Republic,2019,89146130164.61856,10894043.0,8183.016182754058
Dominican Republic,2020,78546671944.08804,11008300.0,7135.2226905233365
Dominican Republic,2021,94850720068.64027,11123476.0,8527.075535438767
Dominican Republic,2022,113478104284.66795,11230734.0,10104.24646195591
Dominican Republic,2023,120456239153.43604,11331265.0,10630.431743802306
Dominican Republic,2024,124282244943.3394,11427557.0,10875.661783471252
Ecuador,2014,102717793361.0,16035124.0,6405.799753154388
Ecuador,2015,97209557102.0,16266225.0,5976.15962535868
Ecuador,2016,97671432667.0,16505139.0,5917.637692539275
Ecuador,2017,104467485714.0,16759519.0,6233.322430912248
Ecuador,2018,107478961000.0,17049547.0,6303.918866583376
Ecuador,2019,107595830000.0,17340021.0,6205.057652467664
Ecuador,2020,95865473000.0,17546065.0,5463.645153485981
Ecuador,2021,107179074000.0,17682454.0,6061.323501817112
Ecuador,2022,116133121000.0,17823897.0,6515.585284183364
Ecuador,2023,121147057000.0,17980083.0,6737.847483796376
Ecuador,2024,124676074670.0,18135478.0,6874.705738111783
Egypt,2014,300949110389.5702,97528654.0,3085.750679893216
Egypt,2015,317744560653.816,99597342.0,3190.291570771196
Egypt,2016,270255270302.5495,101644589.0,2658.82594402098
Egypt,2017,205589377739.85385,103696057.0,1982.615189889562
Egypt,2018,262628678274.5393,105682094.0,2485.0820828222736
Egypt,2019,333679537921.1624,107553158.0,3102.4615559978483
Egypt,2020,390413889899.8391,109315124.0,3571.4535703206
Egypt,2021,425906125619.5893,110957008.0,3838.4788243351813
Egypt,2022,409306889921.1225,112618250.0,3634.4632412697097
Egypt,2023,331589591263.59937,114535772.0,2895.074486105523
Egypt,2024,306906558738.4871,116538258.0,2633.526225683647
El Salvador,2014,22593472396.0,6162955.0,3666.0128779132738
El Salvador,2015,23438237940.0,6183676.0,3790.3405579464384
El Salvador,2016,24191430000.0,6200800.0,3901.3401496581087
El Salvador,2017,24979190000.0,6213533.0,4020.1267137391883
El Salvador,2018,26020853736.0,6219807.0,4183.5468103753055
El Salvador,2019,26881136766.0,6222318.0,4320.116195604275
El Salvador,2020,24921192366.0,6234673.0,3997.1931753277195
El Salvador,2021,29043144334.0,6255782.0,4642.608123812499
El Salvador,2022,31870108029.0,6280319.0,5074.600196104689
El Salvador,2023,33853941460.0,6309624.0,5365.445145384258
El Salvador,2024,35364967208.0,6338193.0,5579.660828882932
Equatorial Guinea,2014,21765550301.22571,1399828.0,15548.731916510966
Equatorial Guinea,2015,13185496881.40524,1453923.0,9068.9100326532
Equatorial Guinea,2016,11240814853.385386,1508186.0,7453.2019614194705
Equatorial Guinea,2017,12200908721.079205,1562396.0,7809.101355276898
Equatorial Guinea,2018,13097013924.579618,1616422.0,8102.471956320576
Equatorial Guinea,2019,11364131839.505571,1670177.0,6804.148206750286
Equatorial Guinea,2020,9893812489.132042,1716468.0,5764.052979217813
Equatorial Guinea,2021,12215879670.85068,1758786.0,6945.631629345855
Equatorial Guinea,2022,13486780225.960556,1803545.0,7477.928316709899
Equatorial Guinea,2023,12116924719.687384,1847549.0,6558.378002254546
Equatorial Guinea,2024,12288384241.422775,1892516.0,6493.146816947796
Eritrea,2014,2604234146.3414636,3095173.0,841.3856499592958
Eritrea,2015,2013196747.9674797,3105546.0,648.2585503378407
Eritrea,2016,2173713029.315961,3124698.0,695.6553975187237
Eritrea,2017,1903966832.504146,3150347.0,604.3673387420961
Eritrea,2018,2005658374.7927032,3192760.0,628.1895209137872
Eritrea,2019,1981857048.092869,3240194.0,611.6476507557477
Eritrea,2020,2112199004.9751244,3291271.0,641.7578512906182
Eritrea,2021,2211953997.2802653,3350183.0,660.2487079900607
Eritrea,2022,2383297748.1260366,3409447.0,699.02765701477
Eritrea,2023,2275290215.588723,3470390.0,655.629544687693
Eritrea,2024,1917081260.364843,3535603.0,542.2218672076143
Estonia,2014,27055689003.003433,1314452.0,20583.246100278622
Estonia,2015,23311847750.93947,1314576.0,17733.35870344466
Estonia,2016,24561027787.790234,1315849.0,18665.53668984073
Estonia,2017,27469461919.11912,1317425.0,20850.87342286591
Estonia,2018,31222632740.724163,1321965.0,23618.350516635586
Estonia,2019,31873748770.03079,1326822.0,24022.626071945437
Estonia,2020,31820771493.89682,1329669.0,23931.347947419108
Estonia,2021,37204563051.47227,1331749.0,27936.61797491289
Estonia,2022,38376046174.97101,1350091.0,28424.784829297438
Estonia,2023,41291245222.19489,1367196.0,30201.408738904218
Estonia,2024,42764929169.32582,1360546.0,31432.18176329637
Ethiopia,2014,54163248201.86159,101115610.0,535.6566429442654
Ethiopia,2015,63078657756.0862,103867135.0,607.3014120981213
Ethiopia,2016,72157653325.82938,106718162.0,676.151575078939
Ethiopia,2017,76794686090.07782,109666481.0,700.2566818030554
Ethiopia,2018,80210324516.25772,112664152.0,711.9418474499122
Ethiopia,2019,92561902026.33322,115737383.0,799.758035191907
Ethiopia,2020,96622412983.15054,118917671.0,812.5151810545511
Ethiopia,2021,99260118079.71184,122138588.0,812.6843424758754
Ethiopia,2022,118961944879.9465,125384287.0,948.778732377738
Ethiopia,2023,159746493580.88156,128691692.0,1241.3116270231458
Ethiopia,2024,142275398699.7599,132059767.0,1077.3561239113794
Fiji,2014,4857103868.983349,917585.0,5293.355786094312
Fiji,2015,4682480322.090374,918578.0,5097.53153470949
Fiji,2016,4930213777.479193,919166.0,5363.790411611388
Fiji,2017,5353468384.173433,918759.0,5826.847284405849
Fiji,2018,5581425888.57119,917180.0,6085.420406649938
Fiji,2019,5344904753.28067,914899.0,5842.070822331941
Fiji,2020,4227724978.171026,914963.0,4620.65130302649
Fiji,2021,4158851775.1412673,916711.0,4536.709797462087
Fiji,2022,4977864224.070704,919422.0,5414.123464601352
Fiji,2023,5476675327.370701,924145.0,5926.207821684585
Fiji,2024,5968123692.633249,928784.0,6425.739130554843
Finland,2014,273478528954.897,5461684.0,50072.19915229387
Finland,2015,233210733506.25015,5479717.0,42558.901035628325
Finland,2016,238777818792.6142,5495469.0,43449.94372502405
Finland,2017,253846138440.00272,5508396.0,46083.49480320636
Finland,2018,273869255596.07367,5515736.0,49652.35022054603
Finland,2019,267014821129.4069,5521759.0,48356.84084173302
Finland,2020,270000311606.2218,5529612.0,48828.07538869306
Finland,2021,294223210496.1193,5541075.0,53098.57933634165
Finland,2022,280253099309.3399,5569299.0,50321.07259986219
Finland,2023,295050095447.06433,5601185.0,52676.37034789323
Finland,2024,298696961297.6565,5617310.0,53174.37729049251
France,2014,2861236112552.3794,66841142.0,42806.511482888476
France,2015,2442483452642.5015,67080971.0,36410.97342855251
France,2016,2470407619777.195,67260373.0,36729.020515202836
France,2017,2588868323334.734,67469032.0,38371.20893234001
France,2018,2781576320884.344,67706406.0,41082.91201994009
France,2019,2722793515171.715,67917133.0,40089.93599850151
France,2020,2647926055110.001,68104157.0,38880.53492990158
France,2021,2966433692008.092,68291492.0,43437.82226939912
France,2022,2794788137066.94,68486680.0,40807.76199206824
France,2023,3056250648138.2925,68655641.0,44515.65237207956
France,2024,3160442622465.081,68780449.0,45949.72362662362
French Polynesia,2014,6151996534.960766,276387.0,22258.632044780563
French Polynesia,2015,5325846341.790897,277866.0,19166.959404140474
French Polynesia,2016,5497036486.744865,279178.0,19690.077609069718
French Polynesia,2017,5833352684.452636,280087.0,20826.931219416238
French Polynesia,2018,6135116260.648135,279815.0,21925.616070075353
French Polynesia,2019,6022276207.18983,279034.0,21582.589244285035
French Polynesia,2020,5574821979.428165,279209.0,19966.483814734358
French Polynesia,2021,5994931262.202752,279792.0,21426.385537123122
French Polynesia,2022,5622688326.95865,280378.0,20053.956897326643
French Polynesia,2023,6137447765.2148285,281118.0,21832.283116751074
French Polynesia,2024,6323172420.629362,281807.0,22437.953708138415
Gabon,2014,18203881656.338764,1978399.0,9201.319681388215
Gabon,2015,14383172777.224249,2040989.0,7047.158400767593
Gabon,2016,14023829320.476809,2100306.0,6677.0410218686275
Gabon,2017,14929646484.180428,2156900.0,6921.807447809554
Gabon,2018,16867332320.414202,2212318.0,7624.2801986035465
Gabon,2019,16874405460.196362,2267706.0,7441.178644937378
Gabon,2020,15342277141.542412,2322539.0,6605.821104206393
Gabon,2021,19444911680.235355,2376722.0,8181.399288699038
Gabon,2022,20440724178.517433,2430747.0,8409.235588285179
Gabon,2023,20055731425.235783,2484789.0,8071.402209699006
Gabon,2024,20867044949.291782,2538952.0,8218.763075982446
Gambia,2014,1229462227.7153862,2164528.0,568.0047694995797
Gambia,2015,1378177509.3345022,2224529.0,619.536769057406
Gambia,2016,1484577991.0543168,2283769.0,650.0561094639243
Gambia,2017,1504909700.945071,2342189.0,642.522743017353
Gambia,2018,1667680798.8442843,2399632.0,694.973562131312
Gambia,2019,1813610388.2672825,2456844.0,738.187035183057
Gambia,2020,1812170701.6129825,2515733.0,720.335067995285
Gambia,2021,2048910157.1958685,2576010.0,795.3812901331394
Gambia,2022,2204762612.0947976,2636470.0,836.2555280715493
Gambia,2023,2299237827.9409347,2697845.0,852.2497874936976
Gambia,2024,2372170597.67286,2759988.0,859.4858375010544
Georgia,2014,17966244475.174694,3792916.0,4736.789445159
Georgia,2015,15223869962.58097,3791573.0,4015.1857718632796
Georgia,2016,15444674287.464745,3792057.0,4072.9014061404523
Georgia,2017,16473034641.7839,3792859.0,4343.1708486352645
Georgia,2018,17905435774.218002,3794877.0,4718.3178201080045
Georgia,2019,17645041000.019516,3796722.0,4647.440871367331
Georgia,2020,16014239786.749329,3795678.0,4219.072267655299
Georgia,2021,18849306399.542683,3788451.0,4975.465275792846
Georgia,2022,24984589200.329197,3794784.0,6583.929203962385
Georgia,2023,30777794546.46355,3807492.0,8083.482393781405
Georgia,2024,34191614149.733295,3807670.0,8979.668445462263
Germany,2014,3965800686309.732,81376080.0,48734.23107023258
Germany,2015,3423568450957.033,82077550.0,41711.38698653936
Germany,2016,3537784107980.6514,82760102.0,42747.45949419747
Germany,2017,3763092263752.9814,83104007.0,45281.71865109923
Germany,2018,4052008447223.459,83368505.0,48603.58773644146
Germany,2019,3957208055215.614,83559186.0,47358.14510227055
Germany,2020,3940142541354.029,83628708.0,47114.71258594631
Germany,2021,4348297440387.527,83697083.0,51952.79553992971
Germany,2022,4163596357879.398,84086227.0,49515.79475529801
Germany,2023,4525703903627.536,84548231.0,53528.07326776046
Germany,2024,4659929336890.629,84552242.0,55113.0192016745
Ghana,2014,54783320579.30487,28041592.0,1953.6451632027479
Ghana,2015,49406014244.62216,28696068.0,1721.6997898326058
Ghana,2016,56164933476.84684,29356742.0,1913.1868746486527
Ghana,2017,60405920078.91757,30008354.0,2012.9701242166623
Ghana,2018,67298913746.135765,30637585.0,2196.612877488084
Ghana,2019,68337974427.584885,31258945.0,2186.189406826906
Ghana,2020,70043095502.71417,31887809.0,2196.547762272227
Ghana,2021,79524421863.85794,32518665.0,2445.5008181872763
Ghana,2022,74263364044.0501,33149152.0,2240.2794510112985
Ghana,2023,80554921117.3817,33787914.0,2384.1341941790693
Ghana,2024,82937860570.36188,34427414.0,2409.06449059351
Greece,2014,233911581521.0589,10893166.0,21473.241252456715
Greece,2015,194567373678.09933,10820903.0,17980.696590487813
Greece,2016,193097239005.87543,10775504.0,17920.01924048058
Greece,2017,200381103984.2998,10753533.0,18633.978617473884
Greece,2018,213298873494.39,10730844.0,19877.175876789377
Greece,2019,207305649887.0158,10718576.0,19340.782757617784
Greece,2020,191362985554.8579,10699369.0,17885.445913198986
Greece,2021,218303801895.32596,10579561.0,20634.48586338563
Greece,2022,218880566444.34933,10412480.0,21020.98313219803
Greece,2023,243498333237.8026,10242908.0,23772.383119891598
Greece,2024,257144811301.67288,10047817.0,25592.10735044964
Greenland,2014,2842065877.1544285,56173.0,50594.874355196065
Greenland,2015,2499098222.0186925,56021.0,44610.02520516757
Greenland,2016,2707139441.016124,56061.0,48289.17502392258
Greenland,2017,2851613477.9480386,56071.0,50857.189597974684
Greenland,2018,3055782249.39624,56074.0,54495.52821978529
Greenland,2019,2997325138.6464543,56084.0,53443.497943200455
Greenland,2020,3089625457.9840837,56080.0,55093.17863737667
Greenland,2021,3293594329.9060264,56041.0,58771.15558084307
Greenland,2022,3152348965.0092287,55990.0,56301.99973225984
Greenland,2023,3326544174.363354,55922.0,59485.42924722568
Greenland,2024,3466420634.9481697,55840.0,62077.73343388556
Grenada,2014,911496492.9629627,114132.0,7986.335935258847
Grenada,2015,997008748.5185184,114676.0,8694.136074841454
Grenada,2016,1061640815.1851852,115130.0,9221.23525740628
Grenada,2017,1125685976.6666665,115438.0,9751.433467893297
Grenada,2018,1166514814.8148148,115691.0,10083.02127922496
Grenada,2019,1213485185.1851852,115981.0,10462.792915953347
Grenada,2020,1043411111.111111,116341.0,8968.558901084838
Grenada,2021,1122819682.5925925,116688.0,9622.409181686142
Grenada,2022,1224007407.4074073,116913.0,10469.386701285634
Grenada,2023,1336418518.5185184,117081.0,11414.478169118118
Grenada,2024,1371918518.5185184,117207.0,11705.090297665825
Guatemala,2014,57852150461.18632,15681725.0,3689.1445591085367
Guatemala,2015,62186064755.19003,15971743.0,3893.505220763321
Guatemala,2016,66053402645.120605,16268760.0,4060.137505570222
Guatemala,2017,71653756545.12634,16567357.0,4324.996228736203
Guatemala,2018,73328369928.24173,16845685.0,4352.946759258631
Guatemala,2019,77172313912.78384,17103803.0,4511.997355955506
Guatemala,2020,77719464225.39224,17357325.0,4477.617618232777
Guatemala,2021,86455515963.44727,17598650.0,4912.622045636868
Guatemala,2022,95641444318.6562,17847877.0,5358.7014477215525
Guatemala,2023,104368757733.13445,18124838.0,5758.327756261018
Guatemala,2024,113199593294.87032,18406359.0,6150.026373758673
Guinea,2014,10793945499.218128,11472924.0,940.8190535575873
Guinea,2015,11386702454.907091,11767070.0,967.6752543247462
Guinea,2016,11720225832.0183,12073030.0,970.7774959573776
Guinea,2017,14823754961.138191,12385659.0,1196.8483034401472
Guinea,2018,17926617651.28254,12704774.0,1411.0142889029382
Guinea,2019,20504352061.20385,13034346.0,1573.1017161278248
Guinea,2020,23459093471.096542,13371183.0,1754.4516047006866
Guinea,2021,25558168064.629,13710513.0,1864.1292316800254
Guinea,2022,30608735750.71697,14055137.0,2177.761465485322
Guinea,2023,34670556165.0417,14405468.0,2406.7636098349394
Guinea,2024,36464705962.798744,14754785.0,2471.381722119214
Guinea-Bissau,2014,1054915717.6735692,1741122.0,605.8827110757139
Guinea-Bissau,2015,1048229796.4243406,1786457.0,586.7646388490407
Guinea-Bissau,2016,1179004190.668522,1831893.0,643.5988295541944
Guinea-Bissau,2017,1350177012.3286514,1877072.0,719.2995326384131
Guinea-Bissau,2018,1427473461.7653155,1922168.0,742.6372001642497
Guinea-Bissau,2019,1365329762.1079822,1967696.0,693.8723065493766
Guinea-Bissau,2020,1396562029.6553173,2013255.0,693.6836265924175
Guinea-Bissau,2021,1581029017.27242,2058841.0,767.9218634525055
Guinea-Bissau,2022,1577536837.5523088,2105529.0,749.2353881387095
Guinea-Bissau,2023,1841421708.5347185,2153339.0,855.1471498610848
Guinea-Bissau,2024,2007745286.3119328,2201352.0,912.0509969836413
Guyana,2014,4127660158.473245,754229.0,5472.688213358602
Guyana,2015,4279840193.7046,758781.0,5640.41560569466
Guyana,2016,4482697336.561744,763548.0,5870.878237598348
Guyana,2017,4748174334.140436,768479.0,6178.665043729804
Guyana,2018,4787637005.536404,791556.0,6048.386981510346
Guyana,2019,5173760191.846522,807665.0,6405.824434445621
Guyana,2020,5474058434.047961,807481.0,6779.179242666962
Guyana,2021,8044508393.285372,815482.0,9864.72833647508
Guyana,2022,14718387016.7482,821637.0,17913.49101458211
Guyana,2023,16918503650.32614,826353.0,20473.70028344562
Guyana,2024,24658680340.705036,831087.0,29670.395928109858
Haiti,2014,14940990008.885605,10373235.0,1440.3404539553576
Haiti,2015,14204411792.08772,10523242.0,1349.8132792239996
Haiti,2016,13333356319.390917,10671457.0,1249.4410387813882
Haiti,2017,15237363268.777346,10817754.0,1408.5514672248366
Haiti,2018,15822209353.93159,10962362.0,1443.3211888032515
Haiti,2019,14006805867.368408,11105163.0,1261.2877332253843
Haiti,2020,15505191548.291426,11243848.0,1378.9933435858813
Haiti,2021,19043724953.741966,11374586.0,1674.2345570855912
Haiti,2022,18751270946.042316,11503606.0,1630.0341776345883
Haiti,2023,19841218251.538055,11637398.0,1704.9531391414178
Haiti,2024,25312210441.382763,11772557.0,2150.1030270129727
Honduras,2014,19756557482.174644,9063122.0,2179.884313835193
Honduras,2015,20979782571.795395,9237305.0,2271.201673193144
Honduras,2016,21717608960.101578,9412380.0,2307.3451093242707
Honduras,2017,23136248046.297897,9588137.0,2413.0076621034823
Honduras,2018,24067754649.55891,9765210.0,2464.6428135758383
Honduras,2019,24882225828.216915,9943633.0,2502.327451970212
Honduras,2020,23352237010.36078,10119640.0,2307.615390504087
Honduras,2021,28144331126.61584,10289877.0,2735.1474781103643
Honduras,2022,31426042154.4645,10463872.0,3003.2900014893626
Honduras,2023,34355805774.20503,10644851.0,3227.45764822871
Honduras,2024,37093565193.59142,10825703.0,3426.4347722814327
Hungary,2014,141128696412.3219,9862842.0,14309.130817701622
Hungary,2015,125244126623.28946,9839211.0,12729.082303783247
Hungary,2016,128983560865.29254,9810532.0,13147.458350402663
Hungary,2017,143335098991.86218,9785604.0,14647.547457659453
Hungary,2018,161184691013.8352,9774394.0,16490.50478360451
Hungary,2019,164936682033.99158,9770346.0,16881.35527994521
Hungary,2020,158468487754.19684,9749457.0,16254.08345861691
Hungary,2021,183282685440.4858,9707850.0,18879.843162027206
Hungary,2022,177536698164.9018,9684306.0,18332.413098563986
Hungary,2023,214022571311.2396,9686463.0,22095.017687182575
Hungary,2024,222904723252.1098,9676135.0,23036.54540290207
Iceland,2014,18052183514.86967,327512.0,55119.15140474142
Iceland,2015,17700486957.190662,330952.0,53483.54733372411
Iceland,2016,21083713310.457214,335574.0,62828.80470613699
Iceland,2017,25060086487.89031,343531.0,72948.54463757364
Iceland,2018,26677652544.349865,352854.0,75605.35673210412
Iceland,2019,24985687022.04539,360700.0,69269.9945163443
Iceland,2020,22034665040.790253,366614.0,60103.17402169653
Iceland,2021,26234872402.45698,372644.0,70401.97186176882
Iceland,2022,29166102877.27552,380356.0,76681.06425894563
Iceland,2023,31712488278.23169,387558.0,81826.43185853909
Iceland,2024,33222368945.21678,393396.0,84450.19508387677
India,2014,2042939289737.612,1312277191.0,1556.789452524754
India,2015,2146758604758.9873,1328024498.0,1616.5052738048114
India,2016,2290586637671.1943,1343944296.0,1704.3761742869099
India,2017,2624329038244.961,1359657400.0,1930.1399295476647
India,2018,2763534978088.821,1374659064.0,2010.342091694687
India,2019,2854799153709.0293,1389030312.0,2055.2461159746304
India,2020,2679380844112.571,1402617695.0,1910.2716682271507
India,2021,3192374582256.483,1414203896.0,2257.365144648479
India,2022,3420984268428.1807,1425423212.0,2399.977943131868
India,2023,3646878906659.231,1438069596.0,2535.954391083052
India,2024,3952244449119.47,1450935791.0,2723.9278771912727
Indonesia,2014,890814755511.2913,258877399.0,3441.0680845541533
Indonesia,2015,860854232717.8527,261799249.0,3288.2226973762354
Indonesia,2016,931877364033.9092,264627418.0,3521.4694345614225
Indonesia,2017,1015618744168.1512,267346658.0,3798.8832617767425
Indonesia,2018,1042271532953.3672,269951846.0,3860.9535307766228
Indonesia,2019,1119099871386.1587,272489381.0,4106.948561735544
Indonesia,2020,1059054842711.722,274814866.0,3853.702887789637
Indonesia,2021,1186509691071.008,276758053.0,4287.173139894174
Indonesia,2022,1319101183361.4617,278830529.0,4730.834848294039
Indonesia,2023,1371169301559.0684,281190067.0,4876.307745106332
Indonesia,2024,1396300098219.9463,283487931.0,4925.430487620816
"Iran, Islamic Republic of",2014,472394813099.6698,81502045.0,5796.109939323238
"Iran, Islamic Republic of",2015,417210198857.4591,82619362.0,5049.7872261160655
"Iran, Islamic Republic of",2016,466083117938.72,83812228.0,5561.039588861901
"Iran, Islamic Republic of",2017,503710010468.6609,85026754.0,5924.13548409317
"Iran, Islamic Republic of",2018,306564516916.3884,86117998.0,3559.8193645466354
"Iran, Islamic Republic of",2019,302055685326.63,87051648.0,3469.8445378843376
"Iran, Islamic Republic of",2020,316312592726.56476,87723443.0,3605.7931826338004
"Iran, Islamic Republic of",2021,346887666991.412,88455488.0,3921.6070685338595
"Iran, Islamic Republic of",2022,385704212923.0468,89524246.0,4308.377117446449
"Iran, Islamic Republic of",2023,421786744468.65625,90608707.0,4655.035464402513
"Iran, Islamic Republic of",2024,448091514569.64325,91567738.0,4893.552296439203
Iraq,2014,228415656174.95712,36550059.0,6249.3922697896905
Iraq,2015,166774104911.4796,37560535.0,4440.141891255798
Iraq,2016,166602488747.88495,38469627.0,4330.75394122966
Iraq,2017,187217652027.02704,39337353.0,4759.284439576477
Iraq,2018,227367469034.03085,40265624.0,5646.689320747416
Iraq,2019,233636097800.3384,41192171.0,5671.856863294202
Iraq,2020,180924091023.48993,42116605.0,4295.790010222569
Iraq,2021,209691945724.1379,43071211.0,4868.494311064017
Iraq,2022,287372232137.931,44070551.0,6520.73154560584
Iraq,2023,269546852342.85715,45074049.0,5980.089615265253
Iraq,2024,279641257615.38464,46042015.0,6073.610323427084
Ireland,2014,266787238499.02615,4658239.0,57272.12332794134
Ireland,2015,302391428540.035,4702487.0,64304.57511951335
Ireland,2016,305733136180.9154,4753503.0,64317.43835670566
Ireland,2017,348532394023.59784,4810261.0,72456.02557191758
Ireland,2018,395461216460.4112,4872556.0,81160.93821403205
Ireland,2019,407124824064.9886,4933491.0,82522.6647955755
Ireland,2020,436555518400.44354,4982606.0,87615.90187954728
Ireland,2021,531306516907.9837,5028426.0,105660.60172864902
Ireland,2022,548570250341.9871,5110016.0,107351.96334844883
Ireland,2023,551394889339.7789,5196630.0,106106.2437271422
Ireland,2024,577389475009.9224,5255017.0,109873.94998149812
Israel,2014,314376808345.6193,7897179.0,39808.74795235354
Israel,2015,302839421722.91095,8052908.0,37606.2189860993
Israel,2016,321082870843.7128,8210005.0,39108.73024361287
Israel,2017,357361056886.2754,8361797.0,42737.35141935106
Israel,2018,375470467919.75903,8510067.0,44120.74169565986
Israel,2019,399209201846.3407,8657474.0,46111.51033735021
Israel,2020,410909477504.8517,8800376.0,46692.263774280975
Israel,2021,489735454314.2609,8942924.0,54762.34107706394
Israel,2022,525159182604.18854,9103151.0,57689.82439203618
Israel,2023,513394309224.5506,9256314.0,55464.22790157622
Israel,2024,542285544570.3429,9387021.0,57769.71677919362
Italy,2014,2173255507985.8037,60664171.0,35824.36670874154
Italy,2015,1845428048839.1023,60575316.0,30465.01728260241
Italy,2016,1887111188176.983,60478107.0,31203.211902399373
Italy,2017,1970720904584.727,60390318.0,32633.060560878766
Italy,2018,2099435266458.63,60277499.0,34829.5019084755
Italy,2019,2019606796583.492,60130136.0,33587.26473832509
Italy,2020,1907481094079.1943,59912769.0,31837.638719038245
Italy,2021,2179207773596.089,59729350.0,36484.70598786173
Italy,2022,2104067630319.4656,59619115.0,35291.82931211685
Italy,2023,2316727999333.1807,59499453.0,38936.962989108164
Italy,2024,2380825077243.5957,59342867.0,40119.81890331648
Jamaica,2014,14503045717.266214,2793749.0,5191.248647343127
Jamaica,2015,14963591879.775734,2802534.0,5339.30788342826
Jamaica,2016,14898992641.17323,2809915.0,5302.293002163136
Jamaica,2017,15783575153.220806,2815764.0,5605.432540944769
Jamaica,2018,16855454298.712372,2820097.0,5976.905864838114
Jamaica,2019,17026269091.650036,2823271.0,6030.688903633422
Jamaica,2020,15000214241.944592,2830739.0,5299.045317121992
Jamaica,2021,15963885594.122087,2837682.0,5625.678139453994
Jamaica,2022,18813510351.74453,2839144.0,6626.472750851852
Jamaica,2023,21418812608.26899,2839786.0,7542.403761504913
Jamaica,2024,22014396088.494034,2839175.0,7753.8003428791935
Japan,2014,4896994405353.338,127486605.0,38411.83475984271
Japan,2015,4444930651964.18,127275872.0,34923.59221050302
Japan,2016,5003677627544.24,127159951.0,39349.47747458821
Japan,2017,4930837369151.422,127064690.0,38805.72462067488
Japan,2018,5040880939324.859,126913432.0,39719.04990580398
Japan,2019,5117993853016.508,126699424.0,40394.768116834595
Japan,2020,5054068005376.275,126304543.0,40014.934422242244
Japan,2021,5039148168861.225,125679338.0,40095.27937568564
Japan,2022,4262463317796.56,124997578.0,34100.367271088726
Japan,2023,4213167237905.8257,124370947.0,33875.8153695318
Japan,2024,4026210821146.8345,123753041.0,32534.23745075351
Jordan,2014,36847605633.80282,8791710.0,4191.176191412457
Jordan,2015,38587042253.521126,9544729.0,4042.7593338188153
Jordan,2016,39892253521.12676,10006367.0,3986.687028481642
Jordan,2017,41608450704.22536,10234226.0,4065.617732520794
Jordan,2018,43370845070.42254,10462306.0,4145.438402434658
Jordan,2019,44502957746.478874,10671891.0,4170.109847118835
Jordan,2020,43700382760.563385,10865228.0,4022.0401045024905
Jordan,2021,46296099701.408455,11066356.0,4183.499943559421
Jordan,2022,48764788732.39437,11256263.0,4332.236083360381
Jordan,2023,51088732394.3662,11439213.0,4466.105526172666
Jordan,2024,53352289632.39437,11552876.0,4618.095929740298
Kazakhstan,2014,221415614007.34863,17816285.0,12427.709480812
Kazakhstan,2015,184388404428.84335,18084169.0,10196.122610269975
Kazakhstan,2016,137278320084.17114,18363600.0,7475.566886894244
Kazakhstan,2017,166805788966.78067,18651931.0,8943.0841754015
Kazakhstan,2018,179339977517.06183,18932727.0,9472.485264117622
Kazakhstan,2019,181667185041.4802,19209555.0,9457.126156305036
Kazakhstan,2020,171082370082.17245,19482117.0,8781.508194523853
Kazakhstan,2021,197112255595.4051,19743603.0,9983.601047661114
Kazakhstan,2022,225496328925.4941,20034609.0,11255.339643788113
Kazakhstan,2023,261840101059.9235,20330104.0,12879.427525797384
Kazakhstan,2024,291480274648.82587,20592571.0,14154.632495807633
Kenya,2014,68285825096.89438,46051440.0,1482.81628320188
Kenya,2015,70120543426.20108,47088526.0,1489.121647727964
Kenya,2016,74815138870.50143,48139687.0,1554.125993185237
Kenya,2017,82036511258.83318,49197766.0,1667.4844800642609
Kenya,2018,92202979940.67096,50207107.0,1836.4527544013033
Kenya,2019,100378435824.1784,51202827.0,1960.4080810651024
Kenya,2020,100657505600.65482,52217334.0,1927.6645874079825
Kenya,2021,109703659312.8718,53219166.0,2061.3562285600606
Kenya,2022,114448977956.80228,54252461.0,2109.5628815216746
Kenya,2023,107500884869.79752,55339003.0,1942.588030901054
Kenya,2024,120339557656.6062,56432944.0,2132.4345165583813
Kingdom of Eswatini,2014,4286002803.57148,1136299.0,3771.8970126449813
Kingdom of Eswatini,2015,3905371403.928523,1142813.0,3417.3319728849106
Kingdom of Eswatini,2016,3723971451.814416,1149507.0,3239.624858147376
Kingdom of Eswatini,2017,4465533243.432915,1158195.0,3855.597065634815
Kingdom of Eswatini,2018,4646863373.848156,1168929.0,3975.31704136706
Kingdom of Eswatini,2019,4616996071.23041,1179874.0,3913.1263772491043
Kingdom of Eswatini,2020,4120551991.3893495,1192729.0,3454.7260873084747
Kingdom of Eswatini,2021,4785729936.446805,1206593.0,3966.3166755043376
Kingdom of Eswatini,2022,4741117541.289186,1218917.0,3889.6147492316422
Kingdom of Eswatini,2023,4604127224.983836,1230506.0,3741.6536164665886
Kingdom of Eswatini,2024,4947242336.363782,1242822.0,3980.6523672446915
Kiribati,2014,200287222.80490005,115326.0,1736.7048437030683
Kiribati,2015,191559360.1666937,116815.0,1639.85241764066
Kiribati,2016,206467837.79473615,118478.0,1742.6681560689424
Kiribati,2017,222875711.74262565,120275.0,1853.0510225951
Kiribati,2018,233514678.4386176,122084.0,1912.7377743079976
Kiribati,2019,216985431.3527573,123921.0,1750.998066128883
Kiribati,2020,220897980.38668135,126099.0,1751.7821742177284
Kiribati,2021,285560282.77501464,128377.0,2224.3881908364788
Kiribati,2022,271171332.94705945,130469.0,2078.4349764852914
Kiribati,2023,291415739.8507213,132530.0,2198.866217842913
Kiribati,2024,343042283.58822066,134518.0,2550.158964511966
Kosovo,2014,7074392884.04497,1808980.0,3910.70818032536
Kosovo,2015,6295844355.846098,1779020.0,3538.9396161066757
Kosovo,2016,6682676276.767905,1761764.0,3793.173363042896
Kosovo,2017,7180768692.263607,1768119.0,4061.2474003523557
Kosovo,2018,7878763993.155942,1767741.0,4456.9673912388425
Kosovo,2019,7899204690.792011,1755042.0,4500.863620809081
Kosovo,2020,7734496313.557865,1751417.0,4416.136370469092
Kosovo,2021,9412100727.798298,1741446.0,5404.761748454042
Kosovo,2022,9367634255.595375,1717946.0,5452.810656211182
Kosovo,2023,10466753839.992352,1700031.0,6156.801752434133
Kosovo,2024,11154362156.4998,1684790.0,6620.62462176283
Kuwait,2014,162650542606.27515,3665766.0,44370.13781192666
Kuwait,2015,114584570271.71413,3834454.0,29882.890829232565
Kuwait,2016,109406169162.83289,4003971.0,27324.415976747307
Kuwait,2017,120687635293.155,4154685.0,29048.564522498094
Kuwait,2018,138646089714.40433,4323387.0,32068.859372155286
Kuwait,2019,140856319232.12152,4442194.0,31708.72754141794
Kuwait,2020,111045426310.92558,4400144.0,25236.77095816082
Kuwait,2021,148350617137.50928,4360742.0,34019.581332146976
Kuwait,2022,183501954142.17328,4589511.0,39982.89886268347
Kuwait,2023,165384216539.37662,4838782.0,34178.89389093714
Kuwait,2024,160227456587.9068,4934507.0,32470.81351549543
Kyrgyzstan,2014,7468102369.136539,5898319.0,1266.1408053949845
Kyrgyzstan,2015,6751853114.715415,6001882.0,1124.955991256645
Kyrgyzstan,2016,6964252799.882317,6108462.0,1140.0992262671548
Kyrgyzstan,2017,7960704639.463007,6220150.0,1279.8251874091472
Kyrgyzstan,2018,8642188048.137302,6341732.0,1362.748859166124
Kyrgyzstan,2019,9371275240.096672,6494035.0,1443.0589364080533
Kyrgyzstan,2020,8270468645.898665,6664140.0,1241.0406512916393
Kyrgyzstan,2021,9249133945.551924,6820479.0,1356.082753946156
Kyrgyzstan,2022,12134931512.713211,6955788.0,1744.5804145717511
Kyrgyzstan,2023,15180842440.97738,7073516.0,2146.152272925852
Kyrgyzstan,2024,17478259731.343605,7186009.0,2432.2624326442683
Lao People's Democratic Republic,2014,13279245886.472029,6703172.0,1981.0391090176454
Lao People's Democratic Republic,2015,14426328954.206297,6801645.0,2121.005867581489
Lao People's Democratic Republic,2016,15912516429.375818,6908802.0,2303.223689052866
Lao People's Democratic Republic,2017,17064939422.83434,7018147.0,2431.5448825501003
Lao People's Democratic Republic,2018,18141664442.699524,7128045.0,2545.1108182818043
Lao People's Democratic Republic,2019,18740609777.329205,7237636.0,2589.3274789350007
Lao People's Democratic Republic,2020,19116011770.661022,7346533.0,2602.045314526052
Lao People's Democratic Republic,2021,19074369893.06516,7453194.0,2559.220904898646
Lao People's Democratic Republic,2022,15362017635.915771,7559007.0,2032.279853149464
Lao People's Democratic Republic,2023,15008048669.253124,7664993.0,1957.9990052506407
Lao People's Democratic Republic,2024,16129409820.490602,7769819.0,2075.9054773979424
Latvia,2014,30277203767.405334,1994149.0,15183.019808151414
Latvia,2015,26344565876.89025,1977867.0,13319.685235099352
Latvia,2016,27117105059.50821,1959863.0,13836.224807299392
Latvia,2017,29391059767.426197,1942594.0,15129.800548867235
Latvia,2018,33247935477.35707,1927588.0,17248.465687354907
Latvia,2019,33099503950.84645,1914263.0,17290.990815183937
Latvia,2020,33379927434.614307,1901123.0,17558.00515517108
Latvia,2021,38183326784.933495,1885587.0,20250.10078290394
Latvia,2022,38003198508.91069,1881063.0,20203.043975087858
Latvia,2023,42779550936.83806,1882396.0,22726.11657527856
Latvia,2024,43684254432.36098,1871871.0,23337.214173605433
Lebanon,2014,48067657569.77579,6346990.0,7573.299716838342
Lebanon,2015,49892750840.47098,6472469.0,7708.45728893734
Lebanon,2016,50618206249.17015,6323060.0,8005.3338493024185
Lebanon,2017,52880425223.7393,6160128.0,8584.306239048816
Lebanon,2018,55289540747.10514,5984119.0,9239.37855298418
Lebanon,2019,44550229489.5887,5794594.0,7688.240019851037
Lebanon,2020,33039288193.178623,5702398.0,5793.928833655354
Lebanon,2021,35266824080.48799,5718122.0,6167.553626957941
Lebanon,2022,38449622846.40855,5744489.0,6693.306027117215
Lebanon,2023,40075624782.22955,5773493.0,6941.313479072297
Lebanon,2024,37990197562.019,5805962.0,6543.30799306282
Lesotho,2014,2441063149.0234213,2080089.0,1173.5378385364381
Lesotho,2015,2359686744.791926,2104611.0,1121.1985230486423
Lesotho,2016,2114426470.3563795,2130422.0,992.491849200008
Lesotho,2017,2306741554.2149186,2157110.0,1069.366677737769
Lesotho,2018,2556247200.9074636,2183603.0,1170.655655312556
Lesotho,2019,2390702225.779312,2209405.0,1082.057036070486
Lesotho,2020,2053699863.897372,2235727.0,918.582574660221
Lesotho,2021,2412303437.0170493,2261542.0,1066.6631161468808
Lesotho,2022,2355137577.6571145,2286110.0,1030.1943378302508
Lesotho,2023,2129871456.32426,2311472.0,921.43510988853
Lesotho,2024,2391161552.844028,2337423.0,1022.9905125619231
Liberia,2014,2321892392.0,4564293.0,508.70800625639066
Liberia,2015,3060137568.0,4659431.0,656.7620741674251
Liberia,2016,3205399715.0,4755608.0,674.025217175175
Liberia,2017,3195941107.0,4848925.0,659.1030191227952
Liberia,2018,3228971965.0,4944726.0,653.0133247019147
Liberia,2019,3108722599.0,5043721.0,616.3549885094754
Liberia,2020,3396273520.0,5149463.0,659.5393577932301
Liberia,2021,4056826118.0,5259323.0,771.3589977265135
Liberia,2022,4632408133.0,5373294.0,862.1170055090975
Liberia,2023,4825903031.0,5493031.0,878.5501175944574
Liberia,2024,5251391945.0,5612817.0,935.6071906495437
Libya,2014,57372352562.48926,6427252.0,8926.420274557348
Libya,2015,48717506272.698456,6531819.0,7458.489935605757
Libya,2016,49912085228.34867,6632126.0,7525.804731144835
Libya,2017,67157451660.2732,6738770.0,9965.832289909464
Libya,2018,76686048499.35323,6849055.0,11196.588215360109
Libya,2019,69254143968.34026,6951033.0,9963.14417847538
Libya,2020,46854430381.85794,7045399.0,6650.358678317288
Libya,2021,35217922909.562126,7135175.0,4935.817679252734
Libya,2022,43246208602.845314,7223805.0,5986.624583975525
Libya,2023,44029921588.02938,7305659.0,6026.8240808980245
Libya,2024,48483768974.29577,7381023.0,6568.705852060855
Liechtenstein,2014,6657450229.505507,37163.0,179141.89461306966
Liechtenstein,2015,6268513139.702879,37400.0,167607.30320061173
Liechtenstein,2016,6237299538.029336,37615.0,165819.47462526482
Liechtenstein,2017,6474310909.506365,37850.0,171051.80738458032
Liechtenstein,2018,6692561377.794068,38129.0,175524.1778644619
Liechtenstein,2019,6436893423.713013,38440.0,167453.00269804924
Liechtenstein,2020,6405031071.445687,38767.0,165218.64140752927
Liechtenstein,2021,7912603785.284719,39044.0,202658.6360333142
Liechtenstein,2022,7426852353.685071,39317.0,188896.72034196585
Liechtenstein,2023,8239379403.22096,39598.0,208075.64531594928
Liechtenstein,2024,8627564414.796,39870.0,216392.3856231753
Lithuania,2014,48347227744.78497,2933168.0,16482.93849680106
Lithuania,2015,41540954817.20393,2905764.0,14296.052541501627
Lithuania,2016,42970749245.03476,2869110.0,14977.03094166301
Lithuania,2017,47756764508.4464,2829313.0,16879.279354545222
Lithuania,2018,54261795148.53632,2802478.0,19362.077114802087
Lithuania,2019,55122066225.79507,2795058.0,19721.260247835668
Lithuania,2020,57412038533.27077,2795765.0,20535.35920696867
Lithuania,2021,67037321008.96792,2794488.0,23989.124665759136
Lithuania,2022,71033884499.78246,2816919.0,25216.871518060143
Lithuania,2023,79789877416.16817,2854099.0,27956.24027623715
Lithuania,2024,84869215513.36491,2859110.0,29683.788141542267
Luxembourg,2014,68804811897.64346,556279.0,123687.59542899061
Luxembourg,2015,60071584216.137535,569536.0,105474.60426757489
Luxembourg,2016,62216885435.95051,583506.0,106625.95660704518
Luxembourg,2017,65712180342.98424,596495.0,110163.84100953778
Luxembourg,2018,71085623495.11328,608101.0,116897.72504092788
Luxembourg,2019,69872035113.64577,620163.0,112667.21025544214
Luxembourg,2020,73670782100.3896,630597.0,116827.0418355774
Luxembourg,2021,86386759695.16528,640274.0,134921.5487356433
Luxembourg,2022,80801680397.01402,653313.0,123679.89064508746
Luxembourg,2023,88788881539.39381,665098.0,133497.4417896217
Luxembourg,2024,93279851863.40633,673036.0,138595.63509738902
Madagascar,2014,12522957401.025097,24764348.0,505.68492257599905
Madagascar,2015,11323020699.921324,25426702.0,445.32006942627964
Madagascar,2016,11848613859.525446,26099952.0,453.9707145639749
Madagascar,2017,13176313593.541948,26788375.0,491.86684871859336
Madagascar,2018,13760033282.598091,27494926.0,500.45718554027354
Madagascar,2019,14104664677.964672,28219554.0,499.8188376033396
Madagascar,2020,13051441203.44134,28953556.0,450.77161518403267
Madagascar,2021,14354731963.094282,29691083.0,483.4694633097177
Madagascar,2022,15325603273.558855,30437261.0,503.51453350414334
Madagascar,2023,15869945477.17399,31195932.0,508.7184276839041
Madagascar,2024,17420814796.964977,31964956.0,544.9973025761392
Malawi,2014,7255810879.301645,16621538.0,436.5306555447303
Malawi,2015,8215974404.767096,17085587.0,480.8716495820188
Malawi,2016,7123821337.999039,17557739.0,405.7368285289489
Malawi,2017,8943558740.05936,18039715.0,495.77051189884986
Malawi,2018,9879234865.725994,18528081.0,533.2033504023431
Malawi,2019,11051871956.843113,19025752.0,580.8901512456965
Malawi,2020,11769330774.391066,19533888.0,602.5083574960123
Malawi,2021,12378139137.24336,20047258.0,617.4479890089387
Malawi,2022,12429078038.783134,20568728.0,604.2706208562404
Malawi,2023,13363694153.94352,21104482.0,633.215927969401
Malawi,2024,11734058062.690935,21655286.0,541.8565269787217
Malaysia,2014,338066202943.6909,30696137.0,11013.314246795644
Malaysia,2015,301354735817.5299,31232798.0,9648.662787673711
Malaysia,2016,301255405902.2211,31789685.0,9476.514344266738
Malaysia,2017,319109142307.8173,32355644.0,9862.549554192688
Malaysia,2018,358788923980.5157,32910967.0,10901.804373615509
Malaysia,2019,365177803705.87494,33440596.0,10920.194236546351
Malaysia,2020,337456189267.0504,33889558.0,9957.527013691073
Malaysia,2021,373784639723.0396,34282399.0,10903.106276869352
Malaysia,2022,407605517199.14874,34695493.0,11748.082588108742
Malaysia,2023,399705002400.7623,35126298.0,11379.081348133024
Malaysia,2024,421972122731.5501,35557673.0,11867.259219453143
Maldives,2014,3697353152.4481134,413617.0,8939.074439513157
Maldives,2015,4129505260.400891,428154.0,9644.906413115119
Maldives,2016,4409942714.70243,443308.0,9947.807652247264
Maldives,2017,4816426412.903225,458287.0,10509.629147026262
Maldives,2018,5404344064.852927,473099.0,11423.283635883667
Maldives,2019,5726094826.468715,487731.0,11740.272458524709
Maldives,2020,3712604694.269756,502118.0,7393.888875263894
Maldives,2021,5252457227.242694,516154.0,10176.143606835738
Maldives,2022,6177123352.8470745,524106.0,11786.019150414371
Maldives,2023,6621008552.438578,525994.0,12587.612315803179
Maldives,2024,7061608115.585268,527799.0,13379.351070360626
Mali,2014,17081681997.482206,18020267.0,947.91503352765
Mali,2015,15583181170.868835,18593022.0,838.1198694256822
Mali,2016,16743796798.052229,19191289.0,872.4685870788684
Mali,2017,18308362053.047077,19813011.0,924.0575323481664
Mali,2018,20368015366.6385,20442030.0,996.3792914225495
Mali,2019,20477421878.23752,21068405.0,971.9493183388832
Mali,2020,20698560956.36435,21713836.0,953.242944100911
Mali,2021,22999245261.298904,22388630.0,1027.2734535922432
Mali,2022,22374051353.159184,23072640.0,969.7222057449509
Mali,2023,24621545558.13716,23769127.0,1035.8624260006336
Mali,2024,26588067748.38928,24478595.0,1086.1762183813769
Malta,2014,11888089268.431158,434485.0,27361.33415061776
Malta,2015,11340775060.234385,444981.0,25485.975941072506
Malta,2016,12025727488.833046,455269.0,26414.55378871183
Malta,2017,14161344323.882504,467902.0,30265.620415989895
Malta,2018,16153804357.80364,484558.0,33337.19463470553
Malta,2019,16337834890.980091,504015.0,32415.374326121426
Malta,2020,16404677395.174862,518207.0,31656.61095889261
Malta,2021,19728344920.15472,524376.0,37622.51689656796
Malta,2022,18939185061.673244,528192.0,35856.6299029013
Malta,2023,22623815999.60827,532956.0,42449.6881536342
Malta,2024,25030048339.843773,539607.0,46385.69985163975
Marshall Islands,2014,185172867.0,49796.0,3718.6293477387744
Marshall Islands,2015,182997299.0,48800.0,3749.944651639344
Marshall Islands,2016,200715988.0,47709.0,4207.088557714477
Marshall Islands,2017,212701248.0,46529.0,4571.369425519569
Marshall Islands,2018,219330307.0,45285.0,4843.332383791542
Marshall Islands,2019,232092270.0,44007.0,5273.985275069876
Marshall Islands,2020,241722351.0,42706.0,5660.14965110289
Marshall Islands,2021,259538666.0,41367.0,6274.050958493485
Marshall Islands,2022,254047020.0,40077.0,6338.972977019238
Marshall Islands,2023,259967870.0,38827.0,6695.543565044943
Marshall Islands,2024,281285469.0,37548.0,7491.35690316395
Mauritania,2014,6592537781.815179,3848514.0,1713.008652642339
Mauritania,2015,6166863960.000628,3965959.0,1554.948994682151
Mauritania,2016,6398747531.601419,4086657.0,1565.7657424152355
Mauritania,2017,6800135961.614138,4210600.0,1615.0040283128621
Mauritania,2018,7473550557.073786,4337685.0,1722.9352885407275
Mauritania,2019,7894764814.099805,4467708.0,1767.0726945672825
Mauritania,2020,8260752459.273548,4600131.0,1795.7646117629147
Mauritania,2021,9222536278.768845,4734874.0,1947.789165829723
Mauritania,2022,9557966698.253689,4875637.0,1960.352400774235
Mauritania,2023,10726827597.232077,5022441.0,2135.779712938803
Mauritania,2024,10912257785.55423,5169395.0,2110.9351840117133
Mauritius,2014,13074130094.372358,1292005.0,10119.25657746863
Mauritius,2015,12007291045.648909,1292275.0,9291.591221411007
Mauritius,2016,12594155346.298018,1291803.0,9749.284795203306
Mauritius,2017,13713505998.039051,1290655.0,10625.229823646947
Mauritius,2018,14735674218.972166,1288833.0,11433.346460691313
Mauritius,2019,14436347115.289322,1286270.0,11223.41896747131
Mauritius,2020,11408106349.668938,1283223.0,8890.197845323017
Mauritius,2021,11484348766.034208,1279623.0,8974.790829825823
Mauritius,2022,12907767789.596737,1276130.0,10114.774975587705
Mauritius,2023,14101195732.674135,1273588.0,11072.023081776944
Mauritius,2024,14952555414.855322,1271169.0,11762.838312494501
Mexico,2014,1364507717614.1345,119784261.0,11391.377349768301
Mexico,2015,1213294493235.8584,121072306.0,10021.238822657417
Mexico,2016,1112233477588.611,122251351.0,9097.923814262069
Mexico,2017,1190721496876.9607,123400057.0,9649.2783376669
Mexico,2018,1256300204640.243,124573711.0,10084.793930881957
Mexico,2019,1304106181336.5105,125762982.0,10369.555179094836
Mexico,2020,1121064749915.9338,126799054.0,8841.270613232917
Mexico,2021,1316569445185.9673,127648148.0,10314.050503779868
Mexico,2022,1466464899204.3164,128613117.0,11402.141036705583
Mexico,2023,1793798893182.0403,129739759.0,13826.130917832523
Mexico,2024,1852722833601.101,130861007.0,14157.944188837711
Micronesia (Federated States of),2014,319271156.0,108396.0,2945.4145540425848
Micronesia (Federated States of),2015,316489947.0,108716.0,2911.1625427719932
Micronesia (Federated States of),2016,332265162.0,109075.0,3046.2082236992896
Micronesia (Federated States of),2017,366666809.0,109481.0,3349.1364620345084
Micronesia (Federated States of),2018,391700000.0,109909.0,3563.8573729175955
Micronesia (Federated States of),2019,393600000.0,110282.0,3569.0321176619937
Micronesia (Federated States of),2020,372100000.0,110916.0,3354.791013018861
Micronesia (Federated States of),2021,390000000.0,111624.0,3493.8722855299934
Micronesia (Federated States of),2022,430200000.0,112114.0,3837.1657420125944
Micronesia (Federated States of),2023,443916782.0,112630.0,3941.372476249667
Micronesia (Federated States of),2024,471425099.0,113160.0,4166.004763167197
Monaco,2014,7070015473.960656,36128.0,195693.51954054076
Monaco,2015,6264753585.625004,36757.0,170437.02112862866
Monaco,2016,6471287668.599417,37276.0,173604.66972313062
Monaco,2017,6430258224.5883045,37678.0,170663.47005117853
Monaco,2018,7184336760.392032,38154.0,188298.38969418756
Monaco,2019,7383494129.411629,38109.0,193746.72989088218
Monaco,2020,6730733230.817024,38050.0,176891.80632896253
Monaco,2021,8623241326.744047,38527.0,223823.32719246365
Monaco,2022,8800432773.735453,38931.0,226052.06066464906
Monaco,2023,10003897341.17666,38956.0,256799.91121205105
Monaco,2024,11125788838.28126,38631.0,288001.574856495
Mongolia,2014,12226539815.733175,2913039.0,4197.176836881749
Mongolia,2015,11619902291.137936,2976526.0,3903.8470657195453
Mongolia,2016,11181330725.577564,3040812.0,3677.087148293799
Mongolia,2017,11480843409.48356,3104364.0,3698.291633804399
Mongolia,2018,13178082982.960457,3167706.0,4160.134489425614
Mongolia,2019,14206349496.031267,3232113.0,4395.375253288256
Mongolia,2020,13312990197.348356,3290785.0,4045.536307400318
Mongolia,2021,15286447212.723083,3339674.0,4577.227361929064
Mongolia,2022,17146471702.567642,3386015.0,5063.9089615868925
Mongolia,2023,20325121392.382217,3431932.0,5922.35551065179
Mongolia,2024,23586055812.580204,3475540.0,6786.299629001595
Montenegro,2014,4579635382.396415,631375.0,7253.431609418198
Montenegro,2015,4010884059.092315,628145.0,6385.283746734138
Montenegro,2016,4357467279.400469,624249.0,6980.335217838505
Montenegro,2017,4803964668.400986,620114.0,7746.905679279916
Montenegro,2018,5433469282.508841,615795.0,8823.503410240162
Montenegro,2019,5483622624.294558,611667.0,8965.045726342205
Montenegro,2020,4734192610.424547,607935.0,7787.3335314212
Montenegro,2021,5822908973.042449,603851.0,9642.956578762723
Montenegro,2022,6259721818.4975195,614648.0,10184.23848852924
Montenegro,2023,7643318223.421314,633552.0,12064.23186008617
Montenegro,2024,8274290502.716537,638479.0,12959.377681515818
Montserrat,2014,58807407.4074074,4711.0,12482.998812865082
Montserrat,2015,62040370.370370366,4673.0,13276.347179621307
Montserrat,2016,62554814.81481481,4638.0,13487.454681935062
Montserrat,2017,59544444.44444444,4603.0,12936.0079175417
Montserrat,2018,64613703.7037037,4569.0,14141.760495448392
Montserrat,2019,67628518.51851851,4540.0,14896.149453418173
Montserrat,2020,66911111.111111104,4508.0,14842.748693680369
Montserrat,2021,68988148.14814815,4479.0,15402.578287150736
Montserrat,2022,72475555.55555555,4453.0,16275.669336527184
Montserrat,2023,76357037.03703703,4420.0,17275.34774593598
Montserrat,2024,80981481.48148148,4389.0,18451.009679079853
Morocco,2014,119130845829.48198,34204780.0,3482.8712779173547
Morocco,2015,110413820681.03429,34607588.0,3190.451200500719
Morocco,2016,111572946646.53508,35023457.0,3185.663443975136
Morocco,2017,118540574727.55215,35446392.0,3344.2211756714805
Morocco,2018,127341141871.20514,35839760.0,3553.0690459758976
Morocco,2019,128920265075.52562,36210898.0,3560.2614736460173
Morocco,2020,121353640939.72124,36584208.0,3317.1044987422233
Morocco,2021,142022058065.78635,36954442.0,3843.166081787579
Morocco,2022,131245309665.1869,37329064.0,3515.901434474406
Morocco,2023,146056733358.1073,37712505.0,3872.899277258493
Morocco,2024,160605643507.9426,38081173.0,4217.4552634695
Mozambique,2014,17978246755.987843,25788475.0,697.1426870331744
Mozambique,2015,16208985710.457172,26547572.0,610.5637724782204
Mozambique,2016,12069051288.90475,27337105.0,441.4897367115044
Mozambique,2017,13264640531.483383,28166393.0,470.93855899416667
Mozambique,2018,15017359042.44405,29018644.0,517.5072633457321
Mozambique,2019,15512758964.576736,29884380.0,519.092548166525
Mozambique,2020,14235420174.18846,30783688.0,462.43387647992205
Mozambique,2021,16168055475.078283,31707800.0,509.9078294639894
Mozambique,2022,18883528483.089504,32656246.0,578.2516607417002
Mozambique,2023,20921079422.98111,33635160.0,622.0002944234875
Mozambique,2024,22745341305.218685,34631766.0,656.7768246418241
Myanmar,2014,66299763433.4972,50681634.0,1308.1615212622623
Myanmar,2015,62543490877.55752,51089056.0,1224.2052559663173
Myanmar,2016,63535364377.432335,51495696.0,1233.7995077769672
Myanmar,2017,64500994403.79818,51894938.0,1242.914952587441
Myanmar,2018,69256662200.44308,52272247.0,1324.9222326417896
Myanmar,2019,71802236332.54817,52640713.0,1364.0057712088392
Myanmar,2020,79969739104.42075,53016522.0,1508.392781865637
Myanmar,2021,71683019087.2243,53387102.0,1342.7029451275387
Myanmar,2022,65162562908.83166,53756787.0,1212.1736909021674
Myanmar,2023,63944299033.55935,54133798.0,1181.2269117633193
Myanmar,2024,64796433469.28779,54500091.0,1188.9233995827235
Namibia,2014,12435430022.676155,2312139.0,5378.322852854501
Namibia,2015,11335161746.388136,2374300.0,4774.106787848265
Namibia,2016,10722018742.224072,2439213.0,4395.687765776942
Namibia,2017,12887501267.567549,2506853.0,5140.908249333946
Namibia,2018,13682019419.132565,2577327.0,5308.608267066059
Namibia,2019,12541676210.736229,2650494.0,4731.82592027608
Namibia,2020,10583748757.334557,2728762.0,3878.5899090263483
Namibia,2021,12402486183.639605,2810548.0,4412.835569305204
Namibia,2022,12569448867.200006,2889662.0,4349.7989962839965
Namibia,2023,12408271223.645948,2963095.0,4187.6049278359105
Namibia,2024,13372354268.520315,3030131.0,4413.127441856578
Nauru,2014,132826895.34988783,10742.0,12365.192268654611
Nauru,2015,104353153.13914996,10954.0,9526.488327473979
Nauru,2016,115160285.84418888,11150.0,10328.276757326357
Nauru,2017,128477570.66346784,11324.0,11345.59967003425
Nauru,2018,145977573.8856691,11477.0,12719.140357730166
Nauru,2019,140642155.44502097,11587.0,12137.926594029599
Nauru,2020,147982784.53666222,11643.0,12710.021861776366
Nauru,2021,204082584.91893035,11709.0,17429.548630876277
Nauru,2022,168400900.42467847,11801.0,14270.053421292982
Nauru,2023,172814505.70890373,11875.0,14552.800480749787
Nauru,2024,186913269.20330465,11947.0,15645.205424232414
Nepal,2014,22884819970.409935,27672370.0,826.9916877524381
Nepal,2015,23667153173.76344,27823629.0,850.6134542608888
Nepal,2016,24288427411.13224,27955462.0,868.825827708812
Nepal,2017,29443014953.26977,28011258.0,1051.1136255740378
Nepal,2018,31726289775.18016,28079689.0,1129.8661383030333
Nepal,2019,34268250821.040268,28414064.0,1206.0313097429594
Nepal,2020,32858995701.54391,28966574.0,1134.3763229142635
Nepal,2021,36844151500.287865,29475010.0,1250.0131976303949
Nepal,2022,39749037957.04605,29715436.0,1337.6562254393996
Nepal,2023,40623527302.51568,29694614.0,1368.0436224062612
Nepal,2024,42692292394.12466,29651054.0,1439.8237713278138
Netherlands,2014,901556501756.4542,17030089.0,52939.03641704129
Netherlands,2015,775743675302.7349,17107433.0,45345.41653927476
Netherlands,2016,797163949289.9072,17204693.0,46334.09903274108
Netherlands,2017,848233537845.8915,17315370.0,48987.318079018325
Netherlands,2018,929733599796.8466,17421280.0,53367.69742503688
Netherlands,2019,928903005576.4536,17537507.0,52966.65059500496
Netherlands,2020,932560861701.154,17636731.0,52876.0608585091
Netherlands,2021,1054472123449.5956,17730564.0,59472.001198021426
Netherlands,2022,1046540797548.6432,17904421.0,58451.529795274764
Netherlands,2023,1135475867551.0017,18092524.0,62759.395402819515
Netherlands,2024,1214927698572.6572,18228742.0,66649.01497715295
New Caledonia,2014,10635035550.010036,281224.0,37816.95570082936
New Caledonia,2015,8738203041.546974,283168.0,30858.723590048925
New Caledonia,2016,8728576138.468489,283423.0,30796.992969760708
New Caledonia,2017,9173262930.135109,283546.0,32351.939121465686
New Caledonia,2018,9896402295.483286,283541.0,34902.89691961052
New Caledonia,2019,9475655341.983164,283606.0,33411.33594487833
New Caledonia,2020,9454629451.03219,284176.0,33270.3305382305
New Caledonia,2021,10071349707.158089,285214.0,35311.55450699506
New Caledonia,2022,9623318699.309038,287123.0,33516.36301971294
New Caledonia,2023,9769167502.254095,289870.0,33701.89223532651
New Caledonia,2024,8548919394.301087,292639.0,29213.19234381298
New Zealand,2014,201518402787.3799,4522983.0,44554.31355531955
New Zealand,2015,178224167087.9897,4614029.0,38626.581473152786
New Zealand,2016,189099389150.9023,4714770.0,40107.87146581961
New Zealand,2017,206745969246.07333,4812752.0,42957.951967205736
New Zealand,2018,211985631173.20483,4900847.0,43254.89679094345
New Zealand,2019,213006341101.8694,4989403.0,42691.749113444916
New Zealand,2020,213028906169.78436,5069895.0,42018.40593735854
New Zealand,2021,253977224501.3439,5107697.0,49724.41092362055
New Zealand,2022,249509991440.4376,5131734.0,48620.9907685078
New Zealand,2023,255194972673.12192,5172836.0,49333.66777394874
New Zealand,2024,260172385097.6165,5213944.0,49899.3439702491
Nicaragua,2014,11880438655.140532,6066492.0,1958.370447886609
Nicaragua,2015,12756696289.62292,6149417.0,2074.4562109908825
Nicaragua,2016,13286093197.482086,6232666.0,2131.6870176393354
Nicaragua,2017,13785892848.735928,6316231.0,2182.6137848245144
Nicaragua,2018,13025221836.43935,6400080.0,2035.1654723752438
Nicaragua,2019,12699023512.171604,6483657.0,1958.6204995377768
Nicaragua,2020,12726422386.730112,6565267.0,1938.4470405743
Nicaragua,2021,14209020497.625675,6644741.0,2138.3859051279314
Nicaragua,2022,15634572439.884304,6730654.0,2322.890530382977
Nicaragua,2023,17805842146.75965,6823613.0,2609.4449006354334
Nicaragua,2024,19693982968.87586,6916140.0,2847.539663580532
Niger,2014,10881880301.916409,19215909.0,566.2953702537001
Niger,2015,9666654126.60374,19939498.0,484.7992726097588
Niger,2016,10140653519.78468,20685753.0,490.22404549569353
Niger,2017,10949624936.947344,21435446.0,510.8186196334494
Niger,2018,12446262257.716251,22188069.0,560.9439134931594
Niger,2019,12341358220.418024,22947757.0,537.8023752133171
Niger,2020,13236972579.320456,23717613.0,558.1072842077513
Niger,2021,14163563157.091587,24502140.0,578.0541273983247
Niger,2022,14441822665.284197,25311973.0,570.5530211052373
Niger,2023,15502108627.40837,26159867.0,592.5912630751666
Niger,2024,17491216726.25716,27032412.0,647.0460988186019
Nigeria,2014,669947252510.2874,185896915.0,3603.8642841936744
Nigeria,2015,604671519102.6562,190671878.0,3171.2674435537697
Nigeria,2016,508380680550.22253,195443700.0,2601.1617696053777
Nigeria,2017,490369233168.176,200254579.0,2448.729190697687
Nigeria,2018,571730484421.7842,204938755.0,2789.7626509040915
Nigeria,2019,668218981400.1953,209485641.0,3189.808037488332
Nigeria,2020,595401180153.5996,213996181.0,2782.298157711514
Nigeria,2021,606509821973.388,218529286.0,2775.416664169158
Nigeria,2022,643772602780.6255,223150896.0,2884.920537270106
Nigeria,2023,486711833740.9721,227882945.0,2135.7975417641373
Nigeria,2024,252083569196.93805,232679478.0,1083.39408083483
Norway,2014,501736471832.849,5137395.0,97663.59640106493
Norway,2015,388159512245.53094,5189771.0,74793.18687578526
Norway,2016,370956547619.0476,5235983.0,70847.54622370769
Norway,2017,401745275035.2613,5276802.0,76134.23339273698
Norway,2018,439788625883.7995,5311752.0,82795.3989350029
Norway,2019,408742840909.0914,5347730.0,76432.96144515362
Norway,2020,367633418886.62726,5379274.0,68342.57167168419
Norway,2021,503367986030.26776,5408091.0,93076.83358698434
Norway,2022,596297651035.7982,5456801.0,109276.04855588434
Norway,2023,482949731776.5872,5519167.0,87504.09831349317
Norway,2024,483592648313.3012,5576660.0,86717.25518738836
Oman,2014,92699123128.73862,4002439.0,23160.658570621217
Oman,2015,78710880566.9701,4184895.0,18808.328659851704
Oman,2016,75128854988.2965,4390877.0,17110.216247983375
Oman,2017,80856575503.25098,4537396.0,17820.039402170536
Oman,2018,91505918083.22496,4597877.0,19901.775989924256
Oman,2019,88060945076.72302,4591241.0,19180.205325035873
Oman,2020,75909397612.48375,4522497.0,16784.842004866725
Oman,2021,87323902967.49025,4500424.0,19403.483531216225
Oman,2022,109852871321.19637,4730226.0,23223.598898064567
Oman,2023,106174708036.41092,5049269.0,21027.73847786896
Oman,2024,107137198769.83096,5281538.0,20285.22728982182
Pakistan,2014,276486556921.8905,214264647.0,1290.39746310501
Pakistan,2015,296060091147.23755,217290883.0,1362.5058127599286
Pakistan,2016,312353963903.297,220138869.0,1418.8951061763519
Pakistan,2017,337136829493.02374,223273967.0,1509.9692723828557
Pakistan,2018,321691849251.6309,226928892.0,1417.5887716035336
Pakistan,2019,291918785487.3177,230800899.0,1264.8078354639238
Pakistan,2020,293752197206.8372,235001746.0,1250.000062581821
Pakistan,2021,342750653922.54767,239477801.0,1431.2418624661902
Pakistan,2022,325371128598.94653,243700667.0,1335.126130774794
Pakistan,2023,299436208129.6836,247504495.0,1209.8212928604937
Pakistan,2024,379120182728.2972,251269164.0,1508.820965903708
Palau,2014,243165063.0,17715.0,13726.506519898392
Palau,2015,280437813.0,17770.0,15781.531401238042
Palau,2016,299047188.0,17797.0,16803.235826262855
Palau,2017,285623531.0,17812.0,16035.4553671682
Palau,2018,284883094.0,17814.0,15992.090153811609
Palau,2019,281941563.0,17798.0,15841.193561074278
Palau,2020,258990844.0,17792.0,14556.58970323741
Palau,2021,235752906.0,17783.0,13257.206658044199
Palau,2022,255591063.0,17759.0,14392.199054000788
Palau,2023,281849063.0,17727.0,15899.42251932081
Palau,2024,309900000.0,17695.0,17513.421870584913
Panama,2014,51081695260.0,3892101.0,13124.452643957595
Panama,2015,55530828561.0,3960035.0,14022.812566303075
Panama,2016,59643774573.0,4029086.0,14803.30143685193
Panama,2017,64278195696.0,4098707.0,15682.554448512665
Panama,2018,67316471181.0,4167860.0,16151.327343288882
Panama,2019,69778991193.0,4234700.0,16477.90662691572
Panama,2020,57059846522.0,4293261.0,13290.560839883716
Panama,2021,67396392506.0,4345405.0,15509.806912359147
Panama,2022,76276116723.0,4400773.0,17332.43607952512
Panama,2023,83318176882.0,4458759.0,18686.405092089524
Panama,2024,86260368605.0,4515577.0,19102.84524104007
Papua New Guinea,2014,23210824046.21788,8523441.0,2723.1753051634755
Papua New Guinea,2015,21723334307.578342,8743246.0,2484.584593362504
Papua New Guinea,2016,20758911153.00793,8961718.0,2316.398613860415
Papua New Guinea,2017,22742696403.118954,9178714.0,2477.765011865383
Papua New Guinea,2018,24109780116.570637,9394513.0,2566.36827439279
Papua New Guinea,2019,24750628367.92029,9609010.0,2575.7729847216615
Papua New Guinea,2020,23848445185.95202,9815746.0,2429.6110744870557
Papua New Guinea,2021,26109414044.35501,10012896.0,2607.5786709814033
Papua New Guinea,2022,31653188605.05157,10203169.0,3102.2899459032355
Papua New Guinea,2023,30816369226.80817,10389635.0,2966.068512205498
Papua New Guinea,2024,32262174121.51462,10576502.0,3050.363354681408
Paraguay,2014,40377987314.6539,6069811.0,6652.264348042122
Paraguay,2015,36211372646.38557,6159103.0,5879.325714537582
Paraguay,2016,36089550671.84251,6249126.0,5775.135702471434
Paraguay,2017,38997129809.17518,6338660.0,6152.267168325037
Paraguay,2018,40225448651.30811,6427382.0,6258.449964745851
Paraguay,2019,37925338460.1622,6515058.0,5821.182015595594
Paraguay,2020,35432177936.32592,6603739.0,5365.472187245123
Paraguay,2021,39937357050.42216,6684182.0,5974.905687849636
Paraguay,2022,41841201759.94623,6760464.0,6189.102073459193
Paraguay,2023,43140465597.19468,6844146.0,6303.264950396248
Paraguay,2024,44738819360.0971,6929153.0,6456.607230363812
Peru,2014,200786240836.8186,30115826.0,6667.13377998726
Peru,2015,189802961890.0977,30457600.0,6231.711030747586
Peru,2016,191898127860.84256,30866494.0,6217.036760340924
Peru,2017,211007952315.8882,31324637.0,6736.165923196116
Peru,2018,222597030191.0411,31897584.0,6978.491856657266
Peru,2019,228325852220.76212,32449303.0,7036.386951693912
Peru,2020,201409683363.20355,32838579.0,6133.325177170534
Peru,2021,226328758797.29092,33155882.0,6826.2023250441935
Peru,2022,246065546265.09784,33475438.0,7350.629624774375
Peru,2023,266958705892.6139,33845617.0,7887.541417626214
Peru,2024,289329247168.5543,34217848.0,8455.506821134815
Philippines,2014,297483553261.30005,103767130.0,2866.8380176005644
Philippines,2015,306445871631.19946,105312992.0,2909.85818379559
Philippines,2016,318627003965.42,106735719.0,2985.195649128667
Philippines,2017,328480738147.61615,108119693.0,3038.12126203148
Philippines,2018,346841896889.7684,109465287.0,3168.510368860298
Philippines,2019,376823404772.4905,110804683.0,3400.7895205339873
Philippines,2020,361751145432.6661,112081264.0,3227.579102183092
Philippines,2021,394087362017.3137,113100950.0,3484.3859580075473
Philippines,2022,404353370812.14624,113964338.0,3548.069316316708
Philippines,2023,437055621989.2407,114891199.0,3804.082695570448
Philippines,2024,461617500580.1392,115843670.0,3984.8314593291047
Poland,2014,542134224464.7279,38265113.0,14167.84590351864
Poland,2015,480054118583.3665,38266314.0,12545.083871505536
Poland,2016,473259583965.6423,38263265.0,12368.510213794936
Poland,2017,528356676662.55115,38254959.0,13811.45583406719
Poland,2018,594616687355.5061,38241071.0,15549.164074288246
Poland,2019,602683770144.8804,38225885.0,15766.37846697023
Poland,2020,605914237908.9224,38171012.0,15873.674973797455
Poland,2021,689170230671.2999,38040302.0,18116.8443581573
Poland,2022,695607470870.0753,38385739.0,18121.507856604643
Poland,2023,812451193402.5864,38762844.0,20959.535203417643
Poland,2024,914696353732.7252,38539201.0,23734.180522650826
Portugal,2014,230078616299.6719,10406199.0,22109.76517935818
Portugal,2015,199038523119.63956,10370267.0,19193.191758673096
Portugal,2016,206305431241.64395,10346372.0,19939.881461989182
Portugal,2017,220862990767.23065,10330844.0,21378.988083377375
Portugal,2018,242092894542.88364,10325353.0,23446.452101238923
Portugal,2019,240115970063.0152,10343213.0,23214.833733291114
Portugal,2020,229618773422.57257,10370519.0,22141.492959279334
Portugal,2021,256055879091.13928,10390956.0,24642.186829694907
Portugal,2022,256898677175.02463,10417073.0,24661.31102038208
Portugal,2023,292323800948.8388,10430738.0,28025.227069152614
Portugal,2024,313271185085.1026,10425292.0,30049.15210865102
Puerto Rico,2014,102445800000.0,3565367.0,28733.59180134892
Puerto Rico,2015,103375500000.0,3521811.0,29352.938019672267
Puerto Rico,2016,104336700000.0,3476008.0,30016.242770442415
Puerto Rico,2017,103445500000.0,3371874.0,30678.93402897024
Puerto Rico,2018,100958100000.0,3290068.0,30685.718349894287
Puerto Rico,2019,105126400000.0,3288028.0,31972.477120024527
Puerto Rico,2020,103130900000.0,3275805.0,31482.61267077863
Puerto Rico,2021,106426600000.0,3253210.0,32714.334457351353
Puerto Rico,2022,113843700000.0,3240968.0,35126.449875469305
Puerto Rico,2023,118375000000.0,3242023.0,36512.69593090487
Puerto Rico,2024,125841500000.0,3242204.0,38813.566327103414
Qatar,2014,206224598564.5604,2218372.0,92962.1355501063
Qatar,2015,161739955577.74725,2427331.0,66632.83894027937
Qatar,2016,151732181857.14285,2599372.0,58372.630718936285
Qatar,2017,161099122215.3846,2706709.0,59518.44923683507
Qatar,2018,183334953813.1868,2761142.0,66398.23443096617
Qatar,2019,176371267689.011,2797921.0,63036.543093608074
Qatar,2020,144411363345.32965,2803375.0,51513.39487058622
Qatar,2021,179732142857.14285,2814982.0,63848.41638672746
Qatar,2022,235709340659.34064,2892455.0,81491.10034878353
Qatar,2023,217308516483.51648,2979082.0,72944.79188002092
Qatar,2024,219162912087.91208,3048423.0,71893.86515188741
Republic of Korea,2014,1556252422020.4402,50539056.0,30793.06471455344
Republic of Korea,2015,1539212301135.547,50983912.0,30190.156870181854
Republic of Korea,2016,1579150518945.4392,51297839.0,30783.957954748137
Republic of Korea,2017,1710196706309.535,51486270.0,33216.55863416664
Republic of Korea,2018,1824251399034.6943,51640894.0,35325.71297148137
Republic of Korea,2019,1751045752054.627,51767846.0,33824.96834144165
Republic of Korea,2020,1744070227116.9187,51858482.0,33631.33975107329
Republic of Korea,2021,1942313617562.525,51848397.0,37461.40150798731
Republic of Korea,2022,1799363117330.9612,51782512.0,34748.471015291056
Republic of Korea,2023,1844800934391.545,51748739.0,35649.19590391459
Republic of Korea,2024,1875388209406.803,51717590.0,36262.09592146121
Republic of Moldova,2014,9402090103.302635,3342709.0,2812.715705525858
Republic of Moldova,2015,7797667138.494612,3287164.0,2372.156405489538
Republic of Moldova,2016,7980917248.730123,3237794.0,2464.9243431577556
Republic of Moldova,2017,9514404073.281223,3193497.0,2979.3057808669378
Republic of Moldova,2018,11252353608.310087,3153773.0,3567.9021947077636
Republic of Moldova,2019,11736797145.117468,3112562.0,3770.783407725683
Republic of Moldova,2020,11530746093.988537,3069131.0,3757.006818538712
Republic of Moldova,2021,13691869129.752638,3023778.0,4528.066918190633
Republic of Moldova,2022,14525337829.66181,3039985.0,4778.095230621799
Republic of Moldova,2023,16711906967.748486,3067070.0,5448.81824273606
Republic of Moldova,2024,18200230693.377094,3034961.0,5996.85817820298
Republic of North Macedonia,2014,11362256666.0871,1997833.0,5687.290512313642
Republic of North Macedonia,2015,10064513038.488253,1980366.0,5082.147965824626
Republic of North Macedonia,2016,10672464611.852585,1961259.0,5441.639585517561
Republic of North Macedonia,2017,11307061189.956188,1940879.0,5825.742454813612
Republic of North Macedonia,2018,12683068033.104256,1919728.0,6606.700549819691
Republic of North Macedonia,2019,12606338448.546968,1897641.0,6643.1629842246075
Republic of North Macedonia,2020,12361036913.840923,1872015.0,6603.065100354924
Republic of North Macedonia,2021,14000283737.445946,1851108.0,7563.191200862373
Republic of North Macedonia,2022,13932436629.3746,1840233.0,7571.017707743856
Republic of North Macedonia,2023,15855127769.68957,1831802.0,8655.48119812598
Republic of North Macedonia,2024,16951685608.602625,1823009.0,9298.73939657052
Romania,2014,199722319675.74103,19968174.0,10002.032217655005
Romania,2015,177885146043.1059,19871019.0,8951.989127638895
Romania,2016,185290744033.07745,19777051.0,9368.977408870385
Romania,2017,210147403140.86633,19689401.0,10673.12322710408
Romania,2018,243468703619.9195,19597872.0,12423.221440568625
Romania,2019,251677082534.4951,19501542.0,12905.496526094967
Romania,2020,252033812507.48648,19392469.0,12996.478813888343
Romania,2021,286578219328.99396,19248161.0,14888.602569824408
Romania,2022,296354358293.4749,19166772.0,15461.881546536626
Romania,2023,350776495450.1157,19118479.0,18347.510565569348
Romania,2024,382769652322.8314,19015088.0,20129.78600587236
Russian Federation,2014,2059242624404.2815,144925638.0,14208.96021450864
Russian Federation,2015,1363481523352.534,145307616.0,9383.414034901887
Russian Federation,2016,1276786105927.49,145778677.0,8758.387249786127
Russian Federation,2017,1574198566649.254,146186799.0,10768.404379996404
Russian Federation,2018,1657327982749.3408,146430146.0,11318.215736460037
Russian Federation,2019,1693115086672.2483,146533067.0,11554.491565185408
Russian Federation,2020,1493076317388.9348,146371299.0,10200.608504464628
Russian Federation,2021,1829185472412.6953,145836175.0,12542.741692263222
Russian Federation,2022,2291612129333.056,145579899.0,15741.267476309049
Russian Federation,2023,2071505715430.0325,145440500.0,14242.977131060692
Russian Federation,2024,2173386017002.2625,144820423.0,15007.455246849144
Rwanda,2014,8129678686.465115,11364757.0,715.3411803230913
Rwanda,2015,8447481114.251875,11640022.0,725.7272464134411
Rwanda,2016,8596998307.421816,11919183.0,721.2741265422148
Rwanda,2017,9164764869.474665,12202060.0,751.0834129216431
Rwanda,2018,9650520933.716757,12487996.0,772.7837944308084
Rwanda,2019,10519813916.066845,12776103.0,823.3977071151387
Rwanda,2020,10487893807.37505,13065837.0,802.6959013322338
Rwanda,2021,11253005110.000196,13355260.0,842.5897444153237
Rwanda,2022,13747341454.539371,13651030.0,1007.0552518410238
Rwanda,2023,14805636869.63222,13954471.0,1060.9959252222618
Rwanda,2024,15110819738.599333,14256567.0,1059.9199469689536
Saint Kitts and Nevis,2014,952111111.111111,47089.0,20219.395423795602
Saint Kitts and Nevis,2015,957222222.2222222,47087.0,20328.800353010858
Saint Kitts and Nevis,2016,1006818518.5185184,47075.0,21387.541551110324
Saint Kitts and Nevis,2017,1056977777.7777776,47050.0,22464.98996339591
Saint Kitts and Nevis,2018,1076548148.148148,47008.0,22901.38164031969
Saint Kitts and Nevis,2019,1107855555.5555556,46952.0,23595.49232312906
Saint Kitts and Nevis,2020,883922222.2222222,46870.0,18859.019036104593
Saint Kitts and Nevis,2021,858622222.2222222,46763.0,18361.144969788555
Saint Kitts and Nevis,2022,981429629.6296296,46709.0,21011.5744209816
Saint Kitts and Nevis,2023,1055651851.8518518,46758.0,22576.92484391659
Saint Kitts and Nevis,2024,1122388888.8888888,46843.0,23960.653435708406
Saint Lucia,2014,1749186587.7777777,174138.0,10044.829892256588
Saint Lucia,2015,1807639672.222222,174905.0,10334.979973255322
Saint Lucia,2016,1868545580.0,175646.0,10638.133404688977
Saint Lucia,2017,1998504985.185185,176342.0,11333.11964923379
Saint Lucia,2018,2060953778.8888888,177017.0,11642.688436076132
Saint Lucia,2019,2095375764.4444444,177661.0,11794.236013781552
Saint Lucia,2020,1511383881.111111,178250.0,8479.011955742557
Saint Lucia,2021,1869246266.6666665,178522.0,10470.67737683124
Saint Lucia,2022,2333604789.259259,178781.0,13052.867973997569
Saint Lucia,2023,2396518051.4814816,179285.0,13367.086211793969
Saint Lucia,2024,2574477345.185185,179744.0,14323.02243849689
Saint Vincent and the Grenadines,2014,770900000.0,107535.0,7168.828753429116
Saint Vincent and the Grenadines,2015,786555555.5555555,106960.0,7353.7355605418425
Saint Vincent and the Grenadines,2016,814303703.7037036,106349.0,7656.900428811777
Saint Vincent and the Grenadines,2017,844038888.8888888,105663.0,7988.026924172973
Saint Vincent and the Grenadines,2018,884328148.1481481,104926.0,8428.112652232507
Saint Vincent and the Grenadines,2019,909690878.148148,104167.0,8733.004484607869
Saint Vincent and the Grenadines,2020,863748367.4074074,103526.0,8343.29895299159
Saint Vincent and the Grenadines,2021,888027710.3703703,102841.0,8634.957948389945
Saint Vincent and the Grenadines,2022,970366866.6666666,102046.0,9509.112230432027
Saint Vincent and the Grenadines,2023,1052887484.4444444,101323.0,10391.39666654604
Saint Vincent and the Grenadines,2024,1136324482.222222,100616.0,11293.675779420988
Samoa,2014,818039919.8327025,200037.0,4089.4430521988556
Samoa,2015,825565903.4749141,201782.0,4091.3753628912095
Samoa,2016,870195399.0625638,203499.0,4276.165480236088
Samoa,2017,881694400.3808511,205415.0,4292.259087120469
Samoa,2018,894066372.4805074,207582.0,4307.051538575153
Samoa,2019,912555111.6907984,209780.0,4350.057735202586
Samoa,2020,829149142.6534258,211944.0,3912.1142502426387
Samoa,2021,896846315.8635215,213779.0,4195.203064208933
Samoa,2022,936357829.2789392,215261.0,4349.87215184794
Samoa,2023,1135934688.3496325,216663.0,5242.864210084936
Samoa,2024,1253458616.0896113,218019.0,5749.309078977572
San Marino,2014,1847300268.0999663,33725.0,54775.39712675956
San Marino,2015,1419400403.499599,33901.0,41868.983319064304
San Marino,2016,1468342431.0758216,34161.0,42983.00492010836
San Marino,2017,1528621195.1453788,34378.0,44465.09963189769
San Marino,2018,1655354303.9917698,34529.0,47940.98595359755
San Marino,2019,1616231660.225413,34653.0,46640.45422403293
San Marino,2020,1544713791.529886,34769.0,44427.903923894446
San Marino,2021,1855395694.4735944,34572.0,53667.583433807544
San Marino,2022,1831701053.409237,34090.0,53731.33040214834
San Marino,2023,2027243196.7554128,33733.0,60096.7360375719
San Marino,2024,2082455238.3831072,33581.0,62012.90129487232
Sao Tome and Principe,2014,295143241.45140177,196767.0,1499.963110945442
Sao Tome and Principe,2015,261802818.12223777,200291.0,1307.1122422986443
Sao Tome and Principe,2016,294003253.81854856,203689.0,1443.3928872867389
Sao Tome and Principe,2017,324561225.67857456,206970.0,1568.155895436897
Sao Tome and Principe,2018,386597106.4783945,210187.0,1839.3007487541784
Sao Tome and Principe,2019,416073951.26534057,213392.0,1949.810448682896
Sao Tome and Principe,2020,474763795.12551314,217435.0,2183.4745791869436
Sao Tome and Principe,2021,528335386.9980017,221961.0,2380.3072927135922
Sao Tome and Principe,2022,544865431.4709631,226305.0,2407.659713532459
Sao Tome and Principe,2023,684068647.5093231,230871.0,2962.9907936004224
Sao Tome and Principe,2024,828317505.5858147,235536.0,3516.734195986239
Saudi Arabia,2014,787153066666.6666,28998128.0,27144.961449465518
Saudi Arabia,2015,693414666666.6666,29974938.0,23133.147653772183
Saudi Arabia,2016,689279466666.6666,30717808.0,22439.083761011418
Saudi Arabia,2017,741266133333.3334,30782402.0,24080.84116805873
Saudi Arabia,2018,886565066666.6666,30365121.0,29196.823113817547
Saudi Arabia,2019,888890133333.3334,30472811.0,29169.9421275357
Saudi Arabia,2020,767951200000.0,30991207.0,24779.647982087306
Saudi Arabia,2021,982661066666.6666,31328375.0,31366.486983977517
Saudi Arabia,2022,1239075200000.0,32175352.0,38510.074419698656
Saudi Arabia,2023,1218584800000.0,33264292.0,36633.42060609617
Saudi Arabia,2024,1254141066666.6667,33962757.0,36926.95109135771
Senegal,2014,19797253445.267292,14152102.0,1398.8913763670791
Senegal,2015,17774851268.773617,14593331.0,1218.0119308452345
Senegal,2016,19040319081.013165,15034521.0,1266.4400203380717
Senegal,2017,20996569847.252388,15475002.0,1356.805630606858
Senegal,2018,23116719543.100086,15914498.0,1452.5572558493573
Senegal,2019,24410438230.81905,16352922.0,1492.7263904774359
Senegal,2020,26685648064.050392,16789219.0,1589.4514249918589
Senegal,2021,31226081404.723537,17220867.0,1813.2699941718113
Senegal,2022,31724931846.49924,17651103.0,1797.3342428798496
Senegal,2023,35051195806.397224,18077573.0,1938.9326103895266
Senegal,2024,36714553009.27248,18501984.0,1984.3576239862966
Serbia,2014,49114321140.31616,7227203.0,6795.757797354822
Serbia,2015,41297410653.42174,7177253.0,5753.929902348676
Serbia,2016,42225496303.36136,7126083.0,5925.4847724004
Serbia,2017,45972834455.68508,7073507.0,6499.298644319583
Serbia,2018,52787519970.93089,7020019.0,7519.569387337968
Serbia,2019,53864693071.65281,6966153.0,7732.344246767593
Serbia,2020,55874017468.9531,6907812.0,8088.5260729378715
Serbia,2021,66159884248.0038,6835430.0,9678.964490603195
Serbia,2022,66797564949.90042,6791213.0,9835.881299835599
Serbia,2023,81342660706.09459,6773201.0,12009.485722643487
Serbia,2024,89074211439.55174,6736216.0,13223.18219005325
Seychelles,2014,1387616988.0050557,104654.0,13259.09175000531
Seychelles,2015,1432410051.8817704,107230.0,13358.295737030405
Seychelles,2016,1568497410.3638082,109821.0,14282.308578175469
Seychelles,2017,1675356481.8857274,112427.0,14901.727181955646
Seychelles,2018,1784328360.8912382,115040.0,15510.50383250381
Seychelles,2019,1868704683.5194983,117650.0,15883.592720097733
Seychelles,2020,1382566007.4024932,120291.0,11493.511629319677
Seychelles,2021,1487188111.0330486,122987.0,12092.238293746888
Seychelles,2022,2018346655.1328564,125522.0,16079.624728197896
Seychelles,2023,2187379804.0085216,127951.0,17095.44907041384
Seychelles,2024,2161854313.206935,130418.0,16576.34922485343
Sierra Leone,2014,7686136817.025496,6876385.0,1117.7583595196452
Sierra Leone,2015,6782009881.026364,7037655.0,963.6746730304859
Sierra Leone,2016,6083951496.956427,7205328.0,844.3684308273581
Sierra Leone,2017,5749846353.888071,7379299.0,779.185984181976
Sierra Leone,2018,6390514893.190662,7554563.0,845.9145675521751
Sierra Leone,2019,6523577490.002204,7731991.0,843.7125043216171
Sierra Leone,2020,6685317966.476861,7912558.0,844.8997108743924
Sierra Leone,2021,7162032172.464214,8094602.0,884.7911450697902
Sierra Leone,2022,7117233235.780759,8276807.0,859.9008332296208
Sierra Leone,2023,6413527387.138575,8460512.0,758.0542864472711
Sierra Leone,2024,6791515073.045467,8642022.0,785.8710696461392
Singapore,2014,314863580758.45465,5457900.0,57689.510756601376
Singapore,2015,307998545269.39795,5525340.0,55742.91270209579
Singapore,2016,319646384387.456,5577930.0,57305.55679032473
Singapore,2017,343673334902.32996,5604078.0,61325.5802118261
Singapore,2018,377123803757.5469,5634369.0,66932.74859306283
Singapore,2019,376161906914.5209,5669563.0,66347.60155492071
Singapore,2020,349165942899.9407,5620150.0,62127.51312686328
Singapore,2021,436591273927.2301,5546290.0,78717.71471149725
Singapore,2022,509017964216.6369,5649885.0,90093.50884427504
Singapore,2023,505439639550.185,5789090.0,87308.9966730842
Singapore,2024,547386509342.1821,5832387.0,93852.91293979328
Sint Maarten (Dutch part),2014,1295719089.944134,36672.0,35332.65406697573
Sint Maarten (Dutch part),2015,1382539511.1731844,37471.0,36896.253400581365
Sint Maarten (Dutch part),2016,1383630296.0893855,38249.0,36174.28680722073
Sint Maarten (Dutch part),2017,1297881935.75419,38996.0,33282.437577038414
Sint Maarten (Dutch part),2018,1247774788.2681563,39712.0,31420.598012393137
Sint Maarten (Dutch part),2019,1391371488.2681563,40385.0,34452.680160162345
Sint Maarten (Dutch part),2020,1140902244.692737,41008.0,27821.455440224763
Sint Maarten (Dutch part),2021,1267640662.0111732,41571.0,30493.388708743434
Sint Maarten (Dutch part),2022,1478665249.1620111,42139.0,35090.18365794184
Sint Maarten (Dutch part),2023,1560646689.944134,42749.0,36507.20929013858
Sint Maarten (Dutch part),2024,1669622018.9944134,43350.0,38514.92546699916
Slovakia,2014,101713075598.8609,5415230.0,18782.780343376162
Slovakia,2015,89178548717.33247,5420278.0,16452.76288731546
Slovakia,2016,90347173228.63812,5427259.0,16646.92494473511
Slovakia,2017,95978130734.97752,5435700.0,17656.995554386285
Slovakia,2018,106611673364.835,5443232.0,19586.09762818028
Slovakia,2019,105843498304.09218,5450626.0,19418.594910766613
Slovakia,2020,107732602896.43892,5455024.0,19749.24453062698
Slovakia,2021,120560912620.59885,5442759.0,22150.6983169012
Slovakia,2022,115884262197.69708,5473197.0,21173.04789096703
Slovakia,2023,133896931490.22408,5518055.0,24265.24046792286
Slovakia,2024,141775733420.1142,5506760.0,25745.762194123985
Slovenia,2014,49514466379.60499,2058401.0,24054.820406521852
Slovenia,2015,42709468274.8137,2059947.0,20733.285018893057
Slovenia,2016,44290685824.06943,2061373.0,21486.012392744753
Slovenia,2017,48153200134.6617,2062410.0,23348.02494880344
Slovenia,2018,53689067639.91672,2069481.0,25943.252264658007
Slovenia,2019,53909922735.544106,2083439.0,25875.450510211293
Slovenia,2020,53384760135.15721,2102419.0,25392.065109360796
Slovenia,2021,61529280461.09203,2113494.0,29112.58818860713
Slovenia,2022,59927702746.28434,2115228.0,28331.557045521495
Slovenia,2023,69148468417.3209,2118396.0,32641.899067653503
Slovenia,2024,72485008929.27663,2118697.0,34212.069460275176
Solomon Islands,2014,1335576696.3693025,616908.0,2164.95279096608
Solomon Islands,2015,1307908823.0268843,639415.0,2045.4772300100628
Solomon Islands,2016,1379486300.1278005,662379.0,2082.6238454537365
Solomon Islands,2017,1469790453.3074124,685672.0,2143.5765982968715
Solomon Islands,2018,1615473275.030942,709101.0,2278.1991211843474
Solomon Islands,2019,1619150504.930931,728147.0,2223.6588284109266
Solomon Islands,2020,1536143444.3581283,744498.0,2063.327832120608
Solomon Islands,2021,1558312106.3264012,762591.0,2043.444134964091
Solomon Islands,2022,1466670984.24673,781066.0,1877.7811148439826
Solomon Islands,2023,1506124603.9148536,800005.0,1882.6439883686396
Solomon Islands,2024,1583964780.968782,819198.0,1933.5554786129628
Somalia,2014,5807617395.017842,13339491.0,435.3702397653585
Somalia,2015,6627605977.21919,13806963.0,480.0191017546139
Somalia,2016,7391000000.000002,14348740.0,515.0974928809081
Somalia,2017,8252000000.000017,14916629.0,553.208100838334
Somalia,2018,7873000000.0,15452487.0,509.49727380453385
Somalia,2019,8655000000.0,16030971.0,539.892436958435
Somalia,2020,8628000000.0,16651191.0,518.1611333387503
Somalia,2021,9484000000.0,17271431.0,549.1148938382697
Somalia,2022,10203000000.0,17801897.0,573.1411657982293
Somalia,2023,10957000000.0,18358615.0,596.8315147956423
Somalia,2024,11966000000.0,19009151.0,629.4862932068876
South Africa,2014,380908893420.8723,55594838.0,6851.515484600788
South Africa,2015,346486125394.3521,56723537.0,6108.330751560012
South Africa,2016,323567671624.5494,57259551.0,5650.894321971707
South Africa,2017,381136716378.66754,57635162.0,6612.920015366098
South Africa,2018,405260711508.9518,58613001.0,6914.177820530837
South Africa,2019,389330030743.537,59587885.0,6533.711185479011
South Africa,2020,337974647394.7545,60562381.0,5580.603698437063
South Africa,2021,419986278295.7964,61502603.0,6828.756147049522
South Africa,2022,407596030992.13007,62378410.0,6534.248484245271
South Africa,2023,381440720798.5885,63212384.0,6034.272031230281
South Africa,2024,401145008208.7669,64007187.0,6267.186967750464
South Sudan,2014,14943981356.610168,11235073.0,1330.1187590512468
South Sudan,2015,7069484393.063597,11107561.0,636.4569497357338
South Sudan,2016,3276390548.37272,10830102.0,302.5262872291249
South Sudan,2017,3571367605.9746146,10259154.0,348.11521554063955
South Sudan,2018,3793544409.31689,10122977.0,374.74592793373824
South Sudan,2019,4294999803.480837,10423384.0,412.0542621744375
South Sudan,2020,4206583715.328882,10698467.0,393.19499843565274
South Sudan,2021,4290921952.0158343,10865780.0,394.90234037646945
South Sudan,2022,4357792009.089416,11021177.0,395.4016897731899
South Sudan,2023,4653701813.700769,11483374.0,405.2556168335865
South Sudan,2024,3522498211.8721423,11943408.0,294.9324189437506
Spain,2014,1380244561361.9358,46720188.0,29542.78697170345
Spain,2015,1206164777553.1255,46683686.0,25836.965349161277
Spain,2016,1243015667917.158,46732771.0,26598.37286167255
Spain,2017,1321754088818.8376,46868596.0,28201.273381836265
Spain,2018,1431642809327.034,47092821.0,30400.447009259307
Spain,2019,1403496387686.2488,47435119.0,29587.706688081646
Spain,2020,1289783836971.1875,47679489.0,27051.12542148234
Spain,2021,1461244901852.6897,47735664.0,30611.17787850798
Spain,2022,1446498147749.0344,47828382.0,30243.509967555132
Spain,2023,1620090734956.893,47911579.0,33814.17955264829
Spain,2024,1722745978335.1577,47910526.0,35957.567619590685
Sri Lanka,2014,82528535572.91057,21547456.0,3830.0825662626053
Sri Lanka,2015,85140955516.6554,21729971.0,3918.13479717278
Sri Lanka,2016,88012281909.79402,21910772.0,4016.8498814096565
Sri Lanka,2017,94376237831.814,22087522.0,4272.830507279811
Sri Lanka,2018,94493871351.45862,22253118.0,4246.320508948841
Sri Lanka,2019,89014978318.81902,22410552.0,3972.0118593606717
Sri Lanka,2020,84440537135.18805,22561807.0,3742.6318350825377
Sri Lanka,2021,88609317392.6129,22700372.0,3903.4301901578046
Sri Lanka,2022,74583772568.77338,22834965.0,3266.2091914208486
Sri Lanka,2023,83722922168.67744,22971617.0,3644.624676124343
Sri Lanka,2024,98714223454.8336,23103565.0,4272.683607695765
State of Palestine,2014,13989700000.0,4415882.0,3168.0420808345875
State of Palestine,2015,13972400000.0,4521565.0,3090.1690012197105
State of Palestine,2016,15405400000.0,4632739.0,3325.333026531389
State of Palestine,2017,16128000000.0,4742743.0,3400.563766579804
State of Palestine,2018,16276600000.0,4850592.0,3355.5904104076367
State of Palestine,2019,17133500000.0,4957768.0,3455.8898278418837
State of Palestine,2020,15531700000.0,5069692.0,3063.6377910137344
State of Palestine,2021,18109000000.0,5185336.0,3492.3484225515954
State of Palestine,2022,19165500000.0,5305270.0,3612.539983827402
State of Palestine,2023,18635100000.0,5409202.0,3445.0737835266646
State of Palestine,2024,16016900000.0,5495443.0,2914.5784971293488
Sudan,2014,78091164747.30684,38823318.0,2011.450045235877
Sudan,2015,83933412540.55333,40024431.0,2097.0544850607203
Sudan,2016,97462332380.06606,41259892.0,2362.156749709041
Sudan,2017,122072595221.5652,42714306.0,2857.885487395375
Sudan,2018,51916339580.410416,44230596.0,1173.7653180257942
Sudan,2019,40940003476.10175,45548175.0,898.8286243324075
Sudan,2020,40842443915.08163,46789231.0,872.9026539265334
Sudan,2021,41905282173.09262,48066924.0,871.811189188903
Sudan,2022,44506446733.34792,49383346.0,901.2440496305763
Sudan,2023,32562131661.925133,50042791.0,650.6857633485138
Sudan,2024,25574178905.07514,50448963.0,506.93170650653695
Suriname,2014,5563824212.727273,575373.0,9669.943172041916
Suriname,2015,5126238146.341474,581627.0,8813.617913785765
Suriname,2016,3317421499.773147,587757.0,5644.205853393744
Suriname,2017,3591679371.039912,593713.0,6049.521184545247
Suriname,2018,3996198760.3238983,599513.0,6665.741627494147
Suriname,2019,4254805980.1555376,605768.0,7023.820968019997
Suriname,2020,4159114877.203264,612317.0,6792.421045313562
Suriname,2021,3356938756.4880595,617896.0,5432.854002110484
Suriname,2022,3791603237.378675,623164.0,6084.438827304971
Suriname,2023,3455146237.9894414,628886.0,5494.074026118313
Suriname,2024,4434961371.026038,634431.0,6990.455023518773
Sweden,2014,577727767303.5957,9696433.0,59581.47365155782
Sweden,2015,501602351911.60016,9799481.0,51186.62426220329
Sweden,2016,513058312950.9396,9923280.0,51702.492820009065
Sweden,2017,535172356784.7687,10057862.0,53209.355704499496
Sweden,2018,549649344043.1821,10175405.0,54017.44147217552
Sweden,2019,530894124494.41754,10279125.0,51647.79341572532
Sweden,2020,544265668451.6781,10353686.0,52567.333841462656
Sweden,2021,631693331300.7758,10416131.0,60645.678448242994
Sweden,2022,575071237640.9271,10487338.0,54834.81486349797
Sweden,2023,578990915246.0757,10551494.0,54872.88484892051
Sweden,2024,604899027292.8574,10606999.0,57028.29115877709
Switzerland,2014,726537808338.0005,8190235.0,88707.80976834004
Switzerland,2015,694118186379.6278,8283934.0,83790.88804662468
Switzerland,2016,687895460902.7133,8374901.0,82137.74239274151
Switzerland,2017,695200833086.4996,8453628.0,82236.97956504587
Switzerland,2018,725562534363.8956,8516344.0,85196.4803633925
Switzerland,2019,721416903503.7922,8577524.0,84105.49518763133
Switzerland,2020,741901944161.923,8640582.0,85862.49678111069
Switzerland,2021,815309330986.7185,8707023.0,93638.12763406258
Switzerland,2022,828508926958.3933,8792182.0,94232.45867276101
Switzerland,2023,894424821645.2047,8870561.0,100830.69398262462
Switzerland,2024,936564198048.516,8921981.0,104972.67345094279
Syrian Arab Republic,2014,23434859213.13177,20273659.0,1155.926476475301
Syrian Arab Republic,2015,20181739940.583935,19424618.0,1038.977442984152
Syrian Arab Republic,2016,13520229839.515083,19193834.0,704.4048541586368
Syrian Arab Republic,2017,17476177954.50636,19224668.0,909.0496623664117
Syrian Arab Republic,2018,22985573019.113403,19577845.0,1174.0604248891236
Syrian Arab Republic,2019,28312333212.29095,20353534.0,1391.0278781213597
Syrian Arab Republic,2020,21239167227.077652,21049429.0,1009.0139370088211
Syrian Arab Republic,2021,33006271496.815285,21628839.0,1526.0306619701264
Syrian Arab Republic,2022,35354913385.74161,22462173.0,1573.9756516763364
Syrian Arab Republic,2023,26190028546.66417,23594623.0,1109.9998735586566
Syrian Arab Republic,2024,17254337085.444523,24672760.0,699.3273993442373
Tajikistan,2014,9477768271.14572,8425552.0,1124.883956700489
Tajikistan,2015,8271431932.436789,8643840.0,956.9163626856568
Tajikistan,2016,6992416096.890184,8865631.0,788.710481734485
Tajikistan,2017,7536403146.683775,9085946.0,829.4571799880579
Tajikistan,2018,7765000282.293982,9307333.0,834.288434967781
Tajikistan,2019,8300813889.636991,9529966.0,871.0224033996544
Tajikistan,2020,8133963813.332977,9749310.0,834.311742403614
Tajikistan,2021,8937805347.13963,9966908.0,896.7480533721822
Tajikistan,2022,10713525200.39978,10182222.0,1052.1794948489417
Tajikistan,2023,12244141488.815784,10389799.0,1178.4772245176046
Tajikistan,2024,13948876023.578356,10590927.0,1317.0590283153076
Thailand,2014,407339189958.89795,70216367.0,5801.200024474321
Thailand,2015,401296183735.8508,70540795.0,5688.85258148637
Thailand,2016,413366345843.7435,70859841.0,5833.577101079631
Thailand,2017,456356812774.56287,71160187.0,6413.091814592377
Thailand,2018,506754119583.13055,71376079.0,7099.775256401105
Thailand,2019,543976534595.7997,71522271.0,7605.694380087563
Thailand,2020,500461895072.5272,71641484.0,6985.64389135947
Thailand,2021,506194661796.72815,71727332.0,7057.207450525668
Thailand,2022,495645401380.5847,71735329.0,6909.36262912497
Thailand,2023,515906290154.5989,71702435.0,7195.101395853556
Thailand,2024,526517657636.17017,71668011.0,7346.6202046010485
Timor-Leste,2014,1447535183.0,1181903.0,1224.7495632044254
Timor-Leste,2015,1590282371.0,1205131.0,1319.592949646138
Timor-Leste,2016,1640464612.0,1228312.0,1335.5439106676479
Timor-Leste,2017,1584878440.0,1251703.0,1266.1777114858717
Timor-Leste,2018,1555988614.0,1275959.0,1219.4659969481777
Timor-Leste,2019,2032550389.0,1300945.0,1562.3645803627362
Timor-Leste,2020,2162619241.0,1326053.0,1630.8693853111452
Timor-Leste,2021,3625024341.0,1350139.0,2684.926767540231
Timor-Leste,2022,3208599889.0,1369295.0,2343.2495473948275
Timor-Leste,2023,2079767170.0,1384286.0,1502.411474218478
Timor-Leste,2024,1865608515.0,1400638.0,1331.9705127234874
Togo,2014,6393314709.469062,7472450.0,855.5848094626343
Togo,2015,5755457836.187957,7663195.0,751.0519876093401
Togo,2016,6071167583.549445,7858289.0,772.581357538447
Togo,2017,6387424244.413805,8057140.0,792.7657015285579
Togo,2018,7029215761.424089,8258778.0,851.1205606233864
Togo,2019,6992654017.136118,8463068.0,826.2552087654403
Togo,2020,7486031568.229462,8669720.0,863.4686666039344
Togo,2021,8541668140.752064,8878379.0,962.0751874584384
Togo,2022,8364770572.986956,9089738.0,920.243308771601
Togo,2023,9390504324.313826,9304337.0,1009.2609848841272
Togo,2024,10163010513.55577,9515236.0,1068.0776087483034
Tonga,2014,432766836.93976384,106609.0,4059.3837006234357
Tonga,2015,403731021.9904052,106095.0,3805.3727507460785
Tonga,2016,421187976.4555902,105524.0,3991.3950992721107
Tonga,2017,460925653.47728366,105356.0,4374.935015350656
Tonga,2018,484089127.7770931,105567.0,4585.6103496082405
Tonga,2019,502148371.1326631,105669.0,4752.087851050574
Tonga,2020,508903350.91729945,105704.0,4814.4190467465705
Tonga,2021,522276746.4543648,105490.0,4950.959773005638
Tonga,2022,543084453.4765917,105042.0,5170.164824323525
Tonga,2023,590620355.8216598,104597.0,5646.628066021586
Tonga,2024,647770486.951357,104175.0,6218.099226794884
Trinidad and Tobago,2014,29474181946.01945,1421131.0,20739.947229368336
Trinidad and Tobago,2015,26841143192.685707,1429188.0,18780.694487139346
Trinidad and Tobago,2016,23624323377.784687,1437026.0,16439.732738158313
Trinidad and Tobago,2017,23830750894.642326,1445261.0,16488.890860987965
Trinidad and Tobago,2018,23883058444.948765,1470518.0,16241.255424924255
Trinidad and Tobago,2019,23477746888.86954,1484894.0,15811.05916575159
Trinidad and Tobago,2020,20888516159.583157,1481024.0,14104.103754958162
Trinidad and Tobago,2021,24222963082.96744,1487717.0,16281.969677678915
Trinidad and Tobago,2022,28341164461.09546,1495921.0,18945.62912152143
Trinidad and Tobago,2023,25036992017.24941,1502932.0,16658.765677521944
Trinidad and Tobago,2024,25633543590.65549,1507782.0,17000.82876082583
Tunisia,2014,49920148668.62032,11274288.0,4427.787250833075
Tunisia,2015,45779485708.53247,11402264.0,4014.947006009725
Tunisia,2016,44360065796.62023,11528674.0,3847.8029473832144
Tunisia,2017,42163530590.9462,11650498.0,3619.0324731995315
Tunisia,2018,42686498321.15972,11765514.0,3628.103142893691
Tunisia,2019,41905622307.430214,11875081.0,3528.8704394883885
Tunisia,2020,42491772812.73432,11974057.0,3548.6529597056638
Tunisia,2021,47073245843.691216,12048622.0,3906.9402163742225
Tunisia,2022,44948754479.63655,12119334.0,3708.8469118547728
Tunisia,2023,48196273507.64618,12200431.0,3950.3746636201768
Tunisia,2024,53493057008.157814,12277109.0,4357.137906664982
Turkmenistan,2014,43524210526.31577,6075283.0,7164.145361840061
Turkmenistan,2015,36051602134.73587,6215770.0,5800.021901507917
Turkmenistan,2016,36169428571.42857,6360041.0,5686.980409627638
Turkmenistan,2017,37915175475.71429,6507061.0,5826.774249651922
Turkmenistan,2018,40750118320.57143,6655524.0,6122.751314632991
Turkmenistan,2019,44961144684.85714,6803944.0,6608.100343691415
Turkmenistan,2020,45441575695.14286,6949912.0,6538.439003996434
Turkmenistan,2021,49462686138.57143,7092043.0,6974.391742770233
Turkmenistan,2022,56660868002.28571,7230193.0,7836.702008132524
Turkmenistan,2023,62795360756.28571,7364438.0,8526.836773734223
Turkmenistan,2024,68654953570.85714,7494498.0,9160.714109318214
Turks and Caicos Islands,2014,841070000.0,35050.0,23996.291012838803
Turks and Caicos Islands,2015,942070000.0,36605.0,25736.101625461004
Turks and Caicos Islands,2016,1032452000.0,38315.0,26946.41785201618
Turks and Caicos Islands,2017,1022365000.0,39913.0,25614.837271064567
Turks and Caicos Islands,2018,1113178000.0,41559.0,26785.48569503597
Turks and Caicos Islands,2019,1197415000.0,43166.0,27739.772042811474
Turks and Caicos Islands,2020,924583000.0,44386.0,20830.509620150497
Turks and Caicos Islands,2021,1244800908.0,45243.0,27513.668589616074
Turks and Caicos Islands,2022,1443794443.0,45847.0,31491.579449037014
Turks and Caicos Islands,2023,1649708355.0,46198.0,35709.518918567905
Turks and Caicos Islands,2024,1757153387.0,46535.0,37759.82350918664
Tuvalu,2014,37587151.359696046,10984.0,3421.9912017203246
Tuvalu,2015,36193811.46335173,10963.0,3301.4513785781014
Tuvalu,2016,41306120.80348784,10930.0,3779.151034170891
Tuvalu,2017,45288879.260078855,10869.0,4166.793565192645
Tuvalu,2018,48168918.797024675,10751.0,4480.412872944347
Tuvalu,2019,53789566.20756204,10581.0,5083.599490365942
Tuvalu,2020,52469410.10604375,10399.0,5045.62074296026
Tuvalu,2021,61457319.765474744,10194.0,6028.773765496836
Tuvalu,2022,54187108.18193596,9992.0,5423.049257599676
Tuvalu,2023,50548757.38942415,9816.0,5149.628910903031
Tuvalu,2024,56436015.00375176,9646.0,5850.716877851105
Türkiye,2014,938934430207.7368,78036154.0,12032.043893497581
Türkiye,2015,864313960372.0521,80014226.0,10802.00363835366
Türkiye,2016,869682954268.6521,81652088.0,10651.080401871071
Türkiye,2017,858988578600.1104,83083662.0,10338.83868287017
Türkiye,2018,778972084228.8331,84415969.0,9227.781111282786
Türkiye,2019,761005874399.3402,85357672.0,8915.494724356355
Türkiye,2020,720338447613.7542,86091692.0,8367.107567287145
Türkiye,2021,819865265706.0667,86686253.0,9457.846398160347
Türkiye,2022,907118411748.81,87058473.0,10419.645331348851
Türkiye,2023,1118252958480.403,87270501.0,12813.642017253953
Türkiye,2024,1323254808049.0996,87473805.0,15127.440815557293
Uganda,2014,38986727381.86517,36395539.0,1071.1952193334785
Uganda,2015,30173262119.160694,37531446.0,803.9461660805899
Uganda,2016,30479363533.096443,38799152.0,785.567775633252
Uganda,2017,31593349369.91389,40177388.0,786.3465233208761
Uganda,2018,34075640680.141357,41565831.0,819.7993366267923
Uganda,2019,37774752756.09548,42999637.0,878.4900383251022
Uganda,2020,38060657836.99197,44457152.0,856.1200194963449
Uganda,2021,42817894062.06664,45910930.0,932.6296387824565
Uganda,2022,47397467603.48388,47312719.0,1001.7912435656864
Uganda,2023,51022499565.53901,48656601.0,1048.6244110134
Uganda,2024,56369139118.69174,50015092.0,1127.0425958367075
Ukraine,2014,133503867181.97246,45972380.0,2904.001645813692
Ukraine,2015,91030968761.41595,45784896.0,1988.2314194055602
Ukraine,2016,93355868977.66232,45616832.0,2046.5224103607704
Ukraine,2017,112090503817.39868,45436041.0,2466.995392873219
Ukraine,2018,130891086689.52171,45208907.0,2895.249971195316
Ukraine,2019,153883045524.93103,44957458.0,3422.8591288442294
Ukraine,2020,156617719786.25385,44680014.0,3505.3193982046164
Ukraine,2021,199765856764.5007,44298640.0,4509.5257273022535
Ukraine,2022,161989522724.62885,41048766.0,3946.2702173465786
Ukraine,2023,181221517290.6661,37732836.0,4802.753688873694
Ukraine,2024,190741263768.58856,37860221.0,5038.038836820011
United Arab Emirates,2014,424935834104.28864,8236874.0,51589.45421579699
United Arab Emirates,2015,381973135513.1382,8674633.0,44033.34821347926
United Arab Emirates,2016,381717208620.8305,9030873.0,42268.02974871095
United Arab Emirates,2017,403365056078.9653,9234327.0,43681.045308333276
United Arab Emirates,2018,440560003161.3342,9346870.0,47134.4956291608
United Arab Emirates,2019,433926218686.1811,9377847.0,46271.411624243934
United Arab Emirates,2020,357161776271.2049,9448524.0,37800.80108503772
United Arab Emirates,2021,422441282436.21515,9789048.0,43154.48064369642
United Arab Emirates,2022,511403404642.06946,10242086.0,49931.56712822656
United Arab Emirates,2023,522622268401.0892,10642081.0,49109.029371331526
United Arab Emirates,2024,552324919095.9836,11027129.0,50087.826042117005
United Kingdom of Great Britain and Northern Ireland,2014,3085362169410.2915,64865916.0,47565.22931720091
United Kingdom of Great Britain and Northern Ireland,2015,2945579890258.4585,65382110.0,45051.77165830926
United Kingdom of Great Britain and Northern Ireland,2016,2706807606538.7305,65893358.0,41078.610784090415
United Kingdom of Great Britain and Northern Ireland,2017,2699208415975.53,66354471.0,40678.62158038348
United Kingdom of Great Britain and Northern Ireland,2018,2897221642263.6045,66752475.0,43402.46024231468
United Kingdom of Great Britain and Northern Ireland,2019,2875710080015.3003,67110958.0,42850.08239660802
United Kingdom of Great Britain and Northern Ireland,2020,2724001478304.591,67351861.0,40444.33869918741
United Kingdom of Great Britain and Northern Ireland,2021,3194559188925.9272,67668792.0,47208.75154570407
United Kingdom of Great Britain and Northern Ireland,2022,3181244350465.4146,68179315.0,46659.96351628664
United Kingdom of Great Britain and Northern Ireland,2023,3420796653789.085,68682962.0,49805.60759434174
United Kingdom of Great Britain and Northern Ireland,2024,3685880951202.0586,69138192.0,53311.792579158835
United Republic of Tanzania: Mainland,2014,49964824073.69196,48956822.0,1020.5896141234814
United Republic of Tanzania: Mainland,2015,47378602926.371056,50579779.0,936.7103586271315
United Republic of Tanzania: Mainland,2016,49774005761.29988,52335977.0,951.0476084415102
United Republic of Tanzania: Mainland,2017,53274907534.80251,54118599.0,984.4103232384584
United Republic of Tanzania: Mainland,2018,54774616385.80538,55857296.0,980.617042146211
United Republic of Tanzania: Mainland,2019,58797221362.821014,57549302.0,1021.6843527106726
United Republic of Tanzania: Mainland,2020,63371879460.845375,59301200.0,1068.6441330166233
United Republic of Tanzania: Mainland,2021,67964822210.80189,61112804.0,1112.1208284077734
United Republic of Tanzania: Mainland,2022,74171747533.4368,62948832.0,1178.286318853967
United Republic of Tanzania: Mainland,2023,78367749736.19246,64810025.0,1209.191783774076
United Republic of Tanzania: Mainland,2024,79235713506.73964,66707987.0,1187.7994985329065
United Republic of Tanzania: Zanzibar,2014,1296673130.4410532,1394690.0,929.7213936007665
United Republic of Tanzania: Zanzibar,2015,1183394018.1673715,1441183.0,821.1268230109372
United Republic of Tanzania: Zanzibar,2016,1262696631.277883,1488036.0,848.5659159307188
United Republic of Tanzania: Zanzibar,2017,1450833536.476846,1534291.0,945.6051925461636
United Republic of Tanzania: Zanzibar,2018,1649010615.7175028,1579849.0,1043.7773582902562
United Republic of Tanzania: Zanzibar,2019,1807397933.1703696,1625589.0,1111.8418820319093
United Republic of Tanzania: Zanzibar,2020,1834625923.493736,1671598.0,1097.5281876944912
United Republic of Tanzania: Zanzibar,2021,2080370102.9963892,1717608.0,1211.2019174319107
United Republic of Tanzania: Zanzibar,2022,2344863670.899641,1762989.0,1330.0500859050403
United Republic of Tanzania: Zanzibar,2023,2535120455.778682,1807581.0,1402.493418429759
United Republic of Tanzania: Zanzibar,2024,2529966105.6420465,1852170.0,1365.947027347407
United States,2014,17608138000000.0,323115377.0,54494.89332103189
United States,2015,18295019000000.0,326126497.0,56097.92264134858
United States,2016,18804913000000.0,329179427.0,57126.63507370404
United States,2017,19612102000000.0,332204660.0,59036.203766678045
United States,2018,20656516000000.0,335056497.0,61650.84451414175
United States,2019,21540000000000.0,337790067.0,63767.41681986759
United States,2020,21375300000000.0,339436159.0,62972.960992055065
United States,2021,23725600000000.0,340161441.0,69748.05824626079
United States,2022,26054600000000.0,341534046.0,76286.97725789832
United States,2023,27811500000000.0,343477335.0,80970.40813479004
United States,2024,29298000000000.0,345426571.0,84816.86835839853
Uruguay,2014,60484771780.80984,3356334.0,18021.082461045247
Uruguay,2015,57080759094.680565,3368017.0,16947.883307798198
Uruguay,2016,57480793302.63306,3379283.0,17009.76014812404
Uruguay,2017,65006047648.41472,3388438.0,19184.664924786794
Uruguay,2018,65344574763.358444,3394534.0,19249.9396863777
Uruguay,2019,62222324800.11913,3397206.0,18315.734989317436
Uruguay,2020,53559350250.133224,3398968.0,15757.532948275248
Uruguay,2021,60739063979.7771,3396695.0,17881.812756157706
Uruguay,2022,70594087789.69064,3390913.0,20818.60778784081
Uruguay,2023,77991632265.72981,3388081.0,23019.41195199578
Uruguay,2024,80961507875.2499,3386588.0,23906.512358530148
Uzbekistan,2014,80845385816.20619,30222994.0,2674.9628384337498
Uzbekistan,2015,86196264741.94232,30749346.0,2803.190179782761
Uzbekistan,2016,86138288633.22409,31284568.0,2753.379513925974
Uzbekistan,2017,69703222283.31163,31819178.0,2190.6041156472247
Uzbekistan,2018,58695899095.31501,32373490.0,1813.0853082356894
Uzbekistan,2019,67293639798.39958,32964701.0,2041.384807294311
Uzbekistan,2020,66443265417.21627,33586372.0,1978.2805185751015
Uzbekistan,2021,77340060004.42703,34243696.0,2258.5196412334412
Uzbekistan,2022,90095926564.47624,34938955.0,2578.6668938574794
Uzbekistan,2023,102641879249.92905,35652307.0,2878.9687929571865
Uzbekistan,2024,114965293466.84818,36361859.0,3161.7001063352723
Vanuatu,2014,773717013.2033039,260240.0,2973.0902751433446
Vanuatu,2015,759690183.2751008,266101.0,2854.8941314579833
Vanuatu,2016,804323576.861028,272087.0,2956.126448014892
Vanuatu,2017,880043281.6787136,278507.0,3159.8605481324116
Vanuatu,2018,914727908.1377932,285259.0,3206.6574871881103
Vanuatu,2019,936526267.6225132,291985.0,3207.4465045208253
Vanuatu,2020,909421043.508407,298858.0,3042.987115982865
Vanuatu,2021,982362211.918412,305868.0,3211.71947349318
Vanuatu,2022,1030654211.2787734,313046.0,3292.341097726128
Vanuatu,2023,1090079252.211145,320409.0,3402.149291097144
Vanuatu,2024,1092148325.1944118,327777.0,3331.985847678183
Venezuela (Bolivarian Republic of),2014,363089976783.3395,30254079.0,12001.356140550155
Venezuela (Bolivarian Republic of),2015,343661331097.5576,30573972.0,11240.323340963274
Venezuela (Bolivarian Republic of),2016,287807478588.68585,30765720.0,9354.810438003266
Venezuela (Bolivarian Republic of),2017,247051273388.19904,30565323.0,8082.730661416503
Venezuela (Bolivarian Republic of),2018,203126876717.1796,29807592.0,6814.602022101604
Venezuela (Bolivarian Republic of),2019,149255742860.7259,28938098.0,5157.759257734419
Venezuela (Bolivarian Republic of),2020,105888784842.15732,28444077.0,3722.700681838167
Venezuela (Bolivarian Republic of),2021,111774666884.56224,28237826.0,3958.3311719734456
Venezuela (Bolivarian Republic of),2022,129303227352.58488,28213017.0,4583.105286208309
Venezuela (Bolivarian Republic of),2023,139458540437.90237,28300854.0,4927.714917645325
Venezuela (Bolivarian Republic of),2024,150493791292.9448,28405543.0,5298.04310704234
Viet Nam,2014,233451469529.0798,91679578.0,2546.3846433616854
Viet Nam,2015,239258328374.83508,92823254.0,2577.568853326722
Viet Nam,2016,257096001322.80017,94000117.0,2735.0604395822206
Viet Nam,2017,281353606165.8908,95176977.0,2956.1099231581056
Viet Nam,2018,310106478468.03674,96237319.0,3222.3100320161325
Viet Nam,2019,334365270373.5862,97173776.0,3440.9002524877305
Viet Nam,2020,346615738493.8063,98079191.0,3534.0395343779524
Viet Nam,2021,366474752802.87616,98935098.0,3704.193559325894
Viet Nam,2022,413445230766.4914,99680655.0,4147.697773118479
Viet Nam,2023,433857681212.2928,100352192.0,4323.350318170357
Viet Nam,2024,476388230300.6045,100987686.0,4717.290287259424
Yemen,2014,33224132578.454098,30226309.0,1099.1792804888648
Yemen,2015,24818907162.03036,31159379.0,796.5148202096826
Yemen,2016,18728482383.452873,32109010.0,583.2781011763636
Yemen,2017,18391649816.162582,33090921.0,555.791415299761
Yemen,2018,26671579498.613247,34085182.0,782.497787414286
Yemen,2019,12980213073.90184,35111408.0,369.68648690766946
Yemen,2020,9265635138.93344,36134863.0,256.41816156694546
Yemen,2021,6831937299.960576,37140230.0,183.9497843702254
Yemen,2022,6424661813.655832,38222876.0,168.08420731228682
Yemen,2023,5389248419.582253,39390799.0,136.8149049117347
Yemen,2024,14303921174.112684,40583164.0,352.459487242362
Zambia,2014,27144608116.939777,15895315.0,1707.7112417677647
Zambia,2015,21245151326.472305,16399089.0,1295.5080203828581
Zambia,2016,20965129798.593258,16914423.0,1239.482410874628
Zambia,2017,25873572864.72288,17441320.0,1483.464145186424
Zambia,2018,26311494243.63355,17973569.0,1463.8992536003032
Zambia,2019,23308748818.696663,18513839.0,1258.990575574124
Zambia,2020,18137765281.97822,19059395.0,951.644335089242
Zambia,2021,22096417390.81511,19603607.0,1127.1608021327456
Zambia,2022,29163781578.248768,20152938.0,1447.1230734818303
Zambia,2023,27577956651.486816,20723965.0,1330.7278144644047
Zambia,2024,25303185554.190247,21314956.0,1187.1094434438544
Zimbabwe,2014,19495519631.0,14207359.0,1372.2127828965256
Zimbabwe,2015,22299501312.0,14399013.0,1548.6826292885492
Zimbabwe,2016,25639959138.0,14600294.0,1756.1262217048506
Zimbabwe,2017,30720243329.0,14812482.0,2073.9429981417024
Zimbabwe,2018,36813836279.0,15034452.0,2448.6317345653833
Zimbabwe,2019,39294948852.0,15271368.0,2573.112562803804
Zimbabwe,2020,33747219290.0,15526888.0,2173.4696154181056
Zimbabwe,2021,36001423579.0,15797210.0,2278.97353893504
Zimbabwe,2022,38965789594.0,16069056.0,2424.8959984954936
Zimbabwe,2023,44476312403.0,16340822.0,2721.791621192618
Zimbabwe,2024,45718793860.0,16634373.0,2748.4530892748407
