country,year,prct_access_elec,prct_renew_prod,prct_renew_cons
Afghanistan,2015,71.5,2.83229014034404,17.7
Afghanistan,2016,97.7,3.19005850365957,20.2
Afghanistan,2017,97.7,3.16865225907967,19.5
Afghanistan,2018,93.4,3.47404347045087,18.3
Afghanistan,2019,97.7,3.82453122312059,18.9
Afghanistan,2020,97.7,5.43252738169043,18.2
Afghanistan,2021,97.7,6.57829189006628,20
Afghanistan,2022,85.3,..,20
Afghanistan,2023,85.3,..,..
Afghanistan,2024,..,..,..
Africa Eastern and Southern,2015,33.9222756622758,2.56892369207893,61.6702780479896
Africa Eastern and Southern,2016,38.8595976583714,2.46989096363573,61.8228841937413
Africa Eastern and Southern,2017,40.2237441730368,3.78389814132683,61.4269497576408
Africa Eastern and Southern,2018,43.0350733507835,3.94859026174593,61.5875298317964
Africa Eastern and Southern,2019,44.390860533364,5.08754635514056,62.6907096127666
Africa Eastern and Southern,2020,46.2823709455637,4.49718013313305,65.7823798017466
Africa Eastern and Southern,2021,48.1272110400485,5.30096305358396,..
Africa Eastern and Southern,2022,48.8012579607658,..,..
Africa Eastern and Southern,2023,50.6675157944854,..,..
Africa Eastern and Southern,2024,..,..,..
Africa Western and Central,2015,46.8624182524845,-0.0940054551520296,76.181670524591
Africa Western and Central,2016,51.0451271925992,-0.365331328745162,75.7968398295924
Africa Western and Central,2017,48.9007280475057,0.257857000181396,76.1016805879549
Africa Western and Central,2018,51.3358293517534,0.429383435826366,75.4765777368905
Africa Western and Central,2019,51.2915769115352,0.63965511786657,75.0787881678252
Africa Western and Central,2020,51.8560428463068,0.534586327460861,75.846980103796
Africa Western and Central,2021,54.368598708444,0.515488314606178,..
Africa Western and Central,2022,55.6866829669796,..,..
Africa Western and Central,2023,57.0692665803595,..,..
Africa Western and Central,2024,..,..,..
Albania,2015,100,0.0242578456318914,38.5
Albania,2016,99.9,0.013621177075302,39.4
Albania,2017,99.9,0.0481661511268228,36.9
Albania,2018,100,0.017303869987139,37.8
Albania,2019,100,0.442758355743373,40.1
Albania,2020,100,0.624317711274233,44.4
Albania,2021,100,0.465409506806516,41.9
Albania,2022,100,..,..
Albania,2023,100,..,..
Albania,2024,..,..,..
Algeria,2015,99.4,0.263844879211605,0.1
Algeria,2016,99.4,0.299308421482598,0.1
Algeria,2017,99.5,0.761806414270304,0.1
Algeria,2018,99.6,0.866989290792168,0.2
Algeria,2019,99.5,0.843951622795182,0.2
Algeria,2020,99.7,1.00020213505148,0.1
Algeria,2021,99.8,0.900702658390912,0.1
Algeria,2022,100,..,..
Algeria,2023,100,..,..
Algeria,2024,..,..,..
American Samoa,2015,..,1.51931173347977,0.2
American Samoa,2016,..,1.83115895395776,0.2
American Samoa,2017,..,4.58748221906117,0.3
American Samoa,2018,..,4.7562283943259,0.3
American Samoa,2019,..,4.27379925222893,0.4
American Samoa,2020,..,3.87100430741329,0.4
American Samoa,2021,..,3.8725406815218,0.4
American Samoa,2022,..,..,0.4
American Samoa,2023,..,..,..
American Samoa,2024,..,..,..
Andorra,2015,100,14.0894504612916,19
Andorra,2016,100,14.4662921348315,18.9
Andorra,2017,100,16.3889928865593,18
Andorra,2018,100,14.9964412811388,17.6
Andorra,2019,100,13.5352061291499,17.2
Andorra,2020,100,14.2270018494417,20.9
Andorra,2021,100,17.4766624963911,18.4
Andorra,2022,100,..,18.7
Andorra,2023,100,..,..
Andorra,2024,..,..,..
Angola,2015,42,-2.02336352408399,47.1
Angola,2016,41.8,0.72992299229923,48.1
Angola,2017,42.9,12.9602383834621,52.5
Angola,2018,45.3,8.7914499847048,52.5
Angola,2019,45.6,13.4239253582139,51
Angola,2020,47,9.68738673432403,60.1
Angola,2021,48.2,18.8968817134301,52.9
Angola,2022,48.5,..,..
Angola,2023,51.1,..,..
Angola,2024,..,..,..
Antigua and Barbuda,2015,100,1.55200370627751,0.4
Antigua and Barbuda,2016,100,1.55959364715982,0.4
Antigua and Barbuda,2017,100,1.84609239021885,0.4
Antigua and Barbuda,2018,100,2.82657253950307,0.7
Antigua and Barbuda,2019,100,3.68746637977407,0.7
Antigua and Barbuda,2020,100,4.9484175555167,0.9
Antigua and Barbuda,2021,100,5.65579264886605,0.9
Antigua and Barbuda,2022,100,..,0.9
Antigua and Barbuda,2023,100,..,..
Antigua and Barbuda,2024,..,..,..
Arab World,2015,88.6616431398725,0.569675301315456,4.21496941236506
Arab World,2016,89.1861710572826,0.806960504574608,4.29077756155343
Arab World,2017,90.3510669396465,0.89461755774035,4.3581617981618
Arab World,2018,88.6898406472267,1.11925732140354,4.50425823426351
Arab World,2019,89.9289963083413,1.48131334552344,4.70633158020559
Arab World,2020,90.2417769685806,2.18655778496935,5.17060073389405
Arab World,2021,90.4340947732985,2.469037054181,..
Arab World,2022,90.6545179070033,..,..
Arab World,2023,91.6454299444509,..,..
Arab World,2024,..,..,..
Argentina,2015,99.7,-3.80281477101625,9.4
Argentina,2016,99.9,-2.9382760494498,9.4
Argentina,2017,100,-3.09416110516053,10.4
Argentina,2018,100,-2.69236376021798,10.5
Argentina,2019,100,1.5032854430153,10.7
Argentina,2020,100,6.17318136617456,9.8
Argentina,2021,100,9.06192102050542,9.2
Argentina,2022,100,..,..
Argentina,2023,100,..,..
Argentina,2024,..,..,..
Armenia,2015,100,0.0423131170662906,10.7
Armenia,2016,99.8,0.0323991797676008,13.2
Armenia,2017,99.7,0.0321957501609788,12.6
Armenia,2018,99.9,0.275959440379926,11.1
Armenia,2019,100,0.36202630550853,10.3
Armenia,2020,100,0.750191375350855,8.4
Armenia,2021,100,2.10305876380251,9.1
Armenia,2022,100,..,..
Armenia,2023,100,..,..
Armenia,2024,..,..,..
Aruba,2015,100,18.9002071637882,6.7
Aruba,2016,100,15.7270434965329,7
Aruba,2017,100,14.6995368050798,6.8
Aruba,2018,100,14.6470009449678,8.6
Aruba,2019,100,15.0205308345377,8.3
Aruba,2020,100,14.7971787957078,9.1
Aruba,2021,100,14.7971787957078,8.8
Aruba,2022,99.9,..,8.8
Aruba,2023,100,..,..
Aruba,2024,..,..,..
Australia,2015,100,7.98431659191756,9.4
Australia,2016,100,8.61820532591848,9.6
Australia,2017,100,9.36755170930399,9.9
Australia,2018,100,10.9604835744055,9.8
Australia,2019,100,13.656230825752,10.3
Australia,2020,100,16.8875246061136,11.2
Australia,2021,100,20.937361139354,12.3
Australia,2022,100,..,..
Australia,2023,100,..,..
Australia,2024,..,..,..
Austria,2015,100,15.9661097413437,34.8
Austria,2016,100,16.2666012765708,34.6
Austria,2017,100,17.892616790982,34
Austria,2018,100,18.094276928458,34.1
Austria,2019,100,18.6002370881267,34
Austria,2020,100,18.5045480856694,35.8
Austria,2021,100,19.7907315280683,36
Austria,2022,100,..,..
Austria,2023,100,..,..
Austria,2024,..,..,..
Azerbaijan,2015,100,0.775599481529488,2.3
Azerbaijan,2016,100,0.933031420327028,1.9
Azerbaijan,2017,100,0.945723684210526,1.9
Azerbaijan,2018,100,1.12648143010028,1.9
Azerbaijan,2019,100,1.32824486038662,1.7
Azerbaijan,2020,100,1.33209489531329,1.3
Azerbaijan,2021,100,1.21956467171083,1.3
Azerbaijan,2022,100,..,..
Azerbaijan,2023,100,..,..
Azerbaijan,2024,..,..,..
"Bahamas, The",2015,100,0.187146837890514,1.4
"Bahamas, The",2016,100,0.212265020515441,1.2
"Bahamas, The",2017,100,0.22405023958657,1.1
"Bahamas, The",2018,100,0.21874610832264,1.1
"Bahamas, The",2019,100,0.259294143719874,1.1
"Bahamas, The",2020,100,0.314668862486766,1.4
"Bahamas, The",2021,100,0.480875807854305,1.1
"Bahamas, The",2022,100,..,1.1
"Bahamas, The",2023,100,..,..
"Bahamas, The",2024,..,..,..
Bahrain,2015,100,0.0331765201516641,0
Bahrain,2016,100,0.0331462644686075,0
Bahrain,2017,100,0.0323353293413174,0
Bahrain,2018,100,0.0319742852309254,0
Bahrain,2019,100,0.0338337914992599,0
Bahrain,2020,100,0.0335510155173447,0
Bahrain,2021,100,0.0374420435657423,0
Bahrain,2022,100,..,..
Bahrain,2023,100,..,..
Bahrain,2024,..,..,..
Bangladesh,2015,74,0.811231737012987,33.1
Bangladesh,2016,75.9,0.343846377654932,30.2
Bangladesh,2017,88,0.432246974885066,28.1
Bangladesh,2018,86.9,0.212492872980678,27
Bangladesh,2019,92.2,0.514082597469966,26.1
Bangladesh,2020,96.2,0.447563019301309,27.2
Bangladesh,2021,99,0.778793284365163,25
Bangladesh,2022,99.4,..,..
Bangladesh,2023,99.5,..,..
Bangladesh,2024,..,..,..
Barbados,2015,100,1.34096311632544,3
Barbados,2016,100,1.32797236458363,2.8
Barbados,2017,100,2.31115908273211,4.3
Barbados,2018,100,2.30119275563441,4.9
Barbados,2019,100,3.40916985064258,3.4
Barbados,2020,100,5.44542672560354,4.7
Barbados,2021,100,7.32507956609401,5.5
Barbados,2022,100,..,5.5
Barbados,2023,100,..,..
Barbados,2024,..,..,..
Belarus,2015,97.4,0.510856170412535,6.8
Belarus,2016,98,0.744831079068105,6.7
Belarus,2017,98.7,1.0111545704766,7.3
Belarus,2018,99.3,1.15505566100652,7.2
Belarus,2019,100,1.6384529840603,7.8
Belarus,2020,100,2.45927155753865,8.4
Belarus,2021,100,2.24690220422416,8.2
Belarus,2022,100,..,..
Belarus,2023,100,..,..
Belarus,2024,..,..,..
Belgium,2015,100,20.2893623126031,9.4
Belgium,2016,100,16.2257318412261,9.2
Belgium,2017,100,17.9413292695598,9.7
Belgium,2018,100,22.5176241687656,10.7
Belgium,2019,100,20.4847080432275,10.2
Belgium,2020,100,25.9354074206567,12.3
Belgium,2021,100,22.2006150416497,11.7
Belgium,2022,100,..,..
Belgium,2023,100,..,..
Belgium,2024,..,..,..
Belize,2015,91.8,29.6657822350965,30.3
Belize,2016,93.3,26.4837239283577,33.3
Belize,2017,94.2,25.9492036160138,37.2
Belize,2018,91.7,28.323770744648,35.5
Belize,2019,92.7,42.0471943425114,30.4
Belize,2020,96.8,50.5651859877212,31.4
Belize,2021,97.7,59.4581971041569,26.6
Belize,2022,98.6,..,30.8
Belize,2023,99.6,..,..
Belize,2024,..,..,..
Benin,2015,29.6,0.821212121212121,49.9
Benin,2016,37,0.123188405797101,45.4
Benin,2017,34.5,1.33232628398792,45.4
Benin,2018,39,2.67821782178218,44
Benin,2019,40,1.02462121212121,46.5
Benin,2020,41,0.539939332659252,46.2
Benin,2021,42,0.251332149200711,54.5
Benin,2022,56.5,..,..
Benin,2023,57,..,..
Benin,2024,..,..,..
Bermuda,2015,100,..,0.6
Bermuda,2016,100,..,1.1
Bermuda,2017,100,..,0.6
Bermuda,2018,100,..,0.7
Bermuda,2019,100,..,0.8
Bermuda,2020,100,..,0.9
Bermuda,2021,100,..,0.9
Bermuda,2022,100,..,0.9
Bermuda,2023,100,..,..
Bermuda,2024,..,..,..
Bhutan,2015,95.4,0.00503387539996721,81.6
Bhutan,2016,99.3,0.0136935533514658,80.8
Bhutan,2017,97.7,0.0194227054015839,79.7
Bhutan,2018,100,0.021838547046983,80
Bhutan,2019,100,0.00451055295909622,81
Bhutan,2020,100,0.013191069118564,83.9
Bhutan,2021,100,0.00813068223815507,81.8
Bhutan,2022,100,..,82.5
Bhutan,2023,100,..,..
Bhutan,2024,..,..,..
Bolivia,2015,91.5,2.18036959167865,14.2
Bolivia,2016,91.8,2.32578116611189,13.6
Bolivia,2017,91.8,1.97173144876325,14.3
Bolivia,2018,92.8,3.55408786150305,14.3
Bolivia,2019,95.1,4.63639906469213,13.5
Bolivia,2020,97.2,6.42047275641026,16.9
Bolivia,2021,98.6,8.50588019110621,12.8
Bolivia,2022,99.9,..,..
Bolivia,2023,99.8,..,..
Bolivia,2024,..,..,..
Bosnia and Herzegovina,2015,99.7,0.065775161558641,25.2
Bosnia and Herzegovina,2016,100,0.141048010356278,23
Bosnia and Herzegovina,2017,100,0.169120330940504,18.5
Bosnia and Herzegovina,2018,100,0.688935281837161,35.4
Bosnia and Herzegovina,2019,100,1.66923912422112,36.8
Bosnia and Herzegovina,2020,100,1.89640867606969,37.7
Bosnia and Herzegovina,2021,100,2.67587397496763,36.6
Bosnia and Herzegovina,2022,100,..,..
Bosnia and Herzegovina,2023,100,..,..
Bosnia and Herzegovina,2024,..,..,..
Botswana,2015,62.1,0.117584745762712,26.1
Botswana,2016,64.2,0.192364170337739,26.7
Botswana,2017,67.4,0.158919233004067,26.7
Botswana,2018,68.3,0.190779014308426,25.6
Botswana,2019,70.1,0.236653386454183,26.2
Botswana,2020,71.8,0.258936355710549,27.7
Botswana,2021,73.7,0.248679398618448,27.4
Botswana,2022,75.9,..,..
Botswana,2023,76,..,..
Botswana,2024,..,..,..
Brazil,2015,99.7,12.2029459455312,43.7
Brazil,2016,99.7,14.5316279595064,45.4
Brazil,2017,99.8,16.1410907796512,45.3
Brazil,2018,99.7,17.5136091224846,46.9
Brazil,2019,99.8,18.5776469435984,47.5
Brazil,2020,99.7,20.1348423255784,50
Brazil,2021,99.5,22.0769155734794,46.5
Brazil,2022,100,..,..
Brazil,2023,99.8,..,..
Brazil,2024,..,..,..
British Virgin Islands,2015,100,0.891131123579612,1
British Virgin Islands,2016,100,1.19460149553164,1
British Virgin Islands,2017,100,1.57719660472585,1.1
British Virgin Islands,2018,100,1.70542635658915,1.2
British Virgin Islands,2019,100,1.93062025006129,1.2
British Virgin Islands,2020,100,2.26009406878016,1.3
British Virgin Islands,2021,100,2.2534386889084,1.3
British Virgin Islands,2022,100,..,1.3
British Virgin Islands,2023,100,..,..
British Virgin Islands,2024,..,..,..
Brunei Darussalam,2015,100,0.0311904761904762,0
Brunei Darussalam,2016,100,0.0255269320843091,0
Brunei Darussalam,2017,100,0.0377676208804426,0
Brunei Darussalam,2018,100,0.037037037037037,0
Brunei Darussalam,2019,100,0.0218889339278476,0
Brunei Darussalam,2020,100,0.0193548387096774,0
Brunei Darussalam,2021,100,0.0196525706264257,0
Brunei Darussalam,2022,100,..,..
Brunei Darussalam,2023,100,..,..
Brunei Darussalam,2024,..,..,..
Bulgaria,2015,96.6,6.30694537550531,17.9
Bulgaria,2016,97.3,6.99176218556063,17.7
Bulgaria,2017,98.1,7.24359817591862,17.1
Bulgaria,2018,98.7,9.04116403697931,19.6
Bulgaria,2019,99.2,10.2896377269853,19.3
Bulgaria,2020,99.7,11.3987829415517,21.1
Bulgaria,2021,99.8,11.5396905482677,20.4
Bulgaria,2022,100,..,..
Bulgaria,2023,100,..,..
Bulgaria,2024,..,..,..
Burkina Faso,2015,16.2,0.256871035940803,78.8
Burkina Faso,2016,16.6,0.322934719815136,77.1
Burkina Faso,2017,17,0.909489851892485,74.6
Burkina Faso,2018,14.4,4.64406779661017,73.7
Burkina Faso,2019,17.6,6.27078085642317,72.7
Burkina Faso,2020,18.5,6.13584905660377,73.1
Burkina Faso,2021,19,6.36428571428571,71.2
Burkina Faso,2022,19.5,..,71.4
Burkina Faso,2023,21.7,..,..
Burkina Faso,2024,..,..,..
Burundi,2015,7.9,3.3399486906433,91.2
Burundi,2016,8.5,4.35690693607927,89.6
Burundi,2017,9.3,4.2463317029791,88.2
Burundi,2018,9.5,2.85733205310731,85.7
Burundi,2019,9.8,2.3884081074926,84.8
Burundi,2020,9.1,2.2209352101327,83.4
Burundi,2021,10.2,1.73876633536814,83.1
Burundi,2022,10.3,..,83
Burundi,2023,11.6,..,..
Burundi,2024,..,..,..
Cabo Verde,2015,86.4,20.2655352418182,26.4
Cabo Verde,2016,87.5,18.5976845803865,23.9
Cabo Verde,2017,88.6,17.6363978722403,21.8
Cabo Verde,2018,90.2,20.7974489083376,21.9
Cabo Verde,2019,91.4,18.6581628053728,19.7
Cabo Verde,2020,93.7,16.8181059359424,23.4
Cabo Verde,2021,95.5,18.2655949281105,22.6
Cabo Verde,2022,97.1,..,21.8
Cabo Verde,2023,98.6,..,..
Cabo Verde,2024,..,..,..
Cambodia,2015,62.7,4.33376539209332,60.6
Cambodia,2016,68.8,-0.409802235597592,58
Cambodia,2017,89.1,0.699739658663581,56.3
Cambodia,2018,80.7,-1.06715893108298,58.1
Cambodia,2019,84,0.306217444308988,53
Cambodia,2020,86.4,2.41618115862372,51.4
Cambodia,2021,82.5,4.9734651914227,52.4
Cambodia,2022,92.3,..,..
Cambodia,2023,95,..,..
Cambodia,2024,..,..,..
Cameroon,2015,58.6,0.299059561128527,78.1
Cameroon,2016,59.8,-4.87770836102619,78.8
Cameroon,2017,60.9,0.208086053412463,79.2
Cameroon,2018,62.2,1.0062893081761,78.7
Cameroon,2019,63.2,-1.41004480075454,78.9
Cameroon,2020,64.3,1.90210355987055,78.9
Cameroon,2021,65.4,-3.99067231980618,79.2
Cameroon,2022,71,..,..
Cameroon,2023,72,..,..
Cameroon,2024,..,..,..
Canada,2015,100,6.0617768124307,22.3
Canada,2016,100,7.04207360965633,22.1
Canada,2017,100,7.05301713153478,22.8
Canada,2018,100,7.37402019926093,22.3
Canada,2019,100,7.36629991725152,22.4
Canada,2020,100,7.75691631401914,23.9
Canada,2021,100,7.92363867255995,23.8
Canada,2022,100,..,..
Canada,2023,100,..,..
Canada,2024,..,..,..
Caribbean small states,2015,96.2001948453372,1.42109345485252,6.1973602484472
Caribbean small states,2016,96.6656867832991,1.54542183866693,6.68268450932684
Caribbean small states,2017,97.0542900594117,1.67846111672752,7.41293833131802
Caribbean small states,2018,97.0878277080481,1.86750158837633,7.1973830973831
Caribbean small states,2019,97.3685903913769,2.11946462202255,5.88822815533981
Caribbean small states,2020,97.9333626877032,1.2000431803107,6.28843567906768
Caribbean small states,2021,98.174699090255,2.24952159806895,..
Caribbean small states,2022,98.3064221501297,..,..
Caribbean small states,2023,99.168477538461,..,..
Caribbean small states,2024,..,..,..
Cayman Islands,2015,100,0,0
Cayman Islands,2016,100,0.311500602234498,0
Cayman Islands,2017,100,1.29345969474902,0
Cayman Islands,2018,100,2.14078884484552,0
Cayman Islands,2019,100,2.27562739259889,0
Cayman Islands,2020,100,2.69075693126238,0
Cayman Islands,2021,100,2.93933111462709,0
Cayman Islands,2022,100,..,0
Cayman Islands,2023,100,..,..
Cayman Islands,2024,..,..,..
Central African Republic,2015,12.7,0.309330264009783,92.9
Central African Republic,2016,13.4,0.312250381235931,92.1
Central African Republic,2017,14.1,0.292775924286784,91.6
Central African Republic,2018,14.6,0.292775924286784,91.4
Central African Republic,2019,14.3,0.292775924286784,91.3
Central African Republic,2020,15.4,0.292775924286784,90.9
Central African Republic,2021,15.7,0.292775924286784,90.9
Central African Republic,2022,15.7,..,90.9
Central African Republic,2023,17.6,..,..
Central African Republic,2024,..,..,..
Central Europe and the Baltics,2015,99.5384709863299,11.0713147401859,17.1594982078853
Central Europe and the Baltics,2016,99.6459138297945,10.9577853144732,16.8577627377285
Central Europe and the Baltics,2017,99.8736866830469,11.4601418333614,16.4703987047156
Central Europe and the Baltics,2018,99.8763758983526,11.1004335425223,18.1476863313142
Central Europe and the Baltics,2019,99.9480349626799,13.0000839560071,18.8601539560352
Central Europe and the Baltics,2020,99.98058396497,14.6660579215746,19.6977838168354
Central Europe and the Baltics,2021,99.9870121182289,14.4657169725317,..
Central Europe and the Baltics,2022,100,..,..
Central Europe and the Baltics,2023,100,..,..
Central Europe and the Baltics,2024,..,..,..
Chad,2015,7.7,3.23448275862069,72.7
Chad,2016,9.2,6.26190476190476,72.7
Chad,2017,10.9,6.23154362416107,72.8
Chad,2018,10.1,5.85669781931464,73.1
Chad,2019,8.4,5.5786350148368,72.8
Chad,2020,10.9,5.66076696165192,71.9
Chad,2021,11.3,4.61004784688995,69.9
Chad,2022,11.7,..,70
Chad,2023,12,..,..
Chad,2024,..,..,..
Channel Islands,2015,100,..,..
Channel Islands,2016,100,..,..
Channel Islands,2017,100,..,..
Channel Islands,2018,100,..,..
Channel Islands,2019,100,..,..
Channel Islands,2020,100,..,..
Channel Islands,2021,100,..,..
Channel Islands,2022,100,..,..
Channel Islands,2023,100,..,..
Channel Islands,2024,..,..,..
Chile,2015,99.7,11.9805341183335,25.1
Chile,2016,100,14.1250913857867,24.6
Chile,2017,99.7,17.271276260967,24.1
Chile,2018,100,17.9372593789091,25.5
Chile,2019,100,18.807244731427,25.3
Chile,2020,100,22.7416094198326,26.7
Chile,2021,100,26.1014678815697,24.2
Chile,2022,100,..,..
Chile,2023,100,..,..
Chile,2024,..,..,..
China,2015,100,4.55807103746262,12.2
China,2016,100,5.9539883138882,12.6
China,2017,100,7.19946452516446,13.1
China,2018,100,8.56768880402383,13.5
China,2019,100,9.50765506036168,14.3
China,2020,100,10.6602772642896,14.9
China,2021,100,12.856523818733,15.2
China,2022,100,..,..
China,2023,100,..,..
China,2024,..,..,..
Colombia,2015,98.2,-2.95292381291669,31.1
Colombia,2016,98.4,-0.916666666666667,30.5
Colombia,2017,98.5,-3.01333249243189,32.2
Colombia,2018,98.5,-1.7138176406588,30.4
Colombia,2019,99.4,2.30789031897034,31.5
Colombia,2020,99.7,2.45172158040956,32
Colombia,2021,100,0.984188735812692,29.7
Colombia,2022,100,..,..
Colombia,2023,98.7,..,..
Colombia,2024,..,..,..
Comoros,2015,74.1,0,67
Comoros,2016,76.4,0,64
Comoros,2017,78.7,0,59.5
Comoros,2018,81,0,57.7
Comoros,2019,83.3,0,55.3
Comoros,2020,85.6,0,50.8
Comoros,2021,87.9,0,41.2
Comoros,2022,89.9,..,39.3
Comoros,2023,89.8,..,..
Comoros,2024,..,..,..
"Congo, Dem. Rep.",2015,16.6,-1.65237297599107,95.8
"Congo, Dem. Rep.",2016,17.3,-2.92143560564613,97
"Congo, Dem. Rep.",2017,18,3.54386886623936,96.7
"Congo, Dem. Rep.",2018,18.7,1.08926595352269,96.4
"Congo, Dem. Rep.",2019,19.1,1.15431523672398,96.3
"Congo, Dem. Rep.",2020,20.1,-4.22328854766475,96.2
"Congo, Dem. Rep.",2021,20.8,-9.18054923380367,96.3
"Congo, Dem. Rep.",2022,21.5,..,..
"Congo, Dem. Rep.",2023,22.1,..,..
"Congo, Dem. Rep.",2024,..,..,..
"Congo, Rep.",2015,44.3,1.13181654026724,64.2
"Congo, Rep.",2016,45.3,1.23848238482385,67.7
"Congo, Rep.",2017,46.2,1.05264934188323,69.8
"Congo, Rep.",2018,47,-0.634351145038168,70.6
"Congo, Rep.",2019,47.7,7.74524207011686,69.8
"Congo, Rep.",2020,48.7,5.45404411764706,71.4
"Congo, Rep.",2021,49.7,2.61823529411765,71.4
"Congo, Rep.",2022,50.6,..,..
"Congo, Rep.",2023,51.3,..,..
"Congo, Rep.",2024,..,..,..
Costa Rica,2015,99.4,23.7778394376619,38.3
Costa Rica,2016,99.5,23.810464690816,34.1
Costa Rica,2017,99.6,22.3441049572951,33.3
Costa Rica,2018,99.7,25.2969360298585,33.1
Costa Rica,2019,99.7,30.2267861804891,33.4
Costa Rica,2020,99.9,28.2283229601842,36.4
Costa Rica,2021,100,26.4689487320405,34.2
Costa Rica,2022,100,..,..
Costa Rica,2023,100,..,..
Costa Rica,2024,..,..,..
Cote d'Ivoire,2015,62.6,0.00573986913098381,64.5
Cote d'Ivoire,2016,64.3,0.00104854776135053,64
Cote d'Ivoire,2017,65.6,0.00556947925368978,62.5
Cote d'Ivoire,2018,67.1,0.0059624366491106,60.5
Cote d'Ivoire,2019,68.6,0.257567211881933,61.1
Cote d'Ivoire,2020,69.9,0.219458018658374,61.8
Cote d'Ivoire,2021,71.1,0.204169910891946,58.2
Cote d'Ivoire,2022,72,..,..
Cote d'Ivoire,2023,72.4,..,..
Cote d'Ivoire,2024,..,..,..
Croatia,2015,100,9.81233008857318,33.1
Croatia,2016,100,11.7807332293292,31.8
Croatia,2017,100,15.0963865476091,29.8
Croatia,2018,100,15.2688724231531,32.8
Croatia,2019,100,19.7594043887147,31.6
Croatia,2020,100,21.5808741128129,32.4
Croatia,2021,100,22.3596318211703,34.1
Croatia,2022,100,..,..
Croatia,2023,100,..,..
Croatia,2024,..,..,..
Cuba,2015,99,3.71870070977918,21.1
Cuba,2016,99.2,3.65602698210969,19.2
Cuba,2017,99.4,3.4391964198852,22
Cuba,2018,99.6,2.95037673369487,24
Cuba,2019,99.8,3.59813966665093,23.1
Cuba,2020,99.9,3.98603583809384,24.5
Cuba,2021,100,4.157938101859,20.9
Cuba,2022,100,..,..
Cuba,2023,100,..,..
Cuba,2024,..,..,..
Curacao,2015,100,16.6400911161731,1.3
Curacao,2016,100,14.9287330316742,1.4
Curacao,2017,100,20.2839506172839,1.9
Curacao,2018,100,29.006936416185,2.5
Curacao,2019,100,27.7758816837315,2.5
Curacao,2020,100,24.7008343265793,2.8
Curacao,2021,100,18.2624113475177,2.8
Curacao,2022,100,..,..
Curacao,2023,100,..,..
Curacao,2024,..,..,..
Cyprus,2015,100,8.81164534627261,10.4
Cyprus,2016,100,8.68917536320851,10.3
Cyprus,2017,100,8.69724220623501,10.9
Cyprus,2018,100,9.43537549407115,12
Cyprus,2019,100,10.0128379692667,12
Cyprus,2020,100,12.3048051144566,15
Cyprus,2021,100,15.1349873022075,15.6
Cyprus,2022,100,..,..
Cyprus,2023,100,..,..
Cyprus,2024,..,..,..
Czechia,2015,100,9.09053306632337,14.8
Czechia,2016,100,8.863940270559,14.8
Czechia,2017,100,8.91174646204742,14.5
Czechia,2018,100,8.86310301350569,14.7
Czechia,2019,100,9.27101740679037,15.9
Czechia,2020,100,10.1230189882734,17
Czechia,2021,100,9.76659413044757,17.2
Czechia,2022,100,..,..
Czechia,2023,100,..,..
Czechia,2024,..,..,..
Denmark,2015,100,65.3734277816171,32.5
Denmark,2016,100,60.1579016307551,32
Denmark,2017,100,70.2111727161369,35
Denmark,2018,100,68.3113372188745,34.6
Denmark,2019,100,78.1176311153273,37.2
Denmark,2020,100,81.5576093010304,39.5
Denmark,2021,100,78.9104689863843,39.5
Denmark,2022,100,..,..
Denmark,2023,100,..,..
Denmark,2024,..,..,..
Djibouti,2015,59.1,0.280112044817927,24.8
Djibouti,2016,59.8,0.677200902934537,23.6
Djibouti,2017,60.2,1.00671140939597,23.3
Djibouti,2018,62.4,1.07913669064748,24.7
Djibouti,2019,64.7,0.655021834061135,23.4
Djibouti,2020,64.5,0.477707006369427,27.5
Djibouti,2021,65.4,35.3535353535354,26.6
Djibouti,2022,65,..,26.9
Djibouti,2023,65.2,..,..
Djibouti,2024,..,..,..
Dominica,2015,96.7,0.889300602130616,8.7
Dominica,2016,97.8,0.851441241685144,10.7
Dominica,2017,98.9,1.10841704191202,9.7
Dominica,2018,99.6,1.17860380779692,7.9
Dominica,2019,99.9,0.830140485312899,7.6
Dominica,2020,100,0.794216474900723,8.6
Dominica,2021,100,0.768170179239708,8.8
Dominica,2022,100,..,8.9
Dominica,2023,100,..,..
Dominica,2024,..,..,..
Dominican Republic,2015,98.6,2.51366970437875,14.9
Dominican Republic,2016,98.9,3.18636751225751,15.3
Dominican Republic,2017,100,3.72036062327375,16.9
Dominican Republic,2018,98.9,4.8794058408862,15.9
Dominican Republic,2019,99,6.10528041980977,14.4
Dominican Republic,2020,100,8.23111069576188,16
Dominican Republic,2021,98.1,9.05764594454968,14.8
Dominican Republic,2022,98.1,..,..
Dominican Republic,2023,99.6,..,..
Dominican Republic,2024,..,..,..
Early-demographic dividend,2015,86.8271544642577,3.48945451945451,23.2788830905664
Early-demographic dividend,2016,88.3494481253503,3.58054808757428,23.2789953267586
Early-demographic dividend,2017,90.5086728796454,3.82554872458336,22.9476250496601
Early-demographic dividend,2018,91.9927109222766,4.56309704277792,23.0553629444334
Early-demographic dividend,2019,92.7976553013368,5.38109417232873,23.4235915027361
Early-demographic dividend,2020,93.4557810564296,6.95663191896709,24.9895503831566
Early-demographic dividend,2021,95.2423338887017,7.32757258635333,..
Early-demographic dividend,2022,95.1575744950744,..,..
Early-demographic dividend,2023,95.7044381043822,..,..
Early-demographic dividend,2024,..,..,..
East Asia & Pacific,2015,96.9500599621312,4.80055549647621,12.9820393664344
East Asia & Pacific,2016,97.0343965831866,6.03188507960079,13.3311956056945
East Asia & Pacific,2017,97.6915359289014,6.99991096590984,13.5844394239657
East Asia & Pacific,2018,97.66096406877,8.11551483664931,13.7870493058758
East Asia & Pacific,2019,97.8752477120245,9.168873495012,14.2375892668268
East Asia & Pacific,2020,97.7976042617313,10.1356822849281,14.8081424064458
East Asia & Pacific,2021,98.1534049450822,11.9697821825448,..
East Asia & Pacific,2022,98.2139059282726,..,..
East Asia & Pacific,2023,98.4044624957692,..,..
East Asia & Pacific,2024,..,..,..
East Asia & Pacific (IDA & IBRD countries),2015,97.3350470103173,4.85929785922643,14.5102816361425
East Asia & Pacific (IDA & IBRD countries),2016,97.4026392373466,6.23434485372004,14.9020380294471
East Asia & Pacific (IDA & IBRD countries),2017,98.1121893727336,7.28000830261852,15.1902273112057
East Asia & Pacific (IDA & IBRD countries),2018,98.0512297506321,8.48168803413261,15.2801719188239
East Asia & Pacific (IDA & IBRD countries),2019,98.2647901194399,9.46921589595843,15.7206717226655
East Asia & Pacific (IDA & IBRD countries),2020,98.1521712499121,10.3335119468216,16.2041019103429
East Asia & Pacific (IDA & IBRD countries),2021,98.5259377999818,12.3604309017169,..
East Asia & Pacific (IDA & IBRD countries),2022,98.5687468444318,..,..
East Asia & Pacific (IDA & IBRD countries),2023,98.7474424069608,..,..
East Asia & Pacific (IDA & IBRD countries),2024,..,..,..
East Asia & Pacific (excluding high income),2015,96.6218250728069,4.84609453385223,14.5349935193322
East Asia & Pacific (excluding high income),2016,96.7165341917277,6.21417291569623,14.9330102136904
East Asia & Pacific (excluding high income),2017,97.4453072983769,7.2584536275619,15.1598217902853
East Asia & Pacific (excluding high income),2018,97.4123829747175,8.45661994077792,15.2617412584325
East Asia & Pacific (excluding high income),2019,97.650096061791,9.4437729463245,15.6869369882801
East Asia & Pacific (excluding high income),2020,97.5651849682476,10.3062348859707,16.1762699381612
East Asia & Pacific (excluding high income),2021,97.9599209910295,12.3288625713211,..
East Asia & Pacific (excluding high income),2022,98.0273720891056,..,..
East Asia & Pacific (excluding high income),2023,98.2376383007189,..,..
East Asia & Pacific (excluding high income),2024,..,..,..
Ecuador,2015,98.8,2.092408477842,13.1
Ecuador,2016,98.7,2.24435250613261,14.8
Ecuador,2017,99.2,2.0339956479863,17
Ecuador,2018,98.7,1.86801162591896,16.3
Ecuador,2019,99.1,1.8561739292019,17.7
Ecuador,2020,98.9,1.84190988223246,20.2
Ecuador,2021,100,1.55742844725896,18.9
Ecuador,2022,100,..,..
Ecuador,2023,98.7,..,..
Ecuador,2024,..,..,..
"Egypt, Arab Rep.",2015,99.3,1.12558481809539,5.3
"Egypt, Arab Rep.",2016,100,1.72659124623206,5.1
"Egypt, Arab Rep.",2017,100,1.65107456341094,4.9
"Egypt, Arab Rep.",2018,100,1.41264841531751,5
"Egypt, Arab Rep.",2019,100,1.48541341337281,6.2
"Egypt, Arab Rep.",2020,100,4.54901136925358,6.7
"Egypt, Arab Rep.",2021,100,5.13248677350747,6.1
"Egypt, Arab Rep.",2022,100,..,..
"Egypt, Arab Rep.",2023,100,..,..
"Egypt, Arab Rep.",2024,..,..,..
El Salvador,2015,95.4,35.1713153985806,21
El Salvador,2016,96,36.7846103255508,20.7
El Salvador,2017,96.8,44.1040577096483,25
El Salvador,2018,97,48.180807706558,23.2
El Salvador,2019,97.4,47.4598155467721,19.4
El Salvador,2020,99.7,53.3756329113924,23.7
El Salvador,2021,97.9,66.8595744680851,21.9
El Salvador,2022,100,..,..
El Salvador,2023,98.3,..,..
El Salvador,2024,..,..,..
Equatorial Guinea,2015,66.1,-26.1739799846035,5.5
Equatorial Guinea,2016,66.2,-24.5929899856938,4.8
Equatorial Guinea,2017,66.4,-23.2985746436609,5
Equatorial Guinea,2018,66.5,-23.3064992614476,4.8
Equatorial Guinea,2019,66.6,-22.8829407566024,7.4
Equatorial Guinea,2020,66.7,-25.6825284090909,6.5
Equatorial Guinea,2021,66.8,-23.7704576976422,5.2
Equatorial Guinea,2022,67,..,4.2
Equatorial Guinea,2023,66.9,..,..
Equatorial Guinea,2024,..,..,..
Eritrea,2015,45.8,5.95454545454546,81.2
Eritrea,2016,46.9,6.56655290102389,81.4
Eritrea,2017,48,6.22849462365591,81.6
Eritrea,2018,49.1,6.04859335038363,80.8
Eritrea,2019,50.3,5.89526184538653,80.6
Eritrea,2020,51.4,5.73300970873786,80.9
Eritrea,2021,52.5,5.05022831050228,80.7
Eritrea,2022,53.4,..,..
Eritrea,2023,54.4,..,..
Eritrea,2024,..,..,..
Estonia,2015,100,15.1611154907371,28.2
Estonia,2016,100,12.7593886104035,27.2
Estonia,2017,100,13.9249240121581,27.5
Estonia,2018,100,15.9640892914914,28.6
Estonia,2019,100,27.886014445174,31.3
Estonia,2020,100,48.3825271470879,40.4
Estonia,2021,100,39.638117712382,38
Estonia,2022,100,..,..
Estonia,2023,100,..,..
Estonia,2024,..,..,..
Eswatini,2015,64.1,79.8263157894737,68.8
Eswatini,2016,63.4,61.5156695156695,64.3
Eswatini,2017,73.5,22.8368298368298,65.3
Eswatini,2018,74,22.6864754098361,65.7
Eswatini,2019,77,38.4753086419753,64.4
Eswatini,2020,80,28.8857677902622,63.7
Eswatini,2021,82.9,27.4765342960289,65.4
Eswatini,2022,82.3,..,64.7
Eswatini,2023,86.4,..,..
Eswatini,2024,..,..,..
Ethiopia,2015,29,-1.05729316116691,91.5
Ethiopia,2016,42.9,-9.90445859872612,90.4
Ethiopia,2017,44.3,-0.762009063444109,90.8
Ethiopia,2018,44.8,-2.72527018654918,90
Ethiopia,2019,48,0.996209350269336,89.3
Ethiopia,2020,51.1,0.822832900652188,90.7
Ethiopia,2021,54.2,6.04250920602106,90.6
Ethiopia,2022,55.4,..,..
Ethiopia,2023,55.4,..,..
Ethiopia,2024,..,..,..
Euro area,2015,100,18.5375831359982,16.3384695385984
Euro area,2016,100,18.6218876361653,16.3515161082474
Euro area,2017,100,20.4487983864082,16.5781248896323
Euro area,2018,100,21.4184811656517,17.5470865076425
Euro area,2019,100,23.7718182809261,18.1354055105348
Euro area,2020,100,26.7724438348339,19.8074872686191
Euro area,2021,100,26.1077845948838,..
Euro area,2022,100,..,..
Euro area,2023,100,..,..
Euro area,2024,..,..,..
Europe & Central Asia,2015,99.1677802593579,11.8428730123442,12.8744480605886
Europe & Central Asia,2016,99.8289902167753,11.9335860987292,12.8866548739741
Europe & Central Asia,2017,99.9641487037409,13.242014888432,12.8819075023182
Europe & Central Asia,2018,99.9707833919463,13.8475140122677,13.4797382823169
Europe & Central Asia,2019,99.9534523781205,15.5491373797082,14.0059727126658
Europe & Central Asia,2020,99.9760274293182,17.6598208169341,15.106449203531
Europe & Central Asia,2021,99.9881931172392,17.1596422499927,..
Europe & Central Asia,2022,99.9977315530878,..,..
Europe & Central Asia,2023,100,..,..
Europe & Central Asia,2024,..,..,..
Europe & Central Asia (IDA & IBRD countries),2015,98.3318925466179,2.68150572331485,6.91555148923036
Europe & Central Asia (IDA & IBRD countries),2016,99.6574040765117,2.92067946917088,7.04015093233689
Europe & Central Asia (IDA & IBRD countries),2017,99.9282316965341,3.27912574728491,6.75633843243037
Europe & Central Asia (IDA & IBRD countries),2018,99.941528994937,3.53339402954204,7.25779989922942
Europe & Central Asia (IDA & IBRD countries),2019,99.906919460474,4.30239487191705,7.59012527634488
Europe & Central Asia (IDA & IBRD countries),2020,99.9520668153849,5.2529469052475,8.02684416318492
Europe & Central Asia (IDA & IBRD countries),2021,99.9763873001269,5.52156425493103,..
Europe & Central Asia (IDA & IBRD countries),2022,99.9954427619778,..,..
Europe & Central Asia (IDA & IBRD countries),2023,100,..,..
Europe & Central Asia (IDA & IBRD countries),2024,..,..,..
Europe & Central Asia (excluding high income),2015,99.7676589877916,2.66520512794269,8.89374944135576
Europe & Central Asia (excluding high income),2016,99.8659600305289,3.44868796424485,9.05362050305208
Europe & Central Asia (excluding high income),2017,99.9182925529991,4.12717864882731,8.68104031424437
Europe & Central Asia (excluding high income),2018,99.9420709286304,5.04092849646711,9.10455322874983
Europe & Central Asia (excluding high income),2019,99.9657744725899,6.36733155564591,10.0324286162535
Europe & Central Asia (excluding high income),2020,99.9774302018769,8.0519354234569,10.0604471757322
Europe & Central Asia (excluding high income),2021,99.9616464835516,8.65890842314953,..
Europe & Central Asia (excluding high income),2022,99.9915875475848,..,..
Europe & Central Asia (excluding high income),2023,100,..,..
Europe & Central Asia (excluding high income),2024,..,..,..
European Union,2015,99.8929116032593,17.911123662679,17.6122764341327
European Union,2016,99.9182637194093,17.9691406839536,17.523235814157
European Union,2017,99.9709724278479,19.6251094877694,17.6857102209371
European Union,2018,99.9717275681447,20.2603476846501,18.7249884796166
European Union,2019,99.9881556120147,22.6275094828861,19.3440009483852
European Union,2020,99.9956022901904,25.5470366479913,21.0591470733795
European Union,2021,99.9970834145942,24.9307765446013,..
European Union,2022,100,..,..
European Union,2023,100,..,..
European Union,2024,..,..,..
Faroe Islands,2015,100,17.7742448330684,7.5
Faroe Islands,2016,100,16.4461247637051,6.3
Faroe Islands,2017,100,17.8582111875561,6
Faroe Islands,2018,100,18.125,5.9
Faroe Islands,2019,100,13.6234136234136,5.4
Faroe Islands,2020,100,11.9714847590954,5.3
Faroe Islands,2021,100,14.4171779141104,5.1
Faroe Islands,2022,100,..,7.9
Faroe Islands,2023,100,..,..
Faroe Islands,2024,..,..,..
Fiji,2015,93.2,7.95721085431081,32.7
Fiji,2016,93.4,5.67636836689125,27.7
Fiji,2017,96,7.04117694666511,28.6
Fiji,2018,95.1,8.56686612736238,25.8
Fiji,2019,96.1,8.85082665840959,26.5
Fiji,2020,97.1,9.86987851595928,31.8
Fiji,2021,92.1,9.95641327887278,29.7
Fiji,2022,92,..,28.4
Fiji,2023,99.3,..,..
Fiji,2024,..,..,..
Finland,2015,100,20.0562253094068,43.2
Finland,2016,100,21.2534578297482,42.4
Finland,2017,100,24.7370229403314,44.4
Finland,2018,100,26.810696952877,44.2
Finland,2019,100,28.3501966496722,45.4
Finland,2020,100,28.9380079980366,47.3
Finland,2021,100,31.0340672748953,50.2
Finland,2022,100,..,..
Finland,2023,100,..,..
Finland,2024,..,..,..
Fragile and conflict affected situations,2015,50.0432237711859,0.896413874609089,57.6932200867948
Fragile and conflict affected situations,2016,54.1757718946072,0.730328812923972,58.0264070642556
Fragile and conflict affected situations,2017,54.5377495544254,-0.336311660739876,58.2811879395165
Fragile and conflict affected situations,2018,54.5154686576955,0.258461708357784,57.5039867109635
Fragile and conflict affected situations,2019,55.4514164250793,-0.0494782040558644,58.3619072174114
Fragile and conflict affected situations,2020,56.3010490504136,1.95590674653171,61.665418044345
Fragile and conflict affected situations,2021,57.8332255929662,1.54699864601737,..
Fragile and conflict affected situations,2022,57.9458706435872,..,..
Fragile and conflict affected situations,2023,58.950109305747,..,..
Fragile and conflict affected situations,2024,..,..,..
France,2015,100,6.2562290589978,13.3
France,2016,100,6.75997569625276,14.2
France,2017,100,7.57946312853234,14.1
France,2018,100,8.33158544691332,15.2
France,2019,100,9.85332525979413,15.5
France,2020,100,11.7659779691869,16.8
France,2021,100,11.2953633731132,16.2
France,2022,100,..,..
France,2023,100,..,..
France,2024,..,..,..
French Polynesia,2015,100,4.78034051331111,7.8
French Polynesia,2016,100,4.79374400418617,8.1
French Polynesia,2017,100,5.20063550366581,8.1
French Polynesia,2018,100,5.42857970510704,7.7
French Polynesia,2019,100,5.77671442160791,7.7
French Polynesia,2020,100,6.24578544348373,8.2
French Polynesia,2021,100,0.621904502396256,7.4
French Polynesia,2022,100,..,7
French Polynesia,2023,100,..,..
French Polynesia,2024,..,..,..
Gabon,2015,87.3,-12.0314699792961,81.9
Gabon,2016,88.1,-10.6188605108055,81.5
Gabon,2017,86.3,-11.1824953445065,90.2
Gabon,2018,89.6,-11.3603603603604,90.3
Gabon,2019,90.3,-16.2470823607869,90.2
Gabon,2020,91.1,-17.3153003650846,91.3
Gabon,2021,91.8,-17.1922336328626,91.3
Gabon,2022,93.5,..,..
Gabon,2023,94.1,..,..
Gabon,2024,..,..,..
"Gambia, The",2015,54.7,1.61640740418875,49
"Gambia, The",2016,56.4,1.42922770659997,48.6
"Gambia, The",2017,56.2,1.42922770659997,48
"Gambia, The",2018,60.3,1.42922770659997,48.1
"Gambia, The",2019,62.1,1.63007488156487,47.4
"Gambia, The",2020,62.2,1.63007488156487,49.8
"Gambia, The",2021,63.7,1.60250694249828,48.6
"Gambia, The",2022,65.4,..,47.7
"Gambia, The",2023,66.9,..,..
"Gambia, The",2024,..,..,..
Georgia,2015,100,-0.00221545278316256,27.5
Georgia,2016,100,0.084326939692414,27.2
Georgia,2017,100,0.770791778683549,27.5
Georgia,2018,99.9,0.707770826473494,27.4
Georgia,2019,100,0.750168690958165,24.7
Georgia,2020,100,0.869253517340264,23.4
Georgia,2021,100,0.844760775009885,25.2
Georgia,2022,100,..,..
Georgia,2023,100,..,..
Georgia,2024,..,..,..
Germany,2015,100,26.1924483541027,14.6
Germany,2016,100,26.0014236319834,14.2
Germany,2017,100,30.0085816163727,15.2
Germany,2018,100,31.9113523236134,16
Germany,2019,100,36.3478037359309,17.1
Germany,2020,100,40.4475013119893,18.5
Germany,2021,100,35.618008802309,17.6
Germany,2022,100,..,..
Germany,2023,100,..,..
Germany,2024,..,..,..
Ghana,2015,74,0.295069204152249,44
Ghana,2016,79.3,0.519695044472681,45.2
Ghana,2017,79,0.464036958066809,45.3
Ghana,2018,80.4,0.435192023633678,42.1
Ghana,2019,83.5,0.531416634599527,42.6
Ghana,2020,85.4,0.508451891141625,40
Ghana,2021,86.3,0.768976149451347,39
Ghana,2022,85.1,..,..
Ghana,2023,89.5,..,..
Ghana,2024,..,..,..
Gibraltar,2015,100,0,0
Gibraltar,2016,100,..,0
Gibraltar,2017,100,..,0
Gibraltar,2018,100,..,0
Gibraltar,2019,100,..,0
Gibraltar,2020,100,..,0
Gibraltar,2021,100,..,0
Gibraltar,2022,100,..,..
Gibraltar,2023,100,..,..
Gibraltar,2024,..,..,..
Greece,2015,100,16.8716119828816,17.5
Greece,2016,100,17.176053492046,16.4
Greece,2017,100,17.8035501031376,16.4
Greece,2018,100,19.5371559460779,17.9
Greece,2019,100,24.8796322954798,18.5
Greece,2020,100,29.451845557605,20.1
Greece,2021,100,29.6693776843644,21.5
Greece,2022,100,..,..
Greece,2023,100,..,..
Greece,2024,..,..,..
Greenland,2015,100,2.33734399005679,13.1
Greenland,2016,100,2.37003892466077,12.4
Greenland,2017,100,2.30911220758937,11.3
Greenland,2018,100,2.38015251788894,11.4
Greenland,2019,100,2.63786423225943,10.9
Greenland,2020,100,2.44468564749102,11.8
Greenland,2021,100,2.5368995746,11.6
Greenland,2022,100,..,11.7
Greenland,2023,100,..,..
Greenland,2024,..,..,..
Grenada,2015,91.4,0.752932091317149,10.5
Grenada,2016,91.8,1.15667718191377,10.4
Grenada,2017,92.2,1.47065357444351,10.2
Grenada,2018,92.3,1.54196374881883,10.7
Grenada,2019,93,1.62491258381669,10.4
Grenada,2020,93.4,1.96742957746479,10.3
Grenada,2021,93.7,1.96573875802998,10.2
Grenada,2022,94.2,..,10
Grenada,2023,94.4,..,..
Grenada,2024,..,..,..
Guam,2015,100,1.79760629627905,2.3
Guam,2016,100,3.8231588592372,4.4
Guam,2017,100,3.57076194731811,3.9
Guam,2018,100,4.29443620433928,4.5
Guam,2019,100,4.46821357715863,4.5
Guam,2020,100,4.69573717836819,4.6
Guam,2021,100,4.80077087647049,4.5
Guam,2022,100,..,6.7
Guam,2023,100,..,..
Guam,2024,..,..,..
Guatemala,2015,90.5,26.9475709887102,63.3
Guatemala,2016,91.8,28.1051998074145,63.2
Guatemala,2017,93.3,21.2990827102444,65
Guatemala,2018,94.2,25.601697912982,64
Guatemala,2019,95.4,30.4666087837349,62.8
Guatemala,2020,96.6,25.12382725242,65.5
Guatemala,2021,97.9,17.6277989288249,62.1
Guatemala,2022,99.1,..,..
Guatemala,2023,100,..,..
Guatemala,2024,..,..,..
Guinea,2015,34.9,0.0151136636409705,76.2
Guinea,2016,33.5,0.0256942137883925,75.3
Guinea,2017,35.4,0.0411412114943974,72
Guinea,2018,45,1.04564228577404,73.2
Guinea,2019,42.2,1.02741229674945,68.3
Guinea,2020,44.7,0.898180378778295,65.8
Guinea,2021,46.8,0.744174980255571,66.8
Guinea,2022,47.7,..,66.6
Guinea,2023,51.1,..,..
Guinea,2024,..,..,..
Guinea-Bissau,2015,20.1,1.91938579654511,87.2
Guinea-Bissau,2016,22.9,1.97784810126582,86.8
Guinea-Bissau,2017,26,1.97784810126582,86.8
Guinea-Bissau,2018,28.4,7.08661417322835,86.6
Guinea-Bissau,2019,30.9,7.08661417322835,86.2
Guinea-Bissau,2020,33.4,7.08661417322835,87.2
Guinea-Bissau,2021,35.8,7.08661417322835,87.4
Guinea-Bissau,2022,37.4,..,87.4
Guinea-Bissau,2023,40.5,..,..
Guinea-Bissau,2024,..,..,..
Guyana,2015,88,6.7408082067015,25
Guyana,2016,89,7.83812993532867,21.3
Guyana,2017,90,7.8252957233849,22.1
Guyana,2018,90.9,7.92429147122944,16.8
Guyana,2019,91.6,7.11173319336483,11.3
Guyana,2020,92.3,7.22518578930286,12
Guyana,2021,92.9,7.10534573018678,13.2
Guyana,2022,93,..,12.1
Guyana,2023,98.9,..,..
Guyana,2024,..,..,..
Haiti,2015,40.8,0.288739172281039,76.1
Haiti,2016,40.4,0.313364055299539,76.1
Haiti,2017,43.3,0.383380547686497,76.2
Haiti,2018,44.4,0.431839847473785,76.2
Haiti,2019,45.4,2.86261682242991,76.4
Haiti,2020,46.3,6.14157527417747,76.3
Haiti,2021,47.2,7.20160481444333,76.7
Haiti,2022,49.3,..,..
Haiti,2023,51.3,..,..
Haiti,2024,..,..,..
Heavily indebted poor countries (HIPC),2015,35.4532334232963,3.5065787392595,76.5530574120486
Heavily indebted poor countries (HIPC),2016,40.5879143859095,3.04270364048052,76.0862841962469
Heavily indebted poor countries (HIPC),2017,41.4761400082642,4.32049523865011,75.9193473348398
Heavily indebted poor countries (HIPC),2018,43.9780559155511,4.57169764246583,75.2520183545811
Heavily indebted poor countries (HIPC),2019,45.0224569328403,5.16911020217995,74.8448133256749
Heavily indebted poor countries (HIPC),2020,46.3405988685198,4.70573583803077,76.0353291030768
Heavily indebted poor countries (HIPC),2021,48.0199412207435,4.3371570503318,..
Heavily indebted poor countries (HIPC),2022,48.7171277289384,..,..
Heavily indebted poor countries (HIPC),2023,50.5311127498598,..,..
Heavily indebted poor countries (HIPC),2024,..,..,..
High income,2015,99.4412560088473,8.63440963349841,10.6050781624931
High income,2016,99.8749399241358,9.2388334374077,10.7845732962853
High income,2017,99.9597217667473,10.3086083002622,11.0890197580437
High income,2018,99.9626510693694,10.8011899508748,11.4686788378903
High income,2019,99.949609679301,11.9551461536379,11.7839130112794
High income,2020,99.9683059772886,13.6324123412992,12.7831808525723
High income,2021,99.9798909354785,14.0891456640562,..
High income,2022,99.9797997493664,..,..
High income,2023,99.9884002141209,..,..
High income,2024,..,..,..
Honduras,2015,90,19.8525478059025,50.8
Honduras,2016,91.6,28.0333440548944,52.7
Honduras,2017,86.5,29.6924710629712,45.6
Honduras,2018,91.6,34.4255100994566,48.9
Honduras,2019,91.1,34.3990235658624,46.2
Honduras,2020,93.1,30.7994662976873,50.2
Honduras,2021,94.1,30.7630395683453,45.9
Honduras,2022,94.4,..,..
Honduras,2023,95.6,..,..
Honduras,2024,..,..,..
"Hong Kong SAR, China",2015,100,0.202520986289834,0.2
"Hong Kong SAR, China",2016,100,0.376313725490196,0.2
"Hong Kong SAR, China",2017,100,0.387134250128333,0.2
"Hong Kong SAR, China",2018,100,0.393265495924285,0.2
"Hong Kong SAR, China",2019,100,0.42231248307609,0.2
"Hong Kong SAR, China",2020,100,0.544822518652498,0.3
"Hong Kong SAR, China",2021,100,0.831898054996646,0.4
"Hong Kong SAR, China",2022,100,..,..
"Hong Kong SAR, China",2023,100,..,..
"Hong Kong SAR, China",2024,..,..,..
Hungary,2015,100,9.86505270092227,15.6
Hungary,2016,100,9.40069588113598,15.3
Hungary,2017,100,9.90429895184566,14.6
Hungary,2018,100,11.0518601677737,13.6
Hungary,2019,100,13.0384065789857,13.6
Hungary,2020,100,15.1302605210421,14.8
Hungary,2021,100,18.5575858250277,15.3
Hungary,2022,100,..,..
Hungary,2023,100,..,..
Hungary,2024,..,..,..
IBRD only,2015,95.1768053412642,4.42189901487908,16.0209177851331
IBRD only,2016,95.836371597902,5.33092315908776,16.2845965537743
IBRD only,2017,96.6040591336246,6.10553650177018,16.3923000534023
IBRD only,2018,97.7498443251445,7.11477632144914,16.6268066421204
IBRD only,2019,97.87719934712,8.05833294048927,17.0666276982215
IBRD only,2020,98.0570730806839,9.41449992979103,18.0085051596372
IBRD only,2021,99.1094167920247,10.8548898891384,..
IBRD only,2022,98.9686574577803,..,..
IBRD only,2023,99.0885820346684,..,..
IBRD only,2024,..,..,..
IDA & IBRD total,2015,84.8020928694012,4.37964016345132,21.6163623919511
IDA & IBRD total,2016,86.1979701404555,5.24074997753859,21.8132582722264
IDA & IBRD total,2017,87.1780648108782,6.0147570247226,21.8333716725747
IDA & IBRD total,2018,88.2029739724979,6.98173536430678,21.9590062576992
IDA & IBRD total,2019,88.5717841906219,7.94566025276626,22.4318628279228
IDA & IBRD total,2020,88.9116377393905,9.17736278501713,23.435247290857
IDA & IBRD total,2021,90.0199738356034,10.5353875827932,..
IDA & IBRD total,2022,89.9613796377975,..,..
IDA & IBRD total,2023,90.3146248872835,..,..
IDA & IBRD total,2024,..,..,..
IDA blend,2015,68.7868324940631,3.67598802832927,61.7521936459909
IDA blend,2016,72.5460349141719,4.28731847487862,60.4836460271951
IDA blend,2017,71.6466137332559,5.50328003923983,59.7969449026188
IDA blend,2018,73.151878223369,5.87198547062814,60.0455922831853
IDA blend,2019,73.9089088089712,6.11070340937229,60.7067624481493
IDA blend,2020,74.4924621989682,6.05534348605923,60.0736911684857
IDA blend,2021,76.4698873250238,6.31818261910715,..
IDA blend,2022,77.0721324965067,..,..
IDA blend,2023,77.9201343756954,..,..
IDA blend,2024,..,..,..
IDA only,2015,46.705998397654,3.23966871011222,69.2695625897768
IDA only,2016,50.6602264813623,2.48198358558493,68.2872983784982
IDA only,2017,54.1427240952534,2.89524305732008,67.1926478978048
IDA only,2018,54.9412739063695,2.78101592073149,66.0568216095439
IDA only,2019,56.734623782158,5.05781041113983,66.1344154982874
IDA only,2020,58.2365188467346,2.8798930395798,67.3560634206125
IDA only,2021,59.7411600659608,1.97049846571533,..
IDA only,2022,60.2901358794059,..,..
IDA only,2023,61.9201921189084,..,..
IDA only,2024,..,..,..
IDA total,2015,54.5223994493809,3.44032856559285,65.4970691927081
IDA total,2016,58.3948761048664,3.30603752363983,64.3516706620498
IDA total,2017,60.3179355432413,4.02573590755373,63.4625486644428
IDA total,2018,61.3544488370868,4.07171847522397,63.0596732632859
IDA total,2019,62.769644320149,5.49096226854412,63.4454503938806
IDA total,2020,63.9370743593769,4.19380175985195,63.7525629244284
IDA total,2021,65.598211852635,3.78701490490498,..
IDA total,2022,66.1569043335558,..,..
IDA total,2023,67.5014937828868,..,..
IDA total,2024,..,..,..
Iceland,2015,100,26.680302143731,78
Iceland,2016,100,27.3790835579515,80.9
Iceland,2017,100,26.9352323526354,80.8
Iceland,2018,100,30.3543295173735,81.4
Iceland,2019,100,30.945197044335,81.7
Iceland,2020,100,31.2315052020704,82.9
Iceland,2021,100,29.6429081268482,82.4
Iceland,2022,100,..,..
Iceland,2023,100,..,..
Iceland,2024,..,..,..
India,2015,88,4.84184605005476,33.4
India,2016,89.6,3.9832387575032,33
India,2017,91.8,4.77156485415497,32.5
India,2018,95.7,5.60539679737644,32.9
India,2019,95.9,6.35327384440851,33.5
India,2020,96.5,9.28554258342319,36.1
India,2021,99.6,9.20447543029223,34.9
India,2022,99.2,..,..
India,2023,99.5,..,..
India,2024,..,..,..
Indonesia,2015,97.5,8.08662643566284,26.6
Indonesia,2016,97.6,8.02110060254748,27.8
Indonesia,2017,98.1,8.98691311092176,25.2
Indonesia,2018,98.5,8.5965183727374,22
Indonesia,2019,98.9,8.09560604666851,19.8
Indonesia,2020,97,8.4805233601994,21.9
Indonesia,2021,99.2,8.65237684146036,20.2
Indonesia,2022,100,..,..
Indonesia,2023,99.4,..,..
Indonesia,2024,..,..,..
"Iran, Islamic Rep.",2015,100,0.0916036246628159,0.9
"Iran, Islamic Rep.",2016,100,0.099988239119456,1
"Iran, Islamic Rep.",2017,99.9,0.0235204068394697,1
"Iran, Islamic Rep.",2018,100,0.268613430994503,1
"Iran, Islamic Rep.",2019,100,0.327941568122055,1
"Iran, Islamic Rep.",2020,100,0.328551778919303,0.9
"Iran, Islamic Rep.",2021,100,0.79148438795092,0.9
"Iran, Islamic Rep.",2022,100,..,..
"Iran, Islamic Rep.",2023,100,..,..
"Iran, Islamic Rep.",2024,..,..,..
Iraq,2015,99.4,0.086988144592334,0.8
Iraq,2016,99.7,0.0714106859670669,0.9
Iraq,2017,99.9,0.0651529031976617,0.5
Iraq,2018,99.9,0.385744916520166,0.5
Iraq,2019,100,0.329091950631,0.9
Iraq,2020,100,0.324937286495835,1.1
Iraq,2021,100,0.995172017680404,1.1
Iraq,2022,100,..,..
Iraq,2023,100,..,..
Iraq,2024,..,..,..
Ireland,2015,100,24.7599747341825,9.5
Ireland,2016,100,22.3216933982295,8.6
Ireland,2017,100,26.4255573119979,10.1
Ireland,2018,100,30.4071551889507,10.8
Ireland,2019,100,35.0717521930529,12.3
Ireland,2020,100,38.6185957669676,13.7
Ireland,2021,100,33.9226301985763,12.7
Ireland,2022,100,..,..
Ireland,2023,100,..,..
Ireland,2024,..,..,..
Isle of Man,2015,100,..,2.2
Isle of Man,2016,100,..,1.9
Isle of Man,2017,100,..,1.9
Isle of Man,2018,100,..,2
Isle of Man,2019,100,..,1.9
Isle of Man,2020,100,..,2
Isle of Man,2021,100,..,3.2
Isle of Man,2022,100,..,2.7
Isle of Man,2023,100,..,..
Isle of Man,2024,..,..,..
Israel,2015,100,2.02318375735683,3.7
Israel,2016,100,2.6341172079134,4
Israel,2017,100,2.87841711735674,3.9
Israel,2018,100,3.10037304225393,3.8
Israel,2019,100,4.71589495507947,4.5
Israel,2020,100,6.20373803331304,5.6
Israel,2021,100,7.63056263212098,6.2
Israel,2022,100,..,..
Israel,2023,100,..,..
Israel,2024,..,..,..
Italy,2015,100,22.3967306611824,16.6
Italy,2016,100,22.6403075574513,16.1
Italy,2017,100,22.8889226920867,16.4
Italy,2018,100,22.6578762063871,17.1
Italy,2019,100,23.6654279520713,17.3
Italy,2020,100,24.7302009403595,18.7
Italy,2021,100,24.5491180306432,17.5
Italy,2022,100,..,..
Italy,2023,100,..,..
Italy,2024,..,..,..
Jamaica,2015,94.9,4.01795245026686,12.1
Jamaica,2016,96.6,5.60562414266118,11.1
Jamaica,2017,97.4,8.17085427135678,11
Jamaica,2018,98.2,8.19813678709384,8.9
Jamaica,2019,98.9,8.54912907548012,9.2
Jamaica,2020,99.7,9.94583137070184,11.7
Jamaica,2021,100,9.56257228776313,10.5
Jamaica,2022,100,..,..
Jamaica,2023,97.7,..,..
Jamaica,2024,..,..,..
Japan,2015,100,5.55725588882088,6.2
Japan,2016,100,6.69775835351678,6.4
Japan,2017,100,7.76675220406082,6.9
Japan,2018,100,8.7805746797831,7.3
Japan,2019,100,10.1388571940274,7.8
Japan,2020,100,11.6827700825577,8.5
Japan,2021,100,12.6418714359476,8.8
Japan,2022,100,..,..
Japan,2023,100,..,..
Japan,2024,..,..,..
Jordan,2015,99.9,0.93550423483613,3.2
Jordan,2016,100,4.18355202929509,4.7
Jordan,2017,100,6.49754003472892,5.3
Jordan,2018,99.9,10.5029696166495,7.2
Jordan,2019,99.9,14.5379105350356,8.5
Jordan,2020,99.9,20.5964446162021,10.7
Jordan,2021,99.9,24.8339650896158,11.5
Jordan,2022,100,..,..
Jordan,2023,100,..,..
Jordan,2024,..,..,..
Kazakhstan,2015,100,0.237979147167019,1.7
Kazakhstan,2016,100,0.432830304246354,2.1
Kazakhstan,2017,100,0.468564673049343,2
Kazakhstan,2018,100,0.58462510687335,1.9
Kazakhstan,2019,100,1.22624138027826,1.9
Kazakhstan,2020,100,2.22015510866625,1.8
Kazakhstan,2021,100,2.99615912685309,2
Kazakhstan,2022,100,..,..
Kazakhstan,2023,100,..,..
Kazakhstan,2024,..,..,..
Kenya,2015,41.6,50.0650097565985,69.2
Kenya,2016,53.1,44.9603275173019,68.3
Kenya,2017,55.8,54.6664413979533,68.1
Kenya,2018,61.2,44.1002390861596,68.7
Kenya,2019,69.7,53.8508134302527,68.1
Kenya,2020,71.5,46.9406931964056,69
Kenya,2021,76.5,48.3876050420168,67.7
Kenya,2022,76,..,..
Kenya,2023,76.2,..,..
Kenya,2024,..,..,..
Kiribati,2015,90.6,16.207322089675,47.5
Kiribati,2016,92.6,18.5948835433372,48.1
Kiribati,2017,85.7,16.9038528288789,42.5
Kiribati,2018,87.5,17.8853754940711,42.3
Kiribati,2019,89.3,16.3652802893309,42.2
Kiribati,2020,91,16.3652802893309,42.2
Kiribati,2021,92.8,16.3652802893309,42.2
Kiribati,2022,94.4,..,41.9
Kiribati,2023,95.9,..,..
Kiribati,2024,..,..,..
"Korea, Dem. People's Rep.",2015,40,0.156578947368421,22.6
"Korea, Dem. People's Rep.",2016,42.1,0.171673640167364,24
"Korea, Dem. People's Rep.",2017,44.2,0.195022509131063,10.2
"Korea, Dem. People's Rep.",2018,46.3,0.199447203973722,11.9
"Korea, Dem. People's Rep.",2019,48.4,0.230079973202696,10
"Korea, Dem. People's Rep.",2020,50.5,0.22799883822248,11.2
"Korea, Dem. People's Rep.",2021,52.6,0.26471850493543,14.7
"Korea, Dem. People's Rep.",2022,54.7,..,..
"Korea, Dem. People's Rep.",2023,57.5,..,..
"Korea, Dem. People's Rep.",2024,..,..,..
"Korea, Rep.",2015,100,1.54467671967099,2.7
"Korea, Rep.",2016,100,2.33748898796017,2.6
"Korea, Rep.",2017,100,2.75473216478576,2.8
"Korea, Rep.",2018,100,3.31399440372008,3.2
"Korea, Rep.",2019,100,4.20412213714381,3.2
"Korea, Rep.",2020,100,5.02715264887679,3.6
"Korea, Rep.",2021,100,5.51298275297892,3.6
"Korea, Rep.",2022,100,..,..
"Korea, Rep.",2023,100,..,..
"Korea, Rep.",2024,..,..,..
Kosovo,2015,..,0.00571962714567727,..
Kosovo,2016,..,0.00417954663621728,..
Kosovo,2017,..,0.0194310914359577,..
Kosovo,2018,..,0.537259940492291,..
Kosovo,2019,..,1.59352763243049,..
Kosovo,2020,..,1.50135742021617,..
Kosovo,2021,..,2.06562524485407,..
Kosovo,2022,..,..,..
Kosovo,2023,..,..,..
Kosovo,2024,..,..,..
Kuwait,2015,100,0.00745372539831303,0
Kuwait,2016,100,0.069644003709781,0
Kuwait,2017,100,0.0704099576853327,0
Kuwait,2018,100,0.0744504271082142,0
Kuwait,2019,100,0.0828282559177312,0.1
Kuwait,2020,100,0.0806490448927176,0.1
Kuwait,2021,100,0.265012812418762,0.1
Kuwait,2022,100,..,..
Kuwait,2023,100,..,..
Kuwait,2024,..,..,..
Kyrgyz Republic,2015,98.7,-0.0560245587106677,23.5
Kyrgyz Republic,2016,99.7,0.0286532951289398,22.2
Kyrgyz Republic,2017,100,0.00322310320376458,24.7
Kyrgyz Republic,2018,100,0.00193236714975845,23.4
Kyrgyz Republic,2019,99.9,0.00132318888521336,28.3
Kyrgyz Republic,2020,99.9,0.00077901843676967,30
Kyrgyz Republic,2021,99.7,0.000924824943849914,27.6
Kyrgyz Republic,2022,99.7,..,..
Kyrgyz Republic,2023,100,..,..
Kyrgyz Republic,2024,..,..,..
Lao PDR,2015,89.7,12.0675907752699,53.3
Lao PDR,2016,89,-0.367039301990418,51.7
Lao PDR,2017,93.6,-1.84822635678877,50.6
Lao PDR,2018,92.9,-3.15826334602307,50.2
Lao PDR,2019,98.4,23.2467183197797,50.5
Lao PDR,2020,99.3,-5.24748561421066,50.6
Lao PDR,2021,100,-9.99576997573302,51.5
Lao PDR,2022,100,..,49.2
Lao PDR,2023,96.5,..,..
Lao PDR,2024,..,..,..
Late-demographic dividend,2015,98.7802217306047,4.71951233049041,13.7947562846974
Late-demographic dividend,2016,99.1163496922603,5.92374571611253,14.1053604502349
Late-demographic dividend,2017,99.2721123074965,6.8718183732578,14.3601698499908
Late-demographic dividend,2018,99.2806763593238,7.93687024412698,14.7113402854056
Late-demographic dividend,2019,99.3289771232339,8.90559599715017,15.1930553100861
Late-demographic dividend,2020,99.3868589990754,9.91376134240316,15.8291260683112
Late-demographic dividend,2021,99.4116181588713,11.6527779054118,..
Late-demographic dividend,2022,99.4771148303382,..,..
Late-demographic dividend,2023,99.457096381276,..,..
Late-demographic dividend,2024,..,..,..
Latin America & Caribbean,2015,97.2847276074314,6.90573184130569,28.2446666189275
Latin America & Caribbean,2016,97.4783821342287,8.35304577367049,28.8850327404841
Latin America & Caribbean,2017,97.7105992174177,8.41280416771319,29.4068241645848
Latin America & Caribbean,2018,97.756715207991,9.7485848317668,30.252639118551
Latin America & Caribbean,2019,97.9982113870485,11.5051726086776,30.6248117743588
Latin America & Caribbean,2020,98.1499942926253,13.9045051240626,34.1964972995889
Latin America & Caribbean,2021,98.2756305609279,15.1321199441586,..
Latin America & Caribbean,2022,98.5788786006825,..,..
Latin America & Caribbean,2023,98.4226177260083,..,..
Latin America & Caribbean,2024,..,..,..
Latin America & Caribbean (excluding high income),2015,97.0444842543207,6.92263924721343,29.3653339575074
Latin America & Caribbean (excluding high income),2016,97.2783725152738,8.3511344793925,30.0701319995524
Latin America & Caribbean (excluding high income),2017,97.5494520001496,8.93878239089841,30.6421659951186
Latin America & Caribbean (excluding high income),2018,97.5550235798694,10.0043729757031,31.4749268035603
Latin America & Caribbean (excluding high income),2019,97.83219501534,12.25009516849,31.7254596724351
Latin America & Caribbean (excluding high income),2020,97.9857774825804,14.1293443405757,34.931181287891
Latin America & Caribbean (excluding high income),2021,98.1210875680183,15.4576039738954,..
Latin America & Caribbean (excluding high income),2022,98.4626020716217,..,..
Latin America & Caribbean (excluding high income),2023,98.2687443423624,..,..
Latin America & Caribbean (excluding high income),2024,..,..,..
Latin America & the Caribbean (IDA & IBRD countries),2015,97.2323920529293,7.0159439898132,28.4881357094781
Latin America & the Caribbean (IDA & IBRD countries),2016,97.4280893456675,8.50709318614324,29.1484835734771
Latin America & the Caribbean (IDA & IBRD countries),2017,97.6633402843345,8.54128594791462,29.6408830785882
Latin America & the Caribbean (IDA & IBRD countries),2018,97.7078847938323,9.92378835453524,30.4953793252595
Latin America & the Caribbean (IDA & IBRD countries),2019,97.9522021469941,11.7183651611634,30.8730849505438
Latin America & the Caribbean (IDA & IBRD countries),2020,98.106453253093,14.1786416793029,34.4989632470857
Latin America & the Caribbean (IDA & IBRD countries),2021,98.2338083621938,15.418072985648,..
Latin America & the Caribbean (IDA & IBRD countries),2022,98.5448799242171,..,..
Latin America & the Caribbean (IDA & IBRD countries),2023,98.3852491204833,..,..
Latin America & the Caribbean (IDA & IBRD countries),2024,..,..,..
Latvia,2015,100,16.5685884691849,38.1
Latvia,2016,100,14.8161581569116,38.5
Latvia,2017,100,14.3632983667508,42.6
Latvia,2018,100,15.8774538964902,41
Latvia,2019,100,16.8547685616651,41.5
Latvia,2020,100,18.2831935709294,43.8
Latvia,2021,100,17.2909681833732,44
Latvia,2022,100,..,..
Latvia,2023,100,..,..
Latvia,2024,..,..,..
Least developed countries: UN classification,2015,42.3127281274977,2.56799266235334,72.6420499355701
Least developed countries: UN classification,2016,46.3458332429442,1.21480425943233,71.7069864304561
Least developed countries: UN classification,2017,50.2044940868735,2.33334430462432,70.6528427025745
Least developed countries: UN classification,2018,51.0874202600401,1.8576066276499,69.6689273124056
Least developed countries: UN classification,2019,52.8787122662405,5.19609875274706,69.5024909470932
Least developed countries: UN classification,2020,54.4736840146264,1.97584495587575,70.885707743194
Least developed countries: UN classification,2021,56.1055373553461,1.02907863878289,..
Least developed countries: UN classification,2022,56.7383129284796,..,..
Least developed countries: UN classification,2023,58.4341452966049,..,..
Least developed countries: UN classification,2024,..,..,..
Lebanon,2015,99.7,0.177849289353714,4.2
Lebanon,2016,99.8,0.270867683429514,4
Lebanon,2017,99.9,0.436264356994916,4
Lebanon,2018,99.7,0.548717948717949,4.7
Lebanon,2019,100,0.666574022605151,5.1
Lebanon,2020,100,0.627447753825901,6.3
Lebanon,2021,100,-0.85743400621118,6.8
Lebanon,2022,100,..,..
Lebanon,2023,100,..,..
Lebanon,2024,..,..,..
Lesotho,2015,31.8,0.142159705205664,46
Lesotho,2016,35.1,0.148356367611462,45.1
Lesotho,2017,33.7,0.150973381009138,41.5
Lesotho,2018,47,0.146905323385008,42.5
Lesotho,2019,44.6,0.193398987200041,41.6
Lesotho,2020,47.5,0.177727889247463,43.2
Lesotho,2021,50.4,0.146248171897851,33.6
Lesotho,2022,50,..,34.9
Lesotho,2023,57.3,..,..
Lesotho,2024,..,..,..
Liberia,2015,15.2,0.177875656445875,91.9
Liberia,2016,17.7,0.299304319689371,92.8
Liberia,2017,24.2,1.59620737647877,93.6
Liberia,2018,22.8,1.69881821341675,94.4
Liberia,2019,23.1,1.69881821341675,89.7
Liberia,2020,27.6,1.69881821341675,93
Liberia,2021,29.8,1.69881821341675,93.2
Liberia,2022,31.8,..,92.8
Liberia,2023,32.5,..,..
Liberia,2024,..,..,..
Libya,2015,73.8,0.020767241609128,2.9
Libya,2016,72.2,0.0247931253978358,2.8
Libya,2017,70.6,0.0234067485952946,2.9
Libya,2018,67,0.0227971086593895,2.9
Libya,2019,68.5,0.0224962458126372,3
Libya,2020,69.4,0.0264076748364351,3.2
Libya,2021,70.2,0.0223947103636625,3.1
Libya,2022,70,..,..
Libya,2023,73.2,..,..
Libya,2024,..,..,..
Liechtenstein,2015,100,..,55.5
Liechtenstein,2016,100,..,55.8
Liechtenstein,2017,100,..,55.3
Liechtenstein,2018,100,..,56.8
Liechtenstein,2019,100,..,56.1
Liechtenstein,2020,100,..,55.2
Liechtenstein,2021,100,..,53.6
Liechtenstein,2022,100,..,56.9
Liechtenstein,2023,100,..,..
Liechtenstein,2024,..,..,..
Lithuania,2015,100,26.9410095276708,29
Lithuania,2016,100,38.4669479606188,31.5
Lithuania,2017,100,46.2347743014091,33.8
Lithuania,2018,100,50.5326117915124,33.7
Lithuania,2019,100,53.497859481239,33.5
Lithuania,2020,100,41.2307413449338,31.7
Lithuania,2021,100,44.0901929893659,33.2
Lithuania,2022,100,..,..
Lithuania,2023,100,..,..
Lithuania,2024,..,..,..
Low & middle income,2015,85.0403535635607,4.5152533005529,22.8201674163747
Low & middle income,2016,86.205662408907,5.47064741262899,23.0608461717503
Low & middle income,2017,87.2277670796171,6.35679299672635,23.0974316930161
Low & middle income,2018,88.3266471423387,7.39583004472682,23.1935827555534
Low & middle income,2019,88.6903151850414,8.42790283767041,23.6991235791253
Low & middle income,2020,89.015749732089,9.64193072562608,24.5991935538732
Low & middle income,2021,90.1519963114906,11.1229784348543,..
Low & middle income,2022,90.0927677222263,..,..
Low & middle income,2023,90.491567372195,..,..
Low & middle income,2024,..,..,..
Low income,2015,33.0702183882953,0.898778197599755,72.025105390618
Low income,2016,36.4336124161591,0.95232209061757,72.3242852138885
Low income,2017,38.1792563861523,1.47028881272901,68.0372933002885
Low income,2018,39.6838027900568,1.44228783212212,67.4936095658543
Low income,2019,40.7021444975815,1.5554372191363,67.0220084162203
Low income,2020,41.7368456716846,1.22432944957555,69.2018592023965
Low income,2021,43.015465793649,-0.113925018692552,..
Low income,2022,43.0060882829376,..,..
Low income,2023,45.2721918756793,..,..
Low income,2024,..,..,..
Lower middle income,2015,80.658695354603,4.36702858092055,41.5090157779437
Lower middle income,2016,82.7167145232316,4.01888373420905,40.5515766783568
Lower middle income,2017,84.659238704957,4.63554816896469,39.843846096
Lower middle income,2018,86.9121805698534,5.17890337220369,39.7446785945484
Lower middle income,2019,87.6135221862236,6.15477381482538,40.1472436736453
Lower middle income,2020,88.3804143922632,7.89869554814502,41.6375575764497
Lower middle income,2021,90.555734236785,8.30877042863018,..
Lower middle income,2022,90.5768405981587,..,..
Lower middle income,2023,91.2680749757223,..,..
Lower middle income,2024,..,..,..
Luxembourg,2015,100,12.0086767895879,9.1
Luxembourg,2016,100,15.564406008193,13.5
Luxembourg,2017,100,23.0738255033557,15.3
Luxembourg,2018,100,26.8867667121419,16
Luxembourg,2019,100,36.1687631027254,16.4
Luxembourg,2020,100,39.604297224709,20.8
Luxembourg,2021,100,39.9950226244344,20.5
Luxembourg,2022,100,..,..
Luxembourg,2023,100,..,..
Luxembourg,2024,..,..,..
"Macao SAR, China",2015,100,..,5.4
"Macao SAR, China",2016,100,..,5.4
"Macao SAR, China",2017,100,..,3.9
"Macao SAR, China",2018,100,..,8.4
"Macao SAR, China",2019,100,..,8.4
"Macao SAR, China",2020,100,..,11
"Macao SAR, China",2021,100,..,13.6
"Macao SAR, China",2022,100,..,11
"Macao SAR, China",2023,100,..,..
"Macao SAR, China",2024,..,..,..
Madagascar,2015,23.8,2.17769376181475,83.9
Madagascar,2016,22.9,15.7693977211069,83.8
Madagascar,2017,24.1,2.22425828970332,81.9
Madagascar,2018,36.5,3.63298097251586,84.2
Madagascar,2019,31,3.54880518428514,82.5
Madagascar,2020,32,4.19757688723206,84.7
Madagascar,2021,35.1,3.5647152528873,83.6
Madagascar,2022,36.1,..,83.1
Madagascar,2023,39.4,..,..
Madagascar,2024,..,..,..
Malawi,2015,10.8,3.47745648896807,81
Malawi,2016,11,3.33534039423941,78.9
Malawi,2017,12.7,3.81511185295255,76.9
Malawi,2018,18,4.6598801760246,73.2
Malawi,2019,11.2,7.4876834617512,70.9
Malawi,2020,11.5,7.60059612518629,71.5
Malawi,2021,14.2,7.600563575708,71.1
Malawi,2022,14,..,62.9
Malawi,2023,15.6,..,..
Malawi,2024,..,..,..
Malaysia,2015,99.9,1.86509332160985,3.4
Malaysia,2016,99.9,0.892476206889948,4.4
Malaysia,2017,100,0.888957782438224,5.2
Malaysia,2018,100,1.27171650237206,5.3
Malaysia,2019,100,1.51020671327574,5.7
Malaysia,2020,100,1.89665330592275,7
Malaysia,2021,100,-0.280070227294193,7.5
Malaysia,2022,100,..,..
Malaysia,2023,100,..,..
Malaysia,2024,..,..,..
Maldives,2015,99.8,1.5101116576872,1.5
Maldives,2016,100,2.17712587601507,1.2
Maldives,2017,99.8,2.83466002309048,1.3
Maldives,2018,100,3.8740471610743,1.3
Maldives,2019,100,4.41901990609087,1.3
Maldives,2020,100,5.58478879892923,1.6
Maldives,2021,100,5.82133253659994,1.4
Maldives,2022,100,..,1.2
Maldives,2023,100,..,..
Maldives,2024,..,..,..
Mali,2015,37.6,3.5554122817398,81.2
Mali,2016,38.8,3.26162593820586,77.9
Mali,2017,34.8,3.13740888061867,77
Mali,2018,50.9,3.12351669665999,77.2
Mali,2019,47.9,3.16749494839168,74.9
Mali,2020,50.6,5.73223856692374,72.8
Mali,2021,53.4,5.73223856692374,71.2
Mali,2022,53,..,71.1
Mali,2023,54.5,..,..
Mali,2024,..,..,..
Malta,2015,100,7.82592024539877,6
Malta,2016,100,15.8996499416569,9.2
Malta,2017,100,10.4215626892792,7.3
Malta,2018,100,10.1427115188583,7.6
Malta,2019,100,9.80330257406508,7.4
Malta,2020,100,11.3308446103593,9.2
Malta,2021,100,11.8897922312556,8.6
Malta,2022,100,..,..
Malta,2023,100,..,..
Malta,2024,..,..,..
Marshall Islands,2015,92.1,1.72945435044912,11.7
Marshall Islands,2016,92.7,2.14507479537115,12.1
Marshall Islands,2017,93.8,2.40139355480901,12
Marshall Islands,2018,95.3,2.4256748351785,12
Marshall Islands,2019,96.8,2.4256748351785,12.1
Marshall Islands,2020,98.3,2.4256748351785,12
Marshall Islands,2021,99.8,2.4256748351785,12.1
Marshall Islands,2022,100,..,12.2
Marshall Islands,2023,100,..,..
Marshall Islands,2024,..,..,..
Mauritania,2015,39.5,13.4185763996129,28.3
Mauritania,2016,41.2,15.718966846569,31.7
Mauritania,2017,42.9,13.9114686433896,25.5
Mauritania,2018,43.6,19.2089904677665,21.6
Mauritania,2019,44.9,19.7933163529678,21.2
Mauritania,2020,45.4,18.9100619853438,20.9
Mauritania,2021,47.7,19.3554142491133,22.1
Mauritania,2022,49,..,19.6
Mauritania,2023,50.3,..,..
Mauritania,2024,..,..,..
Mauritius,2015,99.6,18.6923590256924,11.5
Mauritius,2016,99.7,18.6150558842867,10.3
Mauritius,2017,99.6,17.3456235973068,9.4
Mauritius,2018,99.8,16.9671031619291,9.2
Mauritius,2019,100,18.9239802224969,8.9
Mauritius,2020,99.5,20.1235253296322,9.4
Mauritius,2021,99.6,18.1400401069519,8.6
Mauritius,2022,100,..,..
Mauritius,2023,100,..,..
Mauritius,2024,..,..,..
Mexico,2015,99,5.34818035250541,9.2
Mexico,2016,99.5,5.9096242443943,9.2
Mexico,2017,100,5.89875330679655,10.1
Mexico,2018,99.5,6.67321287626273,10.3
Mexico,2019,99.6,9.87361010225177,10.3
Mexico,2020,99.4,12.5898417467586,12.3
Mexico,2021,100,13.3777425127653,13
Mexico,2022,100,..,..
Mexico,2023,99.7,..,..
Mexico,2024,..,..,..
"Micronesia, Fed. Sts.",2015,73,2.75555555555556,1.7
"Micronesia, Fed. Sts.",2016,74.8,4.39106487148103,1.9
"Micronesia, Fed. Sts.",2017,76.5,4.45966514459665,1.7
"Micronesia, Fed. Sts.",2018,78.3,4.29399780598652,2
"Micronesia, Fed. Sts.",2019,80.1,4.70658325886208,2
"Micronesia, Fed. Sts.",2020,81.9,4.41525778957664,2
"Micronesia, Fed. Sts.",2021,83.6,3.52914898369444,2.1
"Micronesia, Fed. Sts.",2022,85.3,..,2
"Micronesia, Fed. Sts.",2023,86.9,..,..
"Micronesia, Fed. Sts.",2024,..,..,..
"Middle East, North Africa, Afghanistan & Pakistan",2015,93.4360655461117,0.640882106818216,7.08007314623562
"Middle East, North Africa, Afghanistan & Pakistan",2016,95.158764819742,1.04256502245551,7.10925108984167
"Middle East, North Africa, Afghanistan & Pakistan",2017,96.0012431691978,1.23668432676837,7.14927454903901
"Middle East, North Africa, Afghanistan & Pakistan",2018,94.9706861712286,1.51950712121793,7.30858693459966
"Middle East, North Africa, Afghanistan & Pakistan",2019,96.0087072984602,1.78321732173587,7.59670819188084
"Middle East, North Africa, Afghanistan & Pakistan",2020,96.2621204422818,2.49596462936461,7.54675702757893
"Middle East, North Africa, Afghanistan & Pakistan",2021,96.4166690553693,2.85934764090963,..
"Middle East, North Africa, Afghanistan & Pakistan",2022,95.8637945014964,..,..
"Middle East, North Africa, Afghanistan & Pakistan",2023,96.4226367435274,..,..
"Middle East, North Africa, Afghanistan & Pakistan",2024,..,..,..
"Middle East, North Africa, Afghanistan & Pakistan (IDA & IBRD)",2015,92.7799106414588,0.956025400950724,11.2881808687104
"Middle East, North Africa, Afghanistan & Pakistan (IDA & IBRD)",2016,94.6688585064836,1.62114473481363,11.1456851493979
"Middle East, North Africa, Afghanistan & Pakistan (IDA & IBRD)",2017,95.593813647771,1.89233001173212,10.943060961286
"Middle East, North Africa, Afghanistan & Pakistan (IDA & IBRD)",2018,94.4715748209862,2.32313534105029,10.9557039236004
"Middle East, North Africa, Afghanistan & Pakistan (IDA & IBRD)",2019,95.6135456463624,2.39633025544305,11.4771071770715
"Middle East, North Africa, Afghanistan & Pakistan (IDA & IBRD)",2020,95.8888561743117,3.38733227125541,11.2025085485546
"Middle East, North Africa, Afghanistan & Pakistan (IDA & IBRD)",2021,96.0681260042218,3.80204594174301,..
"Middle East, North Africa, Afghanistan & Pakistan (IDA & IBRD)",2022,95.4516981935493,..,..
"Middle East, North Africa, Afghanistan & Pakistan (IDA & IBRD)",2023,96.0574946837091,..,..
"Middle East, North Africa, Afghanistan & Pakistan (IDA & IBRD)",2024,..,..,..
"Middle East, North Africa, Afghanistan & Pakistan (excluding high income)",2015,92.8277634911895,0.956523570896006,11.2870521999878
"Middle East, North Africa, Afghanistan & Pakistan (excluding high income)",2016,94.704907124104,1.62487896170971,11.1503064832308
"Middle East, North Africa, Afghanistan & Pakistan (excluding high income)",2017,95.6230221837644,1.89600450125239,10.9413685116146
"Middle East, North Africa, Afghanistan & Pakistan (excluding high income)",2018,94.5093636648155,2.32829407760142,10.9619732223084
"Middle East, North Africa, Afghanistan & Pakistan (excluding high income)",2019,95.6437471934695,2.40643471765478,11.4865470725413
"Middle East, North Africa, Afghanistan & Pakistan (excluding high income)",2020,95.9173702775193,3.4017119476723,11.2181326344417
"Middle East, North Africa, Afghanistan & Pakistan (excluding high income)",2021,96.0956018888668,3.81940029967014,..
"Middle East, North Africa, Afghanistan & Pakistan (excluding high income)",2022,95.483714372763,..,..
"Middle East, North Africa, Afghanistan & Pakistan (excluding high income)",2023,96.0854287468734,..,..
"Middle East, North Africa, Afghanistan & Pakistan (excluding high income)",2024,..,..,..
Middle income,2015,89.6958037766237,4.54739885767793,21.5560536905019
Middle income,2016,90.7291286306228,5.5109379241895,21.7814211036831
Middle income,2017,91.7558824062698,6.39893522613894,21.8712431719356
Middle income,2018,92.8949172748869,7.44877491350659,21.9901982115892
Middle income,2019,93.2810806550699,8.48868559526581,22.4930680521439
Middle income,2020,93.6244047915351,9.71517717533477,23.3167480903784
Middle income,2021,94.8333917992069,11.215264714196,..
Middle income,2022,94.8579251685419,..,..
Middle income,2023,95.1581054427171,..,..
Middle income,2024,..,..,..
Moldova,2015,99.9,0.308048256486531,24.7
Moldova,2016,99.9,0.322740474970101,25.3
Moldova,2017,100,0.64665592264303,26.1
Moldova,2018,100,1.05194805194805,25.3
Moldova,2019,100,1.35310635310635,22
Moldova,2020,100,1.31229773462783,22.3
Moldova,2021,100,1.77133413461538,21.4
Moldova,2022,100,..,..
Moldova,2023,100,..,..
Moldova,2024,..,..,..
Monaco,2015,100,..,..
Monaco,2016,100,..,..
Monaco,2017,100,..,..
Monaco,2018,100,..,..
Monaco,2019,100,..,..
Monaco,2020,100,..,..
Monaco,2021,100,..,..
Monaco,2022,100,..,..
Monaco,2023,100,..,..
Monaco,2024,..,..,..
Mongolia,2015,88,2.9773263196082,3.5
Mongolia,2016,90.8,2.96964884418564,3.4
Mongolia,2017,93.6,3.09258337481334,1.8
Mongolia,2018,98.1,6.14521805661821,2.1
Mongolia,2019,98.9,8.39840579710145,2.3
Mongolia,2020,99.5,8.74000605693519,2.9
Mongolia,2021,100,9.89896407910669,3
Mongolia,2022,100,..,..
Mongolia,2023,100,..,..
Mongolia,2024,..,..,..
Montenegro,2015,99.5,0,43
Montenegro,2016,99.6,0.00604902897166507,43.9
Montenegro,2017,100,3.94439967767929,37.8
Montenegro,2018,100,3.75328083989501,40.6
Montenegro,2019,100,8.6192834255753,38.7
Montenegro,2020,99.9,9.42307692307692,39.6
Montenegro,2021,99.8,8.54608050847458,39.6
Montenegro,2022,100,..,..
Montenegro,2023,100,..,..
Montenegro,2024,..,..,..
Morocco,2015,97.3,8.22940893801057,11.2
Morocco,2016,97.8,10.7426962446719,11.1
Morocco,2017,100,10.6521346148052,10.4
Morocco,2018,98.1,13.6131598782837,10.9
Morocco,2019,99.6,15.2803121248499,10.7
Morocco,2020,100,15.4651238266427,11.1
Morocco,2021,100,16.4714879819553,10.9
Morocco,2022,100,..,..
Morocco,2023,100,..,..
Morocco,2024,..,..,..
Mozambique,2015,24,0.335421504563374,80.1
Mozambique,2016,26.2,0.35195324839423,77.4
Mozambique,2017,24.3,0.402675433624306,78.2
Mozambique,2018,31.1,0.452890729829065,79
Mozambique,2019,29.7,0.052731391244798,77.5
Mozambique,2020,30.6,0.719676266554551,80.2
Mozambique,2021,31.5,0.72144182348264,76.9
Mozambique,2022,33.2,..,..
Mozambique,2023,36,..,..
Mozambique,2024,..,..,..
Myanmar,2015,60.5,9.12554085795525,70
Myanmar,2016,55.6,14.2782072768557,68.8
Myanmar,2017,69.8,13.0881935287555,59.5
Myanmar,2018,66.1,12.2904090909091,59.4
Myanmar,2019,68.3,11.7046547578152,58.5
Myanmar,2020,70.4,11.2843466368271,59.2
Myanmar,2021,72.5,11.326171875,62.9
Myanmar,2022,73.6,..,..
Myanmar,2023,76.8,..,..
Myanmar,2024,..,..,..
Namibia,2015,51.6,-2.10709677419355,29.3
Namibia,2016,49.7,12.0247592847318,29.2
Namibia,2017,52.5,-5.79633867276888,30.2
Namibia,2018,52.3,12.7239396117901,30.9
Namibia,2019,53.3,49.5501474926254,30.2
Namibia,2020,52.3,8.85670731707317,31.2
Namibia,2021,55.2,25.5812324929972,30
Namibia,2022,56.2,..,..
Namibia,2023,56.7,..,..
Namibia,2024,..,..,..
Nauru,2015,99,0.661703887510339,0.1
Nauru,2016,99.7,0.806227411731999,0.2
Nauru,2017,99.8,3.13121272365805,0.6
Nauru,2018,99.9,3.09251559251559,0.7
Nauru,2019,100,3.85956175298805,0.6
Nauru,2020,100,6.69456066945607,1.3
Nauru,2021,100,9.82367758186398,1.6
Nauru,2022,100,..,1.9
Nauru,2023,100,..,..
Nauru,2024,..,..,..
Nepal,2015,82,8.21922965537214,85.2
Nepal,2016,90.7,-4.49844162071446,79.4
Nepal,2017,86.6,2.83723986856517,76.8
Nepal,2018,93.9,4.0115990057995,75
Nepal,2019,89.9,-5.3027881950106,78.2
Nepal,2020,89.9,4.66467356173239,73.1
Nepal,2021,89.9,-15.1222291278227,73.7
Nepal,2022,91.3,..,..
Nepal,2023,94,..,..
Nepal,2024,..,..,..
Netherlands,2015,100,12.3386896282653,5.8
Netherlands,2016,100,12.7462963927821,5.6
Netherlands,2017,100,14.8291754504255,6.4
Netherlands,2018,100,16.465120345518,7.4
Netherlands,2019,100,18.7152988270954,8.6
Netherlands,2020,100,26.5202550333393,10.7
Netherlands,2021,100,33.055169026766,12.2
Netherlands,2022,100,..,..
Netherlands,2023,100,..,..
Netherlands,2024,..,..,..
New Caledonia,2015,100,2.36257092363501,5.1
New Caledonia,2016,100,1.82431029249669,3.7
New Caledonia,2017,100,2.26815109442472,5.1
New Caledonia,2018,100,2.64609611892515,4.6
New Caledonia,2019,100,5.1979685686088,5.2
New Caledonia,2020,100,6.16967376141,6.1
New Caledonia,2021,100,7.87484105983023,8.3
New Caledonia,2022,100,..,9.6
New Caledonia,2023,100,..,..
New Caledonia,2024,..,..,..
New Zealand,2015,100,25.5812392311307,29.3
New Zealand,2016,100,25.8474288431492,30.1
New Zealand,2017,100,25.1254480286738,28.4
New Zealand,2018,100,24.918333557077,28.9
New Zealand,2019,100,25.328932795818,28
New Zealand,2020,100,25.9477182896155,28.7
New Zealand,2021,100,27.116630427473,28.9
New Zealand,2022,100,..,..
New Zealand,2023,100,..,..
New Zealand,2024,..,..,..
Nicaragua,2015,83.2,43.6627373935822,50
Nicaragua,2016,83.9,43.491396209976,49.5
Nicaragua,2017,84.6,45.731270718232,48.9
Nicaragua,2018,85.2,50.1418134937688,51.3
Nicaragua,2019,85.7,52.2079142982073,50.5
Nicaragua,2020,86,55.077552097072,52.2
Nicaragua,2021,86.3,55.2914787562307,50.4
Nicaragua,2022,86.5,..,..
Nicaragua,2023,88.3,..,..
Nicaragua,2024,..,..,..
Niger,2015,16.6,2.14689265536723,78.9
Niger,2016,17,1.89033189033189,80.2
Niger,2017,17.6,2.63345195729537,82
Niger,2018,17.6,8.59888059701493,82
Niger,2019,18.5,6.87910447761194,80.7
Niger,2020,18.7,6.84843982169391,81.9
Niger,2021,18.6,7.8251273344652,79.6
Niger,2022,19.5,..,..
Niger,2023,20.1,..,..
Niger,2024,..,..,..
Nigeria,2015,52.5,0.0827909456427572,81.3
Nigeria,2016,59.3,0.0885909116956048,81.1
Nigeria,2017,54.4,0.164596361974928,81.6
Nigeria,2018,56.5,0.177013377013377,80.8
Nigeria,2019,55.4,0.462077493816983,80.1
Nigeria,2020,55.4,-0.769960054608889,81.8
Nigeria,2021,59.5,-0.406522880183232,80.3
Nigeria,2022,60.5,..,..
Nigeria,2023,61.2,..,..
Nigeria,2024,..,..,..
North America,2015,100,7.18174750865687,10.3923884465868
North America,2016,100,8.30614037145509,10.724670511025
North America,2017,100,9.34594737221722,11.2091690751112
North America,2018,100,9.70339394486871,11.3114262085469
North America,2019,100,10.4137891181007,11.5807525012806
North America,2020,100,12.0280742163706,12.4628823400948
North America,2021,100,13.2235950574745,..
North America,2022,100,..,..
North America,2023,100,..,..
North America,2024,..,..,..
North Macedonia,2015,99.9,2.89691817215728,23.9
North Macedonia,2016,100,3.01208029845443,21.4
North Macedonia,2017,100,3.3225,19
North Macedonia,2018,99.8,3.11307294453362,20.9
North Macedonia,2019,100,3.08076333276538,17
North Macedonia,2020,100,5.18477651019263,20
North Macedonia,2021,100,4.73368287832218,19.5
North Macedonia,2022,100,..,..
North Macedonia,2023,100,..,..
North Macedonia,2024,..,..,..
Northern Mariana Islands,2015,100,..,0
Northern Mariana Islands,2016,100,..,0
Northern Mariana Islands,2017,100,..,0
Northern Mariana Islands,2018,100,..,0
Northern Mariana Islands,2019,100,..,0
Northern Mariana Islands,2020,100,..,0.3
Northern Mariana Islands,2021,100,..,0.5
Northern Mariana Islands,2022,100,..,0.5
Northern Mariana Islands,2023,100,..,..
Northern Mariana Islands,2024,..,..,..
Norway,2015,100,1.92426632352331,56.5
Norway,2016,100,1.59207471719381,57.7
Norway,2017,100,2.10935242172866,58.9
Norway,2018,100,2.81597857196272,58.9
Norway,2019,100,4.36238566112701,59.8
Norway,2020,100,6.62982054834241,60.9
Norway,2021,100,7.68654778941503,61.4
Norway,2022,100,..,..
Norway,2023,100,..,..
Norway,2024,..,..,..
Not classified,2015,..,..,..
Not classified,2016,..,..,..
Not classified,2017,..,..,..
Not classified,2018,..,..,..
Not classified,2019,..,..,..
Not classified,2020,..,..,..
Not classified,2021,..,..,..
Not classified,2022,..,..,..
Not classified,2023,..,..,..
Not classified,2024,..,..,..
OECD members,2015,99.8393577437036,9.92256525340633,12.2611450949417
OECD members,2016,99.8959370066929,10.7023446524714,12.432384629223
OECD members,2017,99.9408590340957,11.9301578355819,12.7954391065077
OECD members,2018,99.8987734342049,12.5735492779542,13.2024399046234
OECD members,2019,99.9400725167424,14.0578287745107,13.6864487000325
OECD members,2020,99.9329794930067,16.0819700774984,14.8380363213872
OECD members,2021,100,16.732630511338,..
OECD members,2022,100,..,..
OECD members,2023,99.9229486259415,..,..
OECD members,2024,..,..,..
Oman,2015,100,0.0127586838410353,0
Oman,2016,100,0.0122692217807899,0
Oman,2017,100,0.0430812650452395,0
Oman,2018,100,0.12955551432585,0
Oman,2019,100,0.151316297382846,0
Oman,2020,100,0.413562831629352,0.1
Oman,2021,100,1.93992360506721,0.1
Oman,2022,100,..,..
Oman,2023,100,..,..
Oman,2024,..,..,..
Other small states,2015,86.4520330481869,14.5180838620584,42.5760198652004
Other small states,2016,87.8544041310444,14.0745964947955,42.1565383945673
Other small states,2017,89.3280026877149,14.3036781789406,41.4366535230585
Other small states,2018,90.472453074168,15.9281065645184,42.3626099950191
Other small states,2019,91.8035513133262,17.5448398736076,42.3904707420726
Other small states,2020,92.8384985004429,18.6762693123749,45.4042214532872
Other small states,2021,93.8560728212473,18.0576359435626,..
Other small states,2022,93.9605317818207,..,..
Other small states,2023,94.4954692175265,..,..
Other small states,2024,..,..,..
Pacific island small states,2015,78.5477895035505,7.32265446224256,31.3321759259259
Pacific island small states,2016,79.9083422592839,6.51252747252747,28.8504854368932
Pacific island small states,2017,82.1041734677982,7.54288666706975,28.9891402714932
Pacific island small states,2018,82.69782730903,8.61721945057063,27.3537444933921
Pacific island small states,2019,84.3434350882329,9.06669614858889,27.3889848812095
Pacific island small states,2020,86.1939811336602,9.9859129779171,29.425845410628
Pacific island small states,2021,85.6708178235478,10.2163178932518,..
Pacific island small states,2022,85.7923885063867,..,..
Pacific island small states,2023,88.8705713618501,..,..
Pacific island small states,2024,..,..,..
Pakistan,2015,91,2.01272260058581,45.9
Pakistan,2016,91.8,4.63535634157602,43.7
Pakistan,2017,92.7,6.41277723616866,42.1
Pakistan,2018,93.4,7.59848932727612,43.4
Pakistan,2019,93.9,6.63771335397687,45.9
Pakistan,2020,94.5,8.51887092555545,42.7
Pakistan,2021,94.9,7.8082244932443,41.6
Pakistan,2022,95,..,..
Pakistan,2023,95.6,..,..
Pakistan,2024,..,..,..
Palau,2015,99.5,1.84130829800121,0.4
Palau,2016,100,3.26275598750434,0.6
Palau,2017,100,3.37038365005378,0.6
Palau,2018,100,3.58557208605373,0.6
Palau,2019,100,3.50894731580526,0.9
Palau,2020,100,3.92137197873834,0.9
Palau,2021,100,4.59829235675342,0.9
Palau,2022,100,..,0.9
Palau,2023,100,..,..
Palau,2024,..,..,..
Panama,2015,91.6,6.98193297717339,22
Panama,2016,92.4,9.00321513871027,22.1
Panama,2017,93.7,8.46477087484151,23.6
Panama,2018,93.8,10.3075069177899,24.5
Panama,2019,93.9,11.1883585164835,19
Panama,2020,95.3,11.2227405781193,28.5
Panama,2021,95.3,10.3735646427096,28
Panama,2022,95,..,..
Panama,2023,97,..,..
Panama,2024,..,..,..
Papua New Guinea,2015,18.4,8.307169849012,55.3
Papua New Guinea,2016,13.5,7.40108112453027,54.8
Papua New Guinea,2017,19.2,6.78156732228184,54.7
Papua New Guinea,2018,16.6,5.19995396007315,53.4
Papua New Guinea,2019,23.6,4.82024016866807,53.2
Papua New Guinea,2020,20.5,4.60341972315196,53.6
Papua New Guinea,2021,20.9,4.67103081085799,54.5
Papua New Guinea,2022,19,..,54.6
Papua New Guinea,2023,20.5,..,..
Papua New Guinea,2024,..,..,..
Paraguay,2015,99.3,0.262019230769231,60.5
Paraguay,2016,98.4,0.266202505841213,62.5
Paraguay,2017,99.3,0.236893691882383,60.1
Paraguay,2018,99.6,0.226525028710397,59.2
Paraguay,2019,99.7,0.285497603494651,60.1
Paraguay,2020,99.7,0.551712240144915,61.5
Paraguay,2021,100,0.66614385491974,58.8
Paraguay,2022,100,..,..
Paraguay,2023,99.8,..,..
Paraguay,2024,..,..,..
Peru,2015,93.9,1.71855453733142,27.4
Peru,2016,94.2,3.51871222026415,27.2
Peru,2017,94.8,3.30999870122641,27.6
Peru,2018,95.2,5.02511191178076,27.9
Peru,2019,95.6,4.94812214812215,27.1
Peru,2020,96.2,6.22523277290124,31.6
Peru,2021,95.6,5.77832961864481,30.6
Peru,2022,96.2,..,..
Peru,2023,96.2,..,..
Peru,2024,..,..,..
Philippines,2015,89.1,15.0141115088273,30.8
Philippines,2016,92,15.3916783224485,28.6
Philippines,2017,93,14.5021510617556,27.8
Philippines,2018,94.2,14.0838035862843,27.6
Philippines,2019,95.3,13.3668558713157,26.9
Philippines,2020,96.4,14.3198785532509,29.1
Philippines,2021,97.5,13.9807315418535,28
Philippines,2022,94.8,..,..
Philippines,2023,98,..,..
Philippines,2024,..,..,..
Poland,2015,100,12.7178800077602,11.9
Poland,2016,100,12.4176553545174,11.3
Poland,2017,100,12.6692693514798,11.1
Poland,2018,100,11.5744917342492,15.1
Poland,2019,100,14.3516049954875,15.6
Poland,2020,100,16.5417800331557,16.1
Poland,2021,100,15.7342385223041,15.2
Poland,2022,100,..,..
Poland,2023,100,..,..
Poland,2024,..,..,..
Portugal,2015,100,29.9731018695154,27.2
Portugal,2016,100,27.4953173432346,29
Portugal,2017,100,28.0608941461527,24.4
Portugal,2018,100,28.52132939835,27.5
Portugal,2019,100,34.9706701283064,28.2
Portugal,2020,100,33.9457402313576,31.3
Portugal,2021,100,38.5149179073736,32.3
Portugal,2022,100,..,..
Portugal,2023,100,..,..
Portugal,2024,..,..,..
Post-demographic dividend,2015,99.9447341881081,9.87497088786195,11.8425604176608
Post-demographic dividend,2016,99.9577816688383,10.6229765340355,12.0622071586832
Post-demographic dividend,2017,99.9711225773329,11.9060162430513,12.4846381438532
Post-demographic dividend,2018,99.9821644449028,12.4841631168998,12.8576178839564
Post-demographic dividend,2019,99.9932424809452,13.8437332685736,13.2726556995631
Post-demographic dividend,2020,99.9972400863322,15.836033567769,14.4278548426441
Post-demographic dividend,2021,99.9988344256857,16.4117868929291,..
Post-demographic dividend,2022,100,..,..
Post-demographic dividend,2023,100,..,..
Post-demographic dividend,2024,..,..,..
Pre-demographic dividend,2015,40.1196686715573,2.36955171000621,73.339891666412
Pre-demographic dividend,2016,44.6718700054727,2.04973092532812,72.8428194718611
Pre-demographic dividend,2017,44.3587801999364,3.37735557930768,72.7571519329351
Pre-demographic dividend,2018,47.1055374833379,3.00106460170288,71.906862473446
Pre-demographic dividend,2019,47.5891649924098,3.64319017652746,71.4398709500275
Pre-demographic dividend,2020,48.3865766205334,3.00875947456168,73.3285283869645
Pre-demographic dividend,2021,50.5171178994713,3.14962413174244,..
Pre-demographic dividend,2022,51.1433191693417,..,..
Pre-demographic dividend,2023,52.5309883201788,..,..
Pre-demographic dividend,2024,..,..,..
Puerto Rico (US),2015,100,2.20553779706657,1.9
Puerto Rico (US),2016,100,2.35681664037628,1.9
Puerto Rico (US),2017,100,3.04892668817941,2.3
Puerto Rico (US),2018,100,2.43241913844543,1.4
Puerto Rico (US),2019,100,3.51196129257394,2.4
Puerto Rico (US),2020,100,3.74866927665784,2.5
Puerto Rico (US),2021,100,4.37589948053246,2.6
Puerto Rico (US),2022,100,..,2.5
Puerto Rico (US),2023,100,..,..
Puerto Rico (US),2024,..,..,..
Qatar,2015,100,0.30323622255958,0
Qatar,2016,100,0.309972345002009,0.1
Qatar,2017,100,0.301422487597137,0.1
Qatar,2018,100,0.298213391217232,0
Qatar,2019,100,0.252506416426051,0.1
Qatar,2020,100,0.289800641520159,0
Qatar,2021,100,0.276427644700916,0
Qatar,2022,100,..,..
Qatar,2023,100,..,..
Qatar,2024,..,..,..
Romania,2015,98.8,14.4331332207071,23.7
Romania,2016,99.1,13.7336989078844,24.4
Romania,2017,100,15.2229998755755,23.4
Romania,2018,99.8,13.1492231333621,23
Romania,2019,100,15.1878165777733,23.5
Romania,2020,100,16.494010798441,24.1
Romania,2021,100,15.0188498402556,23.6
Romania,2022,100,..,..
Romania,2023,100,..,..
Romania,2024,..,..,..
Russian Federation,2015,95.5,0.169662327735438,3.2
Russian Federation,2016,99.4,0.160007626219897,3.4
Russian Federation,2017,100,0.176730440249733,3.2
Russian Federation,2018,100,0.202496114673843,3.2
Russian Federation,2019,99.8,0.268245337461168,3.2
Russian Federation,2020,99.9,0.401953991448764,3.7
Russian Federation,2021,100,0.490596127705673,3.5
Russian Federation,2022,100,..,..
Russian Federation,2023,100,..,..
Russian Federation,2024,..,..,..
Rwanda,2015,22.8,12.5123339658444,86.3
Rwanda,2016,29.4,3.9788838612368,85.5
Rwanda,2017,34.1,8.22374429223744,84.5
Rwanda,2018,38,7.47820512820513,82.8
Rwanda,2019,46.6,4.22053675612602,81.8
Rwanda,2020,45.2,3.77853107344633,81.7
Rwanda,2021,48.7,5.16498993963783,79.4
Rwanda,2022,50.6,..,79.9
Rwanda,2023,63.9,..,..
Rwanda,2024,..,..,..
Samoa,2015,98.2,5.88922133839305,37.1
Samoa,2016,98.9,10.8108108108108,36.8
Samoa,2017,96.8,13.5376008326828,35.8
Samoa,2018,99.8,14.0184010941191,36.6
Samoa,2019,99.2,14.0385855861139,34.2
Samoa,2020,100,17.9154537400329,35.6
Samoa,2021,98.3,20.3842376626565,36
Samoa,2022,98.3,..,35.9
Samoa,2023,100,..,..
Samoa,2024,..,..,..
San Marino,2015,100,..,..
San Marino,2016,100,..,..
San Marino,2017,100,..,..
San Marino,2018,100,..,..
San Marino,2019,100,..,..
San Marino,2020,100,..,..
San Marino,2021,100,..,..
San Marino,2022,100,..,..
San Marino,2023,100,..,..
San Marino,2024,..,..,..
Sao Tome and Principe,2015,67.3,0,39.2
Sao Tome and Principe,2016,69.4,0.150588235294118,38.1
Sao Tome and Principe,2017,74.3,0.327958458595245,39.2
Sao Tome and Principe,2018,71,0.364889519562133,40.6
Sao Tome and Principe,2019,75.1,0.331583310306715,38.6
Sao Tome and Principe,2020,76.8,0.322046374677954,41.6
Sao Tome and Principe,2021,78.5,0.204798127559977,40.8
Sao Tome and Principe,2022,78,..,42.5
Sao Tome and Principe,2023,81.3,..,..
Sao Tome and Principe,2024,..,..,..
Saudi Arabia,2015,100,0.0127345044562439,0
Saudi Arabia,2016,99.9,0.0124340760896077,0
Saudi Arabia,2017,100,0.0184114400771668,0
Saudi Arabia,2018,99.9,0.0562251679456406,0
Saudi Arabia,2019,100,0.068837561920283,0
Saudi Arabia,2020,100,0.06764821408208,0.1
Saudi Arabia,2021,100,0.0652981651937175,0.1
Saudi Arabia,2022,100,..,..
Saudi Arabia,2023,100,..,..
Saudi Arabia,2024,..,..,..
Senegal,2015,60.5,1.63358226933269,39.1
Senegal,2016,64.5,1.63293695310747,36.7
Senegal,2017,61.7,3.69584939895668,36.8
Senegal,2018,66,6.27113203509523,34.2
Senegal,2019,70.4,6.30777518405459,36.2
Senegal,2020,64.3,9.23380427291523,38.7
Senegal,2021,68,13.2915360501567,35.4
Senegal,2022,67.9,..,..
Senegal,2023,74.2,..,..
Senegal,2024,..,..,..
Serbia,2015,99.9,0.121729594234686,21.2
Serbia,2016,99.9,0.209394540186061,20.9
Serbia,2017,100,0.405695775408287,20
Serbia,2018,100,0.749018036072144,21
Serbia,2019,99.8,2.83095744680851,21.4
Serbia,2020,100,3.17169880914743,26
Serbia,2021,100,3.63917876291356,27.2
Serbia,2022,100,..,..
Serbia,2023,100,..,..
Serbia,2024,..,..,..
Seychelles,2015,100,2.23434108116694,1.4
Seychelles,2016,100,2.25974913368149,1.2
Seychelles,2017,100,2.28811360366098,1.2
Seychelles,2018,100,2.73889511011571,1.2
Seychelles,2019,100,2.30110159118727,1.2
Seychelles,2020,100,2.96433325061475,1.3
Seychelles,2021,100,4.51403741810568,1.7
Seychelles,2022,100,..,1.9
Seychelles,2023,100,..,..
Seychelles,2024,..,..,..
Sierra Leone,2015,19.7,3.713298791019,74
Sierra Leone,2016,20.3,3.29840900271634,73.6
Sierra Leone,2017,23.4,4.60609812722489,74.6
Sierra Leone,2018,26.1,4.75940291127113,75.9
Sierra Leone,2019,22.7,4.76528940943787,75.4
Sierra Leone,2020,26.3,4.76528940943787,75.1
Sierra Leone,2021,27.5,4.7829445388537,71.1
Sierra Leone,2022,29.4,..,71.6
Sierra Leone,2023,35.5,..,..
Sierra Leone,2024,..,..,..
Singapore,2015,100,4.17967076556922,0.7
Singapore,2016,100,4.59045610232792,0.7
Singapore,2017,100,4.27901206291037,0.7
Singapore,2018,100,4.11612199206036,0.8
Singapore,2019,100,4.17542088160238,0.9
Singapore,2020,100,4.08125772500843,0.9
Singapore,2021,100,4.02215992761209,1.1
Singapore,2022,100,..,..
Singapore,2023,100,..,..
Singapore,2024,..,..,..
Sint Maarten (Dutch part),2015,100,0,0
Sint Maarten (Dutch part),2016,100,0,0
Sint Maarten (Dutch part),2017,100,0,0
Sint Maarten (Dutch part),2018,100,0,0
Sint Maarten (Dutch part),2019,100,0,0
Sint Maarten (Dutch part),2020,100,0,0
Sint Maarten (Dutch part),2021,100,0,0
Sint Maarten (Dutch part),2022,100,..,0
Sint Maarten (Dutch part),2023,100,..,..
Sint Maarten (Dutch part),2024,..,..,..
Slovak Republic,2015,100,8.08088317288035,13.4
Slovak Republic,2016,100,8.3875258646172,13.1
Slovak Republic,2017,100,7.96019900497512,12.4
Slovak Republic,2018,100,8.21623224945312,12.4
Slovak Republic,2019,100,8.04670464936344,17.6
Slovak Republic,2020,100,8.11429364033567,17.6
Slovak Republic,2021,100,8.3955223880597,17.9
Slovak Republic,2022,100,..,..
Slovak Republic,2023,100,..,..
Slovak Republic,2024,..,..,..
Slovenia,2015,100,3.6187417218543,21.4
Slovenia,2016,100,3.36078787878788,21
Slovenia,2017,100,3.55524929560211,19.7
Slovenia,2018,100,3.24292539507534,20.6
Slovenia,2019,100,3.48325982980309,20.9
Slovenia,2020,100,3.77678883071553,22.7
Slovenia,2021,100,4.63750314940791,23.4
Slovenia,2022,100,..,..
Slovenia,2023,100,..,..
Slovenia,2024,..,..,..
Small states,2015,87.6813928879402,11.2859150824795,31.1755146888735
Small states,2016,88.8486713357501,11.0579776469299,31.3734949541816
Small states,2017,90.1550278534803,11.3720963841246,31.1677364093193
Small states,2018,90.9647335432231,12.6975712941229,32.2826634877384
Small states,2019,92.0919222790738,13.8520733687602,31.6559924886778
Small states,2020,93.1195945831784,14.5651035314959,34.2609139465875
Small states,2021,93.7468179373385,14.4262478438965,..
Small states,2022,93.8522236444989,..,..
Small states,2023,94.7947483488559,..,..
Small states,2024,..,..,..
Solomon Islands,2015,55.1,6.34609093882892,48.6
Solomon Islands,2016,58.2,6.62368722054695,48.7
Solomon Islands,2017,62.9,6.92554043234588,49
Solomon Islands,2018,65.8,5.55283037378593,48.6
Solomon Islands,2019,69.4,5.79571537872992,48.4
Solomon Islands,2020,72.9,5.15490533562823,49
Solomon Islands,2021,76.3,5.69467272551484,49.1
Solomon Islands,2022,76,..,50.1
Solomon Islands,2023,81.3,..,..
Solomon Islands,2024,..,..,..
"Somalia, Fed. Rep.",2015,51.2,1.45841545132046,94.5
"Somalia, Fed. Rep.",2016,51.1,3.3683048039757,94.8
"Somalia, Fed. Rep.",2017,52.1,4.62695514741948,94.9
"Somalia, Fed. Rep.",2018,50.7,4.69707283866576,94.9
"Somalia, Fed. Rep.",2019,49.2,4.69707283866576,95
"Somalia, Fed. Rep.",2020,49.9,8.22221022512552,95.5
"Somalia, Fed. Rep.",2021,49.3,11.2132448947616,95.4
"Somalia, Fed. Rep.",2022,48.9,..,95.4
"Somalia, Fed. Rep.",2023,50.3,..,..
"Somalia, Fed. Rep.",2024,..,..,..
South Africa,2015,85.3,1.17749294025756,7.6
South Africa,2016,83.9,1.52918135526831,7.8
South Africa,2017,84.4,2.10801774753659,7.9
South Africa,2018,84.7,2.6560763191457,8
South Africa,2019,85,2.94907438559548,8.7
South Africa,2020,90,3.40421090426309,9.8
South Africa,2021,89.3,3.67059683870362,9.7
South Africa,2022,86.5,..,..
South Africa,2023,87.7,..,..
South Africa,2024,..,..,..
South Asia,2015,86.5327784624672,4.64209233981888,34.8834168535168
South Asia,2016,88.3184480403398,3.76652179463182,34.2074772429003
South Asia,2017,91.3983728307397,4.53273175014391,33.5888874710393
South Asia,2018,94.8192024055978,5.31367336189204,33.8834998158718
South Asia,2019,95.4698953988653,5.98427522543522,34.4293579877468
South Asia,2020,96.4013617397441,8.70495815084142,36.8864659122341
South Asia,2021,99.3693129133951,8.54637507854835,..
South Asia,2022,99.0895114731934,..,..
South Asia,2023,99.4087889697405,..,..
South Asia,2024,..,..,..
South Asia (IDA & IBRD),2015,86.5327784624672,4.64209233981888,34.8834168535168
South Asia (IDA & IBRD),2016,88.3184480403398,3.76652179463182,34.2074772429003
South Asia (IDA & IBRD),2017,91.3983728307397,4.53273175014391,33.5888874710393
South Asia (IDA & IBRD),2018,94.8192024055978,5.31367336189204,33.8834998158718
South Asia (IDA & IBRD),2019,95.4698953988653,5.98427522543522,34.4293579877468
South Asia (IDA & IBRD),2020,96.4013617397441,8.70495815084142,36.8864659122341
South Asia (IDA & IBRD),2021,99.3693129133951,8.54637507854835,..
South Asia (IDA & IBRD),2022,99.0895114731934,..,..
South Asia (IDA & IBRD),2023,99.4087889697405,..,..
South Asia (IDA & IBRD),2024,..,..,..
South Sudan,2015,4.8,0.041522491349481,27.5
South Sudan,2016,5.3,0.127490039840637,28.7
South Sudan,2017,4.2,0.123616236162362,35.1
South Sudan,2018,6.3,0.20479704797048,31.5
South Sudan,2019,6.8,0.227272727272727,31.4
South Sudan,2020,7.3,0.226039783001808,32.8
South Sudan,2021,7.7,0.335664335664336,32.4
South Sudan,2022,8.4,..,..
South Sudan,2023,5.4,..,..
South Sudan,2024,..,..,..
Spain,2015,100,24.5450302764933,16.3
Spain,2016,100,24.8413296890865,16.7
Spain,2017,100,25.2504297744863,15.2
Spain,2018,100,25.3490592161835,16.9
Spain,2019,100,27.9378021423056,16.7
Spain,2020,100,31.619034601117,19.3
Spain,2021,100,35.0405924640555,19
Spain,2022,100,..,..
Spain,2023,100,..,..
Spain,2024,..,..,..
Sri Lanka,2015,94.3,3.1935214686694,51.3
Sri Lanka,2016,97.5,3.07266872024643,45.1
Sri Lanka,2017,97.5,3.45124207188161,45.8
Sri Lanka,2018,99.6,3.86002059467113,47.9
Sri Lanka,2019,99.8,4.65626351894197,46.1
Sri Lanka,2020,100,4.9782582290781,49.3
Sri Lanka,2021,100,7.77126133363939,48.8
Sri Lanka,2022,100,..,..
Sri Lanka,2023,100,..,..
Sri Lanka,2024,..,..,..
St. Kitts and Nevis,2015,100,4.50787851107559,1.6
St. Kitts and Nevis,2016,100,4.64632454923717,1.7
St. Kitts and Nevis,2017,100,3.66546653363987,1.3
St. Kitts and Nevis,2018,100,3.63286318168501,1.3
St. Kitts and Nevis,2019,100,3.49980023971235,1.3
St. Kitts and Nevis,2020,100,4.41465289044488,1.6
St. Kitts and Nevis,2021,100,4.52674897119342,1.6
St. Kitts and Nevis,2022,100,..,1.5
St. Kitts and Nevis,2023,100,..,..
St. Kitts and Nevis,2024,..,..,..
St. Lucia,2015,99,0.308537063668453,11.5
St. Lucia,2016,99.8,0.994030756778632,11.2
St. Lucia,2017,99.9,0.975355520810066,10.2
St. Lucia,2018,100,2.1902638606463,10.2
St. Lucia,2019,100,2.57230886813633,10
St. Lucia,2020,100,2.7505168668708,10
St. Lucia,2021,100,2.54489148622662,9.7
St. Lucia,2022,100,..,9.7
St. Lucia,2023,100,..,..
St. Lucia,2024,..,..,..
St. Martin (French part),2015,100,2.10837438423645,..
St. Martin (French part),2016,100,1.40885157250605,..
St. Martin (French part),2017,100,0.0970818342755982,..
St. Martin (French part),2018,100,0.0136286201022146,..
St. Martin (French part),2019,100,0.267873087683791,..
St. Martin (French part),2020,100,0.685086626656098,..
St. Martin (French part),2021,100,0.811168745171615,..
St. Martin (French part),2022,100,..,..
St. Martin (French part),2023,100,..,..
St. Martin (French part),2024,..,..,..
St. Vincent and the Grenadines,2015,99.4,0.59483112265828,4.3
St. Vincent and the Grenadines,2016,99.7,0.52951559129241,4.1
St. Vincent and the Grenadines,2017,100,0.54637526652452,5.3
St. Vincent and the Grenadines,2018,100,0.76702461148536,4.9
St. Vincent and the Grenadines,2019,100,1.08440031356154,5.4
St. Vincent and the Grenadines,2020,100,2.52652519893899,5.2
St. Vincent and the Grenadines,2021,100,1.62369337979094,5
St. Vincent and the Grenadines,2022,100,..,5.1
St. Vincent and the Grenadines,2023,100,..,..
St. Vincent and the Grenadines,2024,..,..,..
Sub-Saharan Africa,2015,39.1996500160838,2.0316612587837,68.0255515815612
Sub-Saharan Africa,2016,43.8301651403807,1.85776796489379,67.9625238161754
Sub-Saharan Africa,2017,43.7628194566177,3.10789659926456,67.8175544668556
Sub-Saharan Africa,2018,46.4166752425457,3.26839634260868,67.6660713231228
Sub-Saharan Africa,2019,47.1974168154517,4.1981836687379,68.1693850218034
Sub-Saharan Africa,2020,48.5450389491045,3.63981611454569,70.2701133853785
Sub-Saharan Africa,2021,50.6566448640617,4.24307642267285,..
Sub-Saharan Africa,2022,51.5873775845363,..,..
Sub-Saharan Africa,2023,53.2558710664349,..,..
Sub-Saharan Africa,2024,..,..,..
Sub-Saharan Africa (IDA & IBRD countries),2015,39.1996500160838,2.0316612587837,68.0255515815612
Sub-Saharan Africa (IDA & IBRD countries),2016,43.8301651403807,1.85776796489379,67.9625238161754
Sub-Saharan Africa (IDA & IBRD countries),2017,43.7628194566177,3.10789659926456,67.8175544668556
Sub-Saharan Africa (IDA & IBRD countries),2018,46.4166752425457,3.26839634260868,67.6660713231228
Sub-Saharan Africa (IDA & IBRD countries),2019,47.1974168154518,4.1981836687379,68.1693850218034
Sub-Saharan Africa (IDA & IBRD countries),2020,48.5450389491045,3.63981611454569,70.2701133853785
Sub-Saharan Africa (IDA & IBRD countries),2021,50.6566448640617,4.24307642267285,..
Sub-Saharan Africa (IDA & IBRD countries),2022,51.5873775845363,..,..
Sub-Saharan Africa (IDA & IBRD countries),2023,53.2558710664349,..,..
Sub-Saharan Africa (IDA & IBRD countries),2024,..,..,..
Sub-Saharan Africa (excluding high income),2015,40.343402663759,2.10315929710825,65.7662775656608
Sub-Saharan Africa (excluding high income),2016,43.9294742312831,2.17648279474993,65.7628766382921
Sub-Saharan Africa (excluding high income),2017,43.6966106335647,3.22047785270428,65.5572534348578
Sub-Saharan Africa (excluding high income),2018,46.5941222062837,3.45341433348486,65.4505889650284
Sub-Saharan Africa (excluding high income),2019,47.1016223972235,4.30109575164086,66.056261685499
Sub-Saharan Africa (excluding high income),2020,48.2508517332199,3.73459327516101,68.169313816785
Sub-Saharan Africa (excluding high income),2021,50.2501732333213,4.18583700165962,..
Sub-Saharan Africa (excluding high income),2022,51.1489934048537,..,..
Sub-Saharan Africa (excluding high income),2023,53.0069667981858,..,..
Sub-Saharan Africa (excluding high income),2024,..,..,..
Sudan,2015,48,1.0056657223796,61.9
Sudan,2016,50.5,0.958610188261351,58.9
Sudan,2017,53,0.963629353553528,59.4
Sudan,2018,55.3,0.873433275989187,59.8
Sudan,2019,57.6,0.810392996833675,59.4
Sudan,2020,59.7,0.768055718131804,62.6
Sudan,2021,61.8,-4.28573052870949,61
Sudan,2022,63.2,..,..
Sudan,2023,66,..,..
Sudan,2024,..,..,..
Suriname,2015,95,0.591937069813176,11.6
Suriname,2016,95.8,0.765774861181222,11.1
Suriname,2017,96.6,0.90807651434644,15.5
Suriname,2018,97.4,0.985668789808917,18.3
Suriname,2019,97.9,0.916500994035785,14.9
Suriname,2020,98.4,-13.8684729064039,14.6
Suriname,2021,98.8,-6.05665859564165,14.5
Suriname,2022,99,..,..
Suriname,2023,99.6,..,..
Suriname,2024,..,..,..
Sweden,2015,100,16.769178099092,51.9
Sweden,2016,100,17.3762322928017,50.9
Sweden,2017,100,18.2131506849315,51.8
Sweden,2018,100,17.713035495716,51.6
Sweden,2019,100,19.9253142087046,52.9
Sweden,2020,100,24.2649527262517,57.8
Sweden,2021,100,24.3611683488748,57.9
Sweden,2022,100,..,..
Sweden,2023,100,..,..
Sweden,2024,..,..,..
Switzerland,2015,100,4.20987326065763,23.9
Switzerland,2016,100,5.04692420909364,24.1
Switzerland,2017,100,5.81785917992268,25
Switzerland,2018,100,5.6279560871892,24.2
Switzerland,2019,100,5.71327520302532,24.8
Switzerland,2020,100,6.58867766868602,26.4
Switzerland,2021,100,7.62737458850533,27.7
Switzerland,2022,100,..,..
Switzerland,2023,100,..,..
Switzerland,2024,..,..,..
Syrian Arab Republic,2015,90,0.173744590922814,0.6
Syrian Arab Republic,2016,89.8,0.181259842519685,1.3
Syrian Arab Republic,2017,89.6,0.160782862166289,1.1
Syrian Arab Republic,2018,86,0.139360337934676,0.9
Syrian Arab Republic,2019,89.2,0.14528125584003,1
Syrian Arab Republic,2020,89,0.211973546815176,1.1
Syrian Arab Republic,2021,88.8,0.371048519572098,1.1
Syrian Arab Republic,2022,89,..,..
Syrian Arab Republic,2023,88.4,..,..
Syrian Arab Republic,2024,..,..,..
Tajikistan,2015,98,-0.582682671017364,48.1
Tajikistan,2016,99.3,0.991643454038997,43.7
Tajikistan,2017,99.3,0.98862758087667,44.2
Tajikistan,2018,99.3,0.908114679363793,41.6
Tajikistan,2019,99.4,0.84926277616071,40.1
Tajikistan,2020,99.5,6.14417910447761,38.8
Tajikistan,2021,99.6,3.33983300352334,34.9
Tajikistan,2022,100,..,..
Tajikistan,2023,100,..,..
Tajikistan,2024,..,..,..
Tanzania,2015,26.2,3.28296115019884,82.8
Tanzania,2016,32.8,3.41230904817861,81.7
Tanzania,2017,32.1,3.4546870574908,82
Tanzania,2018,34.9,3.45737704918033,81.3
Tanzania,2019,37.7,3.21223241590214,80.4
Tanzania,2020,39.9,3.2230415860735,80.8
Tanzania,2021,42.7,3.50960698689956,78.3
Tanzania,2022,45.8,..,..
Tanzania,2023,48.3,..,..
Tanzania,2024,..,..,..
Thailand,2015,99.6,10.9237564959169,22.6
Thailand,2016,99.9,18.9619482005576,22.4
Thailand,2017,99.9,17.5784530448113,22.2
Thailand,2018,99.8,19.638923446039,23.7
Thailand,2019,99.9,21.8353127893136,23.9
Thailand,2020,100,16.1636964774532,20.9
Thailand,2021,100,17.2997083499576,19
Thailand,2022,99.9,..,..
Thailand,2023,100,..,..
Thailand,2024,..,..,..
Timor-Leste,2015,67.3,0.261818181818182,18
Timor-Leste,2016,76.5,0.220978501063588,12.7
Timor-Leste,2017,79.5,0.115842454262203,13.2
Timor-Leste,2018,85.2,0.109852645933558,12.7
Timor-Leste,2019,90.6,0.0960869421159007,11.7
Timor-Leste,2020,96,0.10147317302988,11.4
Timor-Leste,2021,100,0.102282515073213,12.1
Timor-Leste,2022,99.7,..,11.4
Timor-Leste,2023,100,..,..
Timor-Leste,2024,..,..,..
Togo,2015,44.7,0.18,81
Togo,2016,46.8,0.03125,80.7
Togo,2017,48,13.8634423897582,78.4
Togo,2018,50,-15.2934232715008,76.7
Togo,2019,52.5,2.495,78.6
Togo,2020,54.1,2.45008183306056,76.2
Togo,2021,55.7,11.7008,75.1
Togo,2022,57.2,..,..
Togo,2023,59.2,..,..
Togo,2024,..,..,..
Tonga,2015,100,7.89246941237291,1.9
Tonga,2016,97,8.43941537010844,2
Tonga,2017,98.2,9.32611311672684,2
Tonga,2018,99,10.8752544344286,1.8
Tonga,2019,98.4,12.7067254685777,1.8
Tonga,2020,99.9,14.2141600108298,1.9
Tonga,2021,100,14.2006227155814,1.8
Tonga,2022,100,..,2.3
Tonga,2023,100,..,..
Tonga,2024,..,..,..
Trinidad and Tobago,2015,100,0.0654127481713689,0.4
Trinidad and Tobago,2016,100,0.0664614077927593,0.4
Trinidad and Tobago,2017,100,0.0671457685294433,0.4
Trinidad and Tobago,2018,100,0.0678590785907859,0.5
Trinidad and Tobago,2019,100,0.0681323465389639,0.4
Trinidad and Tobago,2020,100,0.0678590785907859,0.5
Trinidad and Tobago,2021,100,0.067595292085088,0.5
Trinidad and Tobago,2022,100,..,..
Trinidad and Tobago,2023,98.7,..,..
Trinidad and Tobago,2024,..,..,..
Tunisia,2015,99.9,2.53477376715811,12.5
Tunisia,2016,100,2.74022628548338,12.4
Tunisia,2017,100,2.60081863366144,11.8
Tunisia,2018,99.8,2.71869024856597,11.9
Tunisia,2019,100,2.93036249659308,12.2
Tunisia,2020,99.9,2.89142135068096,12.9
Tunisia,2021,99.9,2.69209684787574,11.6
Tunisia,2022,100,..,..
Tunisia,2023,100,..,..
Tunisia,2024,..,..,..
Turkiye,2015,100,6.30874808524618,13.3
Turkiye,2016,100,8.38776566280866,13.2
Turkiye,2017,100,9.76210403092066,11.4
Turkiye,2018,100,12.4123575710053,11.8
Turkiye,2019,100,14.2949255833391,14.1
Turkiye,2020,100,16.3852782659446,13.7
Turkiye,2021,100,18.7108026636951,12
Turkiye,2022,100,..,..
Turkiye,2023,100,..,..
Turkiye,2024,..,..,..
Turkmenistan,2015,100,0.000665660779266886,0.1
Turkmenistan,2016,100,0.000633258749525056,0.1
Turkmenistan,2017,100,0.000627720120522263,0.1
Turkmenistan,2018,100,0.000591412687773528,0.1
Turkmenistan,2019,99.9,0.000666666666666667,0.1
Turkmenistan,2020,100,0.000582252930673084,0.1
Turkmenistan,2021,100,-0.00651408450704225,0.1
Turkmenistan,2022,100,..,..
Turkmenistan,2023,100,..,..
Turkmenistan,2024,..,..,..
Turks and Caicos Islands,2015,100,0.0217344055640078,0.4
Turks and Caicos Islands,2016,100,0.02040399918384,0.4
Turks and Caicos Islands,2017,100,0.102284350494374,0.3
Turks and Caicos Islands,2018,100,0.267763591912763,0.4
Turks and Caicos Islands,2019,100,0.562205989214824,0.5
Turks and Caicos Islands,2020,99.4,0.573166452216634,0.5
Turks and Caicos Islands,2021,100,1.48336829487564,0.8
Turks and Caicos Islands,2022,99.9,..,0.8
Turks and Caicos Islands,2023,100,..,..
Turks and Caicos Islands,2024,..,..,..
Tuvalu,2015,98.1,11.4613180515759,3
Tuvalu,2016,97.3,23.6276849642005,7.3
Tuvalu,2017,98.7,23.2667450058754,7
Tuvalu,2018,99,19.2525481313703,6.4
Tuvalu,2019,99.7,19.2307692307692,6.3
Tuvalu,2020,99.4,15.8385093167702,5
Tuvalu,2021,99.7,15.8385093167702,5
Tuvalu,2022,100,..,5.2
Tuvalu,2023,100,..,..
Tuvalu,2024,..,..,..
Uganda,2015,18.5,8.90081028220173,91.7
Uganda,2016,26.7,6.6768260641093,91.4
Uganda,2017,32.4,6.86636912575479,91.3
Uganda,2018,41.9,7.69055374592834,90.5
Uganda,2019,41.3,8.22438704028021,90.5
Uganda,2020,42.1,7.80457516339869,91.6
Uganda,2021,45.2,2.0631159969674,91
Uganda,2022,47.1,..,90.9
Uganda,2023,51.5,..,..
Uganda,2024,..,..,..
Ukraine,2015,100,1.47999780061338,4.2
Ukraine,2016,100,1.38412133217478,5.5
Ukraine,2017,100,2.0667350273977,6.5
Ukraine,2018,100,2.08499496349315,6.9
Ukraine,2019,100,4.10417734411999,7.4
Ukraine,2020,100,7.68713739917928,8.7
Ukraine,2021,100,5.47085755537824,8.9
Ukraine,2022,100,..,..
Ukraine,2023,100,..,..
Ukraine,2024,..,..,..
United Arab Emirates,2015,100,0.240204736895818,0.1
United Arab Emirates,2016,100,0.248154120342867,0.1
United Arab Emirates,2017,100,0.557695737471018,0.2
United Arab Emirates,2018,100,0.885151528519123,0.3
United Arab Emirates,2019,100,2.64586794169905,0.7
United Arab Emirates,2020,100,3.78319860170417,0.9
United Arab Emirates,2021,100,4.20134583903604,1
United Arab Emirates,2022,100,..,..
United Arab Emirates,2023,100,..,..
United Arab Emirates,2024,..,..,..
United Kingdom,2015,100,22.797935125061,7.7
United Kingdom,2016,100,23.0155435498123,7.7
United Kingdom,2017,100,27.5604645718062,8.8
United Kingdom,2018,100,31.3778034424785,10.2
United Kingdom,2019,100,35.1429075020641,11.4
United Kingdom,2020,100,41.1642719597097,13.6
United Kingdom,2021,100,37.8311738385223,12.2
United Kingdom,2022,100,..,..
United Kingdom,2023,100,..,..
United Kingdom,2024,..,..,..
United States,2015,100,7.35254388360494,8.9
United States,2016,100,8.50075843849591,9.3
United States,2017,100,9.700691811457,9.7
United States,2018,100,10.0478956277699,9.9
United States,2019,100,10.8666213545367,10.2
United States,2020,100,12.6817482828225,11
United States,2021,100,14.0077934914494,10.9
United States,2022,100,..,..
United States,2023,100,..,..
United States,2024,..,..,..
Upper middle income,2015,98.9983511185364,4.59383976367316,14.5429189160572
Upper middle income,2016,99.0344942337774,5.90101647941259,14.9096847055022
Upper middle income,2017,99.1608269162572,6.85469725000061,15.1318149947337
Upper middle income,2018,99.1796087241328,8.03802749314013,15.3128112264645
Upper middle income,2019,99.2771270394009,9.0902340209384,15.8640951439244
Upper middle income,2020,99.2175769160247,10.1611021082672,16.5853427587953
Upper middle income,2021,99.4356373038317,11.9103415356067,..
Upper middle income,2022,99.5088717815517,..,..
Upper middle income,2023,99.4286124139067,..,..
Upper middle income,2024,..,..,..
Uruguay,2015,99.7,32.8262072984194,59.4
Uruguay,2016,99.7,39.9671517072468,60.3
Uruguay,2017,99.8,45.9444328389388,60.8
Uruguay,2018,99.8,52.5272876487485,60.8
Uruguay,2019,99.9,47.6687368028816,59.3
Uruguay,2020,100,63.6309050772627,61.2
Uruguay,2021,100,51.393497968115,57.8
Uruguay,2022,100,..,..
Uruguay,2023,100,..,..
Uruguay,2024,..,..,..
Uzbekistan,2015,99.9,2.22458719431478,1.7
Uzbekistan,2016,99.9,2.11972682528058,1.6
Uzbekistan,2017,100,0.291499506741204,1.7
Uzbekistan,2018,100,0.0113361740015263,1.5
Uzbekistan,2019,100,0.0103886291731596,1.6
Uzbekistan,2020,100,0.0252631578947368,1
Uzbekistan,2021,99.9,0.109580594986197,1
Uzbekistan,2022,100,..,..
Uzbekistan,2023,100,..,..
Uzbekistan,2024,..,..,..
Vanuatu,2015,52.3,18.9709172259508,35.6
Vanuatu,2016,57.8,14.0425531914894,33.1
Vanuatu,2017,62.8,11.5297946920381,35.7
Vanuatu,2018,61.6,13.8510612194823,29.7
Vanuatu,2019,64.5,17.9051663128096,31.6
Vanuatu,2020,67.3,17.8013741411618,26
Vanuatu,2021,70,14.4229553785868,24.6
Vanuatu,2022,71.6,..,25
Vanuatu,2023,61.6,..,..
Vanuatu,2024,..,..,..
"Venezuela, RB",2015,100,0.230403551392069,15.4
"Venezuela, RB",2016,99.4,0.09843146169584,14.6
"Venezuela, RB",2017,99.2,-8.00910496186448,14.3
"Venezuela, RB",2018,99.9,-7.6635580048043,14.6
"Venezuela, RB",2019,99.8,-17.2964440497806,15.8
"Venezuela, RB",2020,99.9,-6.17218310808988,31.2
"Venezuela, RB",2021,100,-6.82761231042314,33.7
"Venezuela, RB",2022,100,..,..
"Venezuela, RB",2023,100,..,..
"Venezuela, RB",2024,..,..,..
Viet Nam,2015,99.3,0.733762784722565,27.8
Viet Nam,2016,99.2,0.597059752522706,26.8
Viet Nam,2017,100,1.32019593836106,28.3
Viet Nam,2018,100,1.30389576930863,24.3
Viet Nam,2019,99.4,2.94445992972498,20.4
Viet Nam,2020,99.8,5.37810936985936,18.9
Viet Nam,2021,100,10.1722062845034,24.2
Viet Nam,2022,100,..,..
Viet Nam,2023,99.8,..,..
Viet Nam,2024,..,..,..
Virgin Islands (U.S.),2015,100,1.95512172582089,5.6
Virgin Islands (U.S.),2016,100,1.97789412449098,5.7
Virgin Islands (U.S.),2017,100,1.43454757311226,5.3
Virgin Islands (U.S.),2018,100,2.41666120898553,5.8
Virgin Islands (U.S.),2019,100,2.38156705821608,6.2
Virgin Islands (U.S.),2020,100,2.27230740809163,5.9
Virgin Islands (U.S.),2021,100,2.50440255203672,5.9
Virgin Islands (U.S.),2022,100,..,5.9
Virgin Islands (U.S.),2023,100,..,..
Virgin Islands (U.S.),2024,..,..,..
West Bank and Gaza,2015,99.9,1.79744277330846,11
West Bank and Gaza,2016,100,7.91330739009813,12.3
West Bank and Gaza,2017,99.9,8.3498023715415,10.5
West Bank and Gaza,2018,100,14.3281595398255,12.7
West Bank and Gaza,2019,100,15.1699595042336,13.9
West Bank and Gaza,2020,100,21.2691007759318,15
West Bank and Gaza,2021,100,24.4633507853403,15.4
West Bank and Gaza,2022,100,..,15.4
West Bank and Gaza,2023,100,..,..
West Bank and Gaza,2024,..,..,..
World,2015,86.9239995427518,6.62894752049487,17.4035082673572
World,2016,88.1044791994569,7.357428807255,17.6281084915531
World,2017,88.9317628469647,8.24362756072412,17.8541835016377
World,2018,89.7973878560124,8.9931692685583,18.1052270747944
World,2019,90.1083920202658,10.0257728750493,18.5751641385934
World,2020,90.3956876080963,11.4542533147266,19.7355641050053
World,2021,91.3342664591051,12.4213916892576,..
World,2022,91.2883104888965,..,..
World,2023,91.5991774421991,..,..
World,2024,..,..,..
"Yemen, Rep.",2015,67.4,2.01735809755251,2
"Yemen, Rep.",2016,68.9,3.23035230352304,2.6
"Yemen, Rep.",2017,79.2,4.88401412002017,3
"Yemen, Rep.",2018,62,8.89511388684791,2.9
"Yemen, Rep.",2019,72.8,7.68650793650794,3
"Yemen, Rep.",2020,73.9,10.1597548518897,3.5
"Yemen, Rep.",2021,74.9,10.4517755831057,3.7
"Yemen, Rep.",2022,76,..,..
"Yemen, Rep.",2023,83.6,..,..
"Yemen, Rep.",2024,..,..,..
Zambia,2015,31.1,0.47700851536468,84
Zambia,2016,35.4,0.542609287293757,84
Zambia,2017,40.3,0.367943340438699,83.5
Zambia,2018,40.2,0.383225806451613,83.8
Zambia,2019,43,0.984934468315093,86.1
Zambia,2020,44.6,1.57779089597271,85.4
Zambia,2021,46.7,1.34233980144404,83
Zambia,2022,47.8,..,..
Zambia,2023,51.1,..,..
Zambia,2024,..,..,..
Zimbabwe,2015,33.7,2.63989290495315,80.8
Zimbabwe,2016,42.5,0.252967154292023,81.7
Zimbabwe,2017,44,2.632101708383,82
Zimbabwe,2018,45.4,9.15348489700075,79.7
Zimbabwe,2019,46.7,14.6058452722063,81
Zimbabwe,2020,52.7,-0.65832614322692,84.1
Zimbabwe,2021,49,24.2186079545455,82.4
Zimbabwe,2022,50.1,..,..
Zimbabwe,2023,62,..,..
Zimbabwe,2024,..,..,..
