"Country/Area","Year","Unit","GDP, at current prices - US Dollars"
"Afghanistan","2014","US$","19500460924.407177"
"Afghanistan","2015","US$","18699573703.900463"
"Afghanistan","2016","US$","18224349784.215027"
"Afghanistan","2017","US$","19034302820.422146"
"Afghanistan","2018","US$","18856319310.77826"
"Afghanistan","2019","US$","19372358437.2955"
"Afghanistan","2020","US$","19983008211.711617"
"Afghanistan","2021","US$","15160920556.085217"
"Afghanistan","2022","US$","14174994400.025742"
"Afghanistan","2023","US$","16339763018.591589"
"Afghanistan","2024","US$","18283157460.214874"
"Albania","2014","US$","13296322525.59727"
"Albania","2015","US$","11470172142.318491"
"Albania","2016","US$","11988668667.056004"
"Albania","2017","US$","13258235096.557516"
"Albania","2018","US$","15379508438.346535"
"Albania","2019","US$","15585105256.370428"
"Albania","2020","US$","15241458812.701334"
"Albania","2021","US$","18031990919.62906"
"Albania","2022","US$","19017251455.95293"
"Albania","2023","US$","23491242485.965523"
"Albania","2024","US$","27037473959.2655"
"Algeria","2014","US$","238942665181.03058"
"Algeria","2015","US$","187493854988.65738"
"Algeria","2016","US$","180763840072.70862"
"Algeria","2017","US$","189880897473.426"
"Algeria","2018","US$","194554484211.74625"
"Algeria","2019","US$","193459661550.37885"
"Algeria","2020","US$","164873415325.20148"
"Algeria","2021","US$","186231676364.43173"
"Algeria","2022","US$","225638456572.14276"
"Algeria","2023","US$","247626160408.78644"
"Algeria","2024","US$","266972275754.36734"
"Andorra","2014","US$","3271686126.5933223"
"Andorra","2015","US$","2789879501.1370516"
"Andorra","2016","US$","2896612508.8211975"
"Andorra","2017","US$","3000160225.1573887"
"Andorra","2018","US$","3218419456.4372454"
"Andorra","2019","US$","3155151911.518138"
"Andorra","2020","US$","2890997546.914209"
"Andorra","2021","US$","3324641932.691404"
"Andorra","2022","US$","3380612573.4825068"
"Andorra","2023","US$","3785062850.023963"
"Andorra","2024","US$","4039838287.6873584"
"Angola","2014","US$","164448325262.3059"
"Angola","2015","US$","131661044066.6179"
"Angola","2016","US$","114763688250.54002"
"Angola","2017","US$","139834648370.39935"
"Angola","2018","US$","114189182449.651"
"Angola","2019","US$","94671230890.12453"
"Angola","2020","US$","66520647133.966385"
"Angola","2021","US$","84375106839.30853"
"Angola","2022","US$","142402900036.25357"
"Angola","2023","US$","114335821893.50008"
"Angola","2024","US$","117159419822.78217"
"Anguilla","2014","US$","315371846.6666666"
"Anguilla","2015","US$","329428468.8888889"
"Anguilla","2016","US$","317491027.4074074"
"Anguilla","2017","US$","278362700"
"Anguilla","2018","US$","316562623.7037037"
"Anguilla","2019","US$","379683878.1481481"
"Anguilla","2020","US$","261369902.59259257"
"Anguilla","2021","US$","305222608.1481481"
"Anguilla","2022","US$","396524286.6666666"
"Anguilla","2023","US$","429454834.4444444"
"Anguilla","2024","US$","456466665.5555555"
"Antigua and Barbuda","2014","US$","1378888888.8888888"
"Antigua and Barbuda","2015","US$","1437777777.7777777"
"Antigua and Barbuda","2016","US$","1489629629.6296296"
"Antigua and Barbuda","2017","US$","1534855555.5555553"
"Antigua and Barbuda","2018","US$","1661529629.6296296"
"Antigua and Barbuda","2019","US$","1726448148.148148"
"Antigua and Barbuda","2020","US$","1411637037.037037"
"Antigua and Barbuda","2021","US$","1602125925.9259257"
"Antigua and Barbuda","2022","US$","1866574074.074074"
"Antigua and Barbuda","2023","US$","2054096296.2962961"
"Antigua and Barbuda","2024","US$","2162366666.6666665"
"Argentina","2014","US$","567050145343.2926"
"Argentina","2015","US$","644903200498.5957"
"Argentina","2016","US$","557532317365.8942"
"Argentina","2017","US$","643628396190.9314"
"Argentina","2018","US$","524819898585.6981"
"Argentina","2019","US$","447754686715.10254"
"Argentina","2020","US$","385740510259.615"
"Argentina","2021","US$","486564087187.4868"
"Argentina","2022","US$","633993513608.0918"
"Argentina","2023","US$","649461688689.854"
"Argentina","2024","US$","638365455107.4565"
"Armenia","2014","US$","11609513241.075388"
"Armenia","2015","US$","10553337527.774534"
"Armenia","2016","US$","10546136240.39524"
"Armenia","2017","US$","11527458712.618654"
"Armenia","2018","US$","12457940705.308823"
"Armenia","2019","US$","13619290545.813139"
"Armenia","2020","US$","12641698593.790771"
"Armenia","2021","US$","13878917583.779192"
"Armenia","2022","US$","19513677666.65961"
"Armenia","2023","US$","24186210091.622536"
"Armenia","2024","US$","25955305027.814556"
"Aruba","2014","US$","2790849720.670391"
"Aruba","2015","US$","2962906703.9106145"
"Aruba","2016","US$","2983637430.167598"
"Aruba","2017","US$","3092427932.9608936"
"Aruba","2018","US$","3276187709.4972067"
"Aruba","2019","US$","3347110055.8659215"
"Aruba","2020","US$","2456366424.5810056"
"Aruba","2021","US$","2855266480.4469275"
"Aruba","2022","US$","3266628164.804469"
"Aruba","2023","US$","3768503600.558659"
"Aruba","2024","US$","4191982624.0223465"
"Australia","2014","US$","1464051506405.894"
"Australia","2015","US$","1245530860500.932"
"Australia","2016","US$","1306598824672.465"
"Australia","2017","US$","1411790455926.0771"
"Australia","2018","US$","1454947196305.6863"
"Australia","2019","US$","1377583583453.9373"
"Australia","2020","US$","1435443783359.3667"
"Australia","2021","US$","1750515725090.017"
"Australia","2022","US$","1780936600076.0645"
"Australia","2023","US$","1775627733297.5022"
"Australia","2024","US$","1830609617937.866"
"Austria","2014","US$","438556021078.0278"
"Austria","2015","US$","379546097300.63306"
"Austria","2016","US$","393687359770.28424"
"Austria","2017","US$","414926138132.69507"
"Austria","2018","US$","452582294972.7678"
"Austria","2019","US$","442983642371.835"
"Austria","2020","US$","434397601557.6887"
"Austria","2021","US$","480466363176.8062"
"Austria","2022","US$","473221298968.2164"
"Austria","2023","US$","516670509628.87634"
"Austria","2024","US$","534790720466.8223"
"Azerbaijan","2014","US$","75239737488.8044"
"Azerbaijan","2015","US$","53076244754.50366"
"Azerbaijan","2016","US$","37867007022.784386"
"Azerbaijan","2017","US$","40866632047.84144"
"Azerbaijan","2018","US$","47700708816.580414"
"Azerbaijan","2019","US$","48762470588.2353"
"Azerbaijan","2020","US$","42693000000"
"Azerbaijan","2021","US$","54825411764.70589"
"Azerbaijan","2022","US$","78807470588.23529"
"Azerbaijan","2023","US$","72428470588.23529"
"Azerbaijan","2024","US$","74315882352.94118"
"Bahamas","2014","US$","11139100000"
"Bahamas","2015","US$","11837600000"
"Bahamas","2016","US$","11880900000"
"Bahamas","2017","US$","12446900000"
"Bahamas","2018","US$","12819200000"
"Bahamas","2019","US$","13277000000"
"Bahamas","2020","US$","10363200000"
"Bahamas","2021","US$","12037000000"
"Bahamas","2022","US$","13896800000"
"Bahamas","2023","US$","15271300000"
"Bahamas","2024","US$","15832800000"
"Bahrain","2014","US$","34772528255.319145"
"Bahrain","2015","US$","32523247805.851063"
"Bahrain","2016","US$","33884766492.02128"
"Bahrain","2017","US$","37204728678.19149"
"Bahrain","2018","US$","39567914723.40426"
"Bahrain","2019","US$","40446794829.78723"
"Bahrain","2020","US$","35837642784.57447"
"Bahrain","2021","US$","40840130500"
"Bahrain","2022","US$","46458424734.04256"
"Bahrain","2023","US$","46192131984.04256"
"Bahrain","2024","US$","47109734417.55319"
"Bangladesh","2014","US$","199959054185.197"
"Bangladesh","2015","US$","228784516185.3566"
"Bangladesh","2016","US$","264543355337.3534"
"Bangladesh","2017","US$","288958017599.0877"
"Bangladesh","2018","US$","316205585001.44147"
"Bangladesh","2019","US$","349473730686.8402"
"Bangladesh","2020","US$","373561618850.8793"
"Bangladesh","2021","US$","414906982979.4464"
"Bangladesh","2022","US$","432906065147.5101"
"Bangladesh","2023","US$","422430954179.76044"
"Bangladesh","2024","US$","432741829090.341"
"Barbados","2014","US$","5684900998.5"
"Barbados","2015","US$","5699619143"
"Barbados","2016","US$","5679029426.5"
"Barbados","2017","US$","5847381616"
"Barbados","2018","US$","6001101533.5"
"Barbados","2019","US$","6166710787.5"
"Barbados","2020","US$","5403246943"
"Barbados","2021","US$","5948900605"
"Barbados","2022","US$","6886644877"
"Barbados","2023","US$","7223248173"
"Barbados","2024","US$","7597571465"
"Belarus","2014","US$","78813049849.60782"
"Belarus","2015","US$","56454775752.797455"
"Belarus","2016","US$","47723549319.08417"
"Belarus","2017","US$","54725415191.413025"
"Belarus","2018","US$","60031016755.75542"
"Belarus","2019","US$","64410160389.46044"
"Belarus","2020","US$","61371673344.742424"
"Belarus","2021","US$","69673765645.46466"
"Belarus","2022","US$","73775162408.13373"
"Belarus","2023","US$","72478745074.5673"
"Belarus","2024","US$","75961877892.81302"
"Belgium","2014","US$","537987419164.3432"
"Belgium","2015","US$","461044767544.5315"
"Belgium","2016","US$","474271566739.7419"
"Belgium","2017","US$","500908767351.5348"
"Belgium","2018","US$","542638913427.9122"
"Belgium","2019","US$","536726344405.48035"
"Belgium","2020","US$","529694473501.7823"
"Belgium","2021","US$","598522422241.8508"
"Belgium","2022","US$","593614574325.8784"
"Belgium","2023","US$","644655275111.5807"
"Belgium","2024","US$","664564181486.9537"
"Belize","2014","US$","2138242200"
"Belize","2015","US$","2193095161"
"Belize","2016","US$","2239604957.5"
"Belize","2017","US$","2266028256.5"
"Belize","2018","US$","2285915050.5"
"Belize","2019","US$","2381187861.5"
"Belize","2020","US$","2047284603"
"Belize","2021","US$","2428606245"
"Belize","2022","US$","2846604375"
"Belize","2023","US$","3052362627.5"
"Belize","2024","US$","3203631789"
"Benin","2014","US$","13284527425.011246"
"Benin","2015","US$","11388160997.108755"
"Benin","2016","US$","11821065852.12697"
"Benin","2017","US$","12770754848.304834"
"Benin","2018","US$","14339011221.653526"
"Benin","2019","US$","14695455314.391895"
"Benin","2020","US$","15686741893.521658"
"Benin","2021","US$","17687623534.70553"
"Benin","2022","US$","17425418044.236923"
"Benin","2023","US$","19673284686.024883"
"Benin","2024","US$","21482646625.966553"
"Bermuda","2014","US$","6413988211"
"Bermuda","2015","US$","6654541405"
"Bermuda","2016","US$","6899911485"
"Bermuda","2017","US$","7119542274"
"Bermuda","2018","US$","7225976889"
"Bermuda","2019","US$","7423464867"
"Bermuda","2020","US$","6887364100"
"Bermuda","2021","US$","7290036900"
"Bermuda","2022","US$","7874380600"
"Bermuda","2023","US$","8579241900"
"Bermuda","2024","US$","8840000000"
"Bhutan","2014","US$","2089079554.9082193"
"Bhutan","2015","US$","2187815788.036474"
"Bhutan","2016","US$","2357504767.3500776"
"Bhutan","2017","US$","2591358023.925396"
"Bhutan","2018","US$","2583335717.667596"
"Bhutan","2019","US$","2735683588.318328"
"Bhutan","2020","US$","2457604338.0260553"
"Bhutan","2021","US$","2768802966.524869"
"Bhutan","2022","US$","2898227758.5079155"
"Bhutan","2023","US$","3012896772.981543"
"Bhutan","2024","US$","3346603875.7620087"
"Bolivia (Plurinational State of)","2014","US$","32996188012.590446"
"Bolivia (Plurinational State of)","2015","US$","33000198248.19103"
"Bolivia (Plurinational State of)","2016","US$","33941099855.2822"
"Bolivia (Plurinational State of)","2017","US$","37508683068.017365"
"Bolivia (Plurinational State of)","2018","US$","40287647930.53545"
"Bolivia (Plurinational State of)","2019","US$","40895322843.849495"
"Bolivia (Plurinational State of)","2020","US$","36629843805.065125"
"Bolivia (Plurinational State of)","2021","US$","40406078147.61215"
"Bolivia (Plurinational State of)","2022","US$","44008248914.61649"
"Bolivia (Plurinational State of)","2023","US$","45135455861.07091"
"Bolivia (Plurinational State of)","2024","US$","46627123792.90883"
"Bosnia and Herzegovina","2014","US$","19562797889.378307"
"Bosnia and Herzegovina","2015","US$","17753464301.463413"
"Bosnia and Herzegovina","2016","US$","18335057681.818954"
"Bosnia and Herzegovina","2017","US$","19553670409.70281"
"Bosnia and Herzegovina","2018","US$","21488827310.154846"
"Bosnia and Herzegovina","2019","US$","21221888452.57432"
"Bosnia and Herzegovina","2020","US$","21104323051.249737"
"Bosnia and Herzegovina","2021","US$","24711001402.778347"
"Bosnia and Herzegovina","2022","US$","25032742551.603157"
"Bosnia and Herzegovina","2023","US$","28727059780.892784"
"Bosnia and Herzegovina","2024","US$","30478098346.735516"
"Botswana","2014","US$","15470088104.499928"
"Botswana","2015","US$","13530744669.385574"
"Botswana","2016","US$","15082635713.788872"
"Botswana","2017","US$","16105179231.531322"
"Botswana","2018","US$","17031904489.961985"
"Botswana","2019","US$","16696004661.022305"
"Botswana","2020","US$","14930027226.788395"
"Botswana","2021","US$","18750983674.20265"
"Botswana","2022","US$","20321150050.456276"
"Botswana","2023","US$","19411266494.227066"
"Botswana","2024","US$","19400774883.360332"
"Brazil","2014","US$","2456043766067.333"
"Brazil","2015","US$","1802211999473.2322"
"Brazil","2016","US$","1795693266013.0276"
"Brazil","2017","US$","2063514688805.5337"
"Brazil","2018","US$","1916933708374.878"
"Brazil","2019","US$","1873288158861.9653"
"Brazil","2020","US$","1476107292148.324"
"Brazil","2021","US$","1670647464055.121"
"Brazil","2022","US$","1951923832075.895"
"Brazil","2023","US$","2191131869718.3113"
"Brazil","2024","US$","2185821648939.9148"
"British Virgin Islands","2014","US$","1204771521"
"British Virgin Islands","2015","US$","1285485768"
"British Virgin Islands","2016","US$","1411260350"
"British Virgin Islands","2017","US$","1316085342"
"British Virgin Islands","2018","US$","1395018021"
"British Virgin Islands","2019","US$","1541604180"
"British Virgin Islands","2020","US$","1411005301"
"British Virgin Islands","2021","US$","1501162961"
"British Virgin Islands","2022","US$","1626760204"
"British Virgin Islands","2023","US$","1748916593"
"British Virgin Islands","2024","US$","1829814034"
"Brunei Darussalam","2014","US$","17097795710.932203"
"Brunei Darussalam","2015","US$","12930298314.133038"
"Brunei Darussalam","2016","US$","11400267071.610737"
"Brunei Darussalam","2017","US$","12128166605.720732"
"Brunei Darussalam","2018","US$","13566912772.254004"
"Brunei Darussalam","2019","US$","13469240146.423267"
"Brunei Darussalam","2020","US$","12005795924.877693"
"Brunei Darussalam","2021","US$","14006497000.397558"
"Brunei Darussalam","2022","US$","16681531645.972174"
"Brunei Darussalam","2023","US$","15095089168.691685"
"Brunei Darussalam","2024","US$","15463131187.128067"
"Bulgaria","2014","US$","57080892245.42415"
"Bulgaria","2015","US$","50765926093.85627"
"Bulgaria","2016","US$","53929385148.35172"
"Bulgaria","2017","US$","59167655038.29451"
"Bulgaria","2018","US$","66097251628.15285"
"Bulgaria","2019","US$","68507753583.438934"
"Bulgaria","2020","US$","70486890658.3804"
"Bulgaria","2021","US$","84374597511.75342"
"Bulgaria","2022","US$","90506171124.95944"
"Bulgaria","2023","US$","102199229762.84842"
"Bulgaria","2024","US$","113343388294.51367"
"Burkina Faso","2014","US$","13943016080.325384"
"Burkina Faso","2015","US$","11832157624.536316"
"Burkina Faso","2016","US$","12833357981.583107"
"Burkina Faso","2017","US$","14106957347.544947"
"Burkina Faso","2018","US$","15890064409.542356"
"Burkina Faso","2019","US$","16032810083.24071"
"Burkina Faso","2020","US$","17725066141.364105"
"Burkina Faso","2021","US$","19697557757.91471"
"Burkina Faso","2022","US$","18622421395.6618"
"Burkina Faso","2023","US$","20324617840.544804"
"Burkina Faso","2024","US$","23250214909.524033"
"Burundi","2014","US$","2705829234.966801"
"Burundi","2015","US$","2810531639.5568476"
"Burundi","2016","US$","2930086948.1131816"
"Burundi","2017","US$","3297826847.6132917"
"Burundi","2018","US$","3317319374.620303"
"Burundi","2019","US$","3368533751.5792475"
"Burundi","2020","US$","3451371637.6493473"
"Burundi","2021","US$","3742399565.284612"
"Burundi","2022","US$","4380945351.492197"
"Burundi","2023","US$","3960309821.276494"
"Burundi","2024","US$","4430880881.447679"
"Cabo Verde","2014","US$","2041930125.4297938"
"Cabo Verde","2015","US$","1749857628.407163"
"Cabo Verde","2016","US$","1849789992.743277"
"Cabo Verde","2017","US$","1996741544.6154883"
"Cabo Verde","2018","US$","2205099509.15921"
"Cabo Verde","2019","US$","2252177133.7471027"
"Cabo Verde","2020","US$","1821565617.6947224"
"Cabo Verde","2021","US$","2051842609.6453383"
"Cabo Verde","2022","US$","2247003347.634465"
"Cabo Verde","2023","US$","2539203440.0976386"
"Cabo Verde","2024","US$","2767599022.4967623"
"Cambodia","2014","US$","22041463967.906624"
"Cambodia","2015","US$","24036943325.488785"
"Cambodia","2016","US$","26468108117.178123"
"Cambodia","2017","US$","29082920413.95627"
"Cambodia","2018","US$","32803768200.200737"
"Cambodia","2019","US$","35983219323.07737"
"Cambodia","2020","US$","34418014109.09693"
"Cambodia","2021","US$","36163465405.23892"
"Cambodia","2022","US$","39615581617.328415"
"Cambodia","2023","US$","41934513308.97847"
"Cambodia","2024","US$","45913452060.08349"
"Cameroon","2014","US$","36386544716.07533"
"Cameroon","2015","US$","32210233021.654686"
"Cameroon","2016","US$","33814337040.780407"
"Cameroon","2017","US$","36098547058.787704"
"Cameroon","2018","US$","39973842058.56503"
"Cameroon","2019","US$","39670976440.31584"
"Cameroon","2020","US$","40773241211.694084"
"Cameroon","2021","US$","45011930130.8443"
"Cameroon","2022","US$","44347238142.495575"
"Cameroon","2023","US$","48814473507.623566"
"Cameroon","2024","US$","53296694354.56842"
"Canada","2014","US$","1805750783624.4585"
"Canada","2015","US$","1556508034225.5945"
"Canada","2016","US$","1527996250640.9324"
"Canada","2017","US$","1649265644244.095"
"Canada","2018","US$","1725300253575.8367"
"Canada","2019","US$","1743725183672.5212"
"Canada","2020","US$","1655685475627.4595"
"Canada","2021","US$","2022381938529.068"
"Canada","2022","US$","2200567394917.617"
"Canada","2023","US$","2196593836347.4167"
"Canada","2024","US$","2270076189683.472"
"Cayman Islands","2014","US$","4562853559.8142395"
"Cayman Islands","2015","US$","4708167712.670851"
"Cayman Islands","2016","US$","4909322117.288469"
"Cayman Islands","2017","US$","5166281305.12522"
"Cayman Islands","2018","US$","5530178560.714243"
"Cayman Islands","2019","US$","5941896487.58595"
"Cayman Islands","2020","US$","5655357959.031836"
"Cayman Islands","2021","US$","6060813790.455162"
"Cayman Islands","2022","US$","6660161212.244849"
"Cayman Islands","2023","US$","7241244269.377077"
"Cayman Islands","2024","US$","7656630626.522506"
"Chad","2014","US$","17515693955.759598"
"Chad","2015","US$","14411717873.044556"
"Chad","2016","US$","13071615355.018532"
"Chad","2017","US$","13349041418.19018"
"Chad","2018","US$","15326949827.982178"
"Chad","2019","US$","14904993767.904482"
"Chad","2020","US$","14932607694.83592"
"Chad","2021","US$","16871925073.290981"
"Chad","2022","US$","17828981230.679947"
"Chad","2023","US$","18352382387.93647"
"Chad","2024","US$","19906149264.444485"
"Chile","2014","US$","259405194672.98145"
"Chile","2015","US$","242496655711.46487"
"Chile","2016","US$","249298706449.09958"
"Chile","2017","US$","276364936832.2599"
"Chile","2018","US$","295402646018.25397"
"Chile","2019","US$","278179598010.53076"
"Chile","2020","US$","253880204385.33264"
"Chile","2021","US$","315457443810.5119"
"Chile","2022","US$","301226575697.40924"
"Chile","2023","US$","335518054237.30255"
"Chile","2024","US$","330267137224.48816"
"China (mainland)","2014","US$","10674533004078.432"
"China (mainland)","2015","US$","11280815379842.666"
"China (mainland)","2016","US$","11456024379019.934"
"China (mainland)","2017","US$","12537558902128.822"
"China (mainland)","2018","US$","14147765393703.693"
"China (mainland)","2019","US$","14560167080356.98"
"China (mainland)","2020","US$","14996413581161.016"
"China (mainland)","2021","US$","18201698210842.56"
"China (mainland)","2022","US$","18316764716179.066"
"China (mainland)","2023","US$","18270355562447.68"
"China (mainland)","2024","US$","18743802246860.676"
"China, Hong Kong SAR","2014","US$","291459983449.58044"
"China, Hong Kong SAR","2015","US$","309385622601.3481"
"China, Hong Kong SAR","2016","US$","320860317562.5624"
"China, Hong Kong SAR","2017","US$","341271099990.3763"
"China, Hong Kong SAR","2018","US$","361731070995.7267"
"China, Hong Kong SAR","2019","US$","363074560517.27655"
"China, Hong Kong SAR","2020","US$","344940926230.30066"
"China, Hong Kong SAR","2021","US$","368954169748.81805"
"China, Hong Kong SAR","2022","US$","358679549251.4129"
"China, Hong Kong SAR","2023","US$","381043009951.5727"
"China, Hong Kong SAR","2024","US$","406863379108.5579"
"China, Macao Special Administrative Region","2014","US$","54930501310.2956"
"China, Macao Special Administrative Region","2015","US$","44940611008.03832"
"China, Macao Special Administrative Region","2016","US$","44964866917.73615"
"China, Macao Special Administrative Region","2017","US$","50297028370.66678"
"China, Macao Special Administrative Region","2018","US$","55076319791.55097"
"China, Macao Special Administrative Region","2019","US$","55025169743.30826"
"China, Macao Special Administrative Region","2020","US$","25280064431.427895"
"China, Macao Special Administrative Region","2021","US$","30633942586.01248"
"China, Macao Special Administrative Region","2022","US$","24929307189.74293"
"China, Macao Special Administrative Region","2023","US$","45626466808.35165"
"China, Macao Special Administrative Region","2024","US$","49467260462.09197"
"Colombia","2014","US$","381240864422.4066"
"Colombia","2015","US$","293492370228.84827"
"Colombia","2016","US$","282720100286.22815"
"Colombia","2017","US$","311866875135.57623"
"Colombia","2018","US$","334198218100.71594"
"Colombia","2019","US$","323031701210.76825"
"Colombia","2020","US$","270348342517.0656"
"Colombia","2021","US$","318524633253.7525"
"Colombia","2022","US$","345632492878.517"
"Colombia","2023","US$","366291836137.9164"
"Colombia","2024","US$","418542136936.5045"
"Comoros","2014","US$","1149587560.8057616"
"Comoros","2015","US$","966029599.8013217"
"Comoros","2016","US$","1012835492.5158547"
"Comoros","2017","US$","1077439756.122238"
"Comoros","2018","US$","1188797449.960358"
"Comoros","2019","US$","1195019531.0367105"
"Comoros","2020","US$","1225039195.9374392"
"Comoros","2021","US$","1299039311.7601855"
"Comoros","2022","US$","1279542248.4502354"
"Comoros","2023","US$","1449038897.5261998"
"Comoros","2024","US$","1566698826.41253"
"Congo","2014","US$","17919321082.53527"
"Congo","2015","US$","12434793867.76992"
"Congo","2016","US$","10931328149.741014"
"Congo","2017","US$","11834473047.747198"
"Congo","2018","US$","14773900277.968193"
"Congo","2019","US$","13799665337.084164"
"Congo","2020","US$","10688419404.527086"
"Congo","2021","US$","13671135324.988886"
"Congo","2022","US$","15486037536.277836"
"Congo","2023","US$","15740672055.366024"
"Congo","2024","US$","16412392617.792229"
"Cook Islands","2014","US$","351412942.78682727"
"Cook Islands","2015","US$","319638304.01506305"
"Cook Islands","2016","US$","318789860.2530412"
"Cook Islands","2017","US$","356816569.936468"
"Cook Islands","2018","US$","394657469.0799232"
"Cook Islands","2019","US$","391063399.81882566"
"Cook Islands","2020","US$","267801798.46201295"
"Cook Islands","2021","US$","256025338.09591174"
"Cook Islands","2022","US$","289369803.97544205"
"Cook Islands","2023","US$","366211548.11372966"
"Cook Islands","2024","US$","414081783.161941"
"Costa Rica","2014","US$","52016408923.875"
"Costa Rica","2015","US$","56441920823.796875"
"Costa Rica","2016","US$","58847019585.00249"
"Costa Rica","2017","US$","60516044623.49642"
"Costa Rica","2018","US$","62420164964.705666"
"Costa Rica","2019","US$","64417670555.76181"
"Costa Rica","2020","US$","62395610764.00055"
"Costa Rica","2021","US$","64960725732.76334"
"Costa Rica","2022","US$","69243626068.11362"
"Costa Rica","2023","US$","86497941517.57962"
"Costa Rica","2024","US$","95350423191.21304"
"Croatia","2014","US$","58816418326.22391"
"Croatia","2015","US$","50503900671.94093"
"Croatia","2016","US$","52661492963.26975"
"Croatia","2017","US$","56573333482.54205"
"Croatia","2018","US$","62657500798.94965"
"Croatia","2019","US$","62467134461.194405"
"Croatia","2020","US$","57809321772.77617"
"Croatia","2021","US$","69120833704.66405"
"Croatia","2022","US$","71154203995.00458"
"Croatia","2023","US$","84404308060.82707"
"Croatia","2024","US$","92662405760.24696"
"Cuba","2014","US$","80656000000"
"Cuba","2015","US$","87205671392.82736"
"Cuba","2016","US$","91370000000"
"Cuba","2017","US$","96851000000"
"Cuba","2018","US$","100050000000"
"Cuba","2019","US$","103428000000"
"Cuba","2020","US$","107352000000"
"Cuba","2021","US$","126693606820"
"Cuba","2022","US$","147113403579"
"Cuba","2023","US$","192686587447"
"Cuba","2024","US$","252063248498"
"Curaçao","2014","US$","3059406995.5307264"
"Curaçao","2015","US$","3058779211.7318435"
"Curaçao","2016","US$","3024690188.2681565"
"Curaçao","2017","US$","3033433248.0446925"
"Curaçao","2018","US$","3046364819.5530725"
"Curaçao","2019","US$","3026124115.642458"
"Curaçao","2020","US$","2534327592.73743"
"Curaçao","2021","US$","2739594359.7765365"
"Curaçao","2022","US$","3075180834.6368713"
"Curaçao","2023","US$","3281419347.4860334"
"Curaçao","2024","US$","3561178196.0893855"
"Cyprus","2014","US$","23225913511.99958"
"Cyprus","2015","US$","19909321211.953136"
"Cyprus","2016","US$","21046434406.926704"
"Cyprus","2017","US$","22946535928.94142"
"Cyprus","2018","US$","25754019758.901512"
"Cyprus","2019","US$","26196711056.470108"
"Cyprus","2020","US$","25555038863.190296"
"Cyprus","2021","US$","30372652888.7592"
"Cyprus","2022","US$","31218048096.887314"
"Cyprus","2023","US$","35075489259.6085"
"Cyprus","2024","US$","37634585374.53128"
"Czechia","2014","US$","210911285077.68277"
"Czechia","2015","US$","189107698561.9188"
"Czechia","2016","US$","198160659303.9398"
"Czechia","2017","US$","221563575696.2173"
"Czechia","2018","US$","251992360762.23715"
"Czechia","2019","US$","256794209028.76953"
"Czechia","2020","US$","251109660602.53552"
"Czechia","2021","US$","290972714482.31415"
"Czechia","2022","US$","301831228325.55554"
"Czechia","2023","US$","343206568134.6367"
"Czechia","2024","US$","345036675975.0473"
"Côte d'Ivoire","2014","US$","46314495438.7368"
"Côte d'Ivoire","2015","US$","45814638127.80768"
"Côte d'Ivoire","2016","US$","48406917300.21711"
"Côte d'Ivoire","2017","US$","52512776303.11319"
"Côte d'Ivoire","2018","US$","58523356317.26087"
"Côte d'Ivoire","2019","US$","60382990256.42104"
"Côte d'Ivoire","2020","US$","63027852858.97298"
"Côte d'Ivoire","2021","US$","72794636649.4337"
"Côte d'Ivoire","2022","US$","70922824824.00899"
"Côte d'Ivoire","2023","US$","79618056323.76164"
"Côte d'Ivoire","2024","US$","85894456847.22603"
"Democratic People's Republic of Korea","2014","US$","17395832618.271122"
"Democratic People's Republic of Korea","2015","US$","16282601357.203953"
"Democratic People's Republic of Korea","2016","US$","16786184835.500559"
"Democratic People's Republic of Korea","2017","US$","17364724930.68296"
"Democratic People's Republic of Korea","2018","US$","17487261056.771374"
"Democratic People's Republic of Korea","2019","US$","16331452312.852224"
"Democratic People's Republic of Korea","2020","US$","15847371619.830696"
"Democratic People's Republic of Korea","2021","US$","16750452730.770489"
"Democratic People's Republic of Korea","2022","US$","15176134612.575663"
"Democratic People's Republic of Korea","2023","US$","16446632290.336363"
"Democratic People's Republic of Korea","2024","US$","17199287594.872726"
"Democratic Republic of the Congo","2014","US$","38352980572.21783"
"Democratic Republic of the Congo","2015","US$","40179574478.1215"
"Democratic Republic of the Congo","2016","US$","38600224297.968605"
"Democratic Republic of the Congo","2017","US$","37537521574.85487"
"Democratic Republic of the Congo","2018","US$","46659954103.33785"
"Democratic Republic of the Congo","2019","US$","46845900342.18539"
"Democratic Republic of the Congo","2020","US$","46691989753.12294"
"Democratic Republic of the Congo","2021","US$","59091295709.93584"
"Democratic Republic of the Congo","2022","US$","70432585733.27193"
"Democratic Republic of the Congo","2023","US$","72952433910.08377"
"Democratic Republic of the Congo","2024","US$","75321521499.76009"
"Denmark","2014","US$","352832602064.45215"
"Denmark","2015","US$","301758922337.63776"
"Denmark","2016","US$","312181849372.23346"
"Denmark","2017","US$","331610593961.98834"
"Denmark","2018","US$","355293374912.3933"
"Denmark","2019","US$","345401473012.6152"
"Denmark","2020","US$","355631021931.6216"
"Denmark","2021","US$","406110162088.054"
"Denmark","2022","US$","400114306337.0766"
"Denmark","2023","US$","404651706117.5568"
"Denmark","2024","US$","424524722037.047"
"Djibouti","2014","US$","2214679188.1657205"
"Djibouti","2015","US$","2420794391.208692"
"Djibouti","2016","US$","2552405174.4025745"
"Djibouti","2017","US$","2774404825.5411572"
"Djibouti","2018","US$","2913465488.0402427"
"Djibouti","2019","US$","3088852752.347781"
"Djibouti","2020","US$","3144136033.4456816"
"Djibouti","2021","US$","3392795449.0465393"
"Djibouti","2022","US$","3562814748.960449"
"Djibouti","2023","US$","3898447566.6916122"
"Djibouti","2024","US$","4152148592.4567156"
"Dominica","2014","US$","572255555.5555555"
"Dominica","2015","US$","583177777.7777778"
"Dominica","2016","US$","612711111.111111"
"Dominica","2017","US$","563355555.5555555"
"Dominica","2018","US$","628244444.4444444"
"Dominica","2019","US$","644259259.2592592"
"Dominica","2020","US$","528944444.4444444"
"Dominica","2021","US$","562911111.111111"
"Dominica","2022","US$","623062962.9629629"
"Dominica","2023","US$","659311111.111111"
"Dominica","2024","US$","688881481.4814814"
"Dominican Republic","2014","US$","67014329686.89041"
"Dominican Republic","2015","US$","70966782456.09415"
"Dominican Republic","2016","US$","75552902735.37149"
"Dominican Republic","2017","US$","79070274416.80397"
"Dominican Republic","2018","US$","84994732293.84439"
"Dominican Republic","2019","US$","89146130164.61856"
"Dominican Republic","2020","US$","78546671944.08804"
"Dominican Republic","2021","US$","94850720068.64027"
"Dominican Republic","2022","US$","113478104284.66797"
"Dominican Republic","2023","US$","120456239153.43604"
"Dominican Republic","2024","US$","124282244943.3394"
"Ecuador","2014","US$","102717793361"
"Ecuador","2015","US$","97209557102"
"Ecuador","2016","US$","97671432667"
"Ecuador","2017","US$","104467485714"
"Ecuador","2018","US$","107478961000"
"Ecuador","2019","US$","107595830000"
"Ecuador","2020","US$","95865473000"
"Ecuador","2021","US$","107179074000"
"Ecuador","2022","US$","116133121000"
"Ecuador","2023","US$","121147057000"
"Ecuador","2024","US$","124676074670"
"Egypt","2014","US$","300949110389.5702"
"Egypt","2015","US$","317744560653.816"
"Egypt","2016","US$","270255270302.5495"
"Egypt","2017","US$","205589377739.85382"
"Egypt","2018","US$","262628678274.5393"
"Egypt","2019","US$","333679537921.1624"
"Egypt","2020","US$","390413889899.8391"
"Egypt","2021","US$","425906125619.5893"
"Egypt","2022","US$","409306889921.1225"
"Egypt","2023","US$","331589591263.59937"
"Egypt","2024","US$","306906558738.4871"
"El Salvador","2014","US$","22593472396"
"El Salvador","2015","US$","23438237940"
"El Salvador","2016","US$","24191430000"
"El Salvador","2017","US$","24979190000"
"El Salvador","2018","US$","26020853736"
"El Salvador","2019","US$","26881136766"
"El Salvador","2020","US$","24921192366"
"El Salvador","2021","US$","29043144334"
"El Salvador","2022","US$","31870108029"
"El Salvador","2023","US$","33853941460"
"El Salvador","2024","US$","35364967208"
"Equatorial Guinea","2014","US$","21765550301.22571"
"Equatorial Guinea","2015","US$","13185496881.40524"
"Equatorial Guinea","2016","US$","11240814853.385386"
"Equatorial Guinea","2017","US$","12200908721.079203"
"Equatorial Guinea","2018","US$","13097013924.579618"
"Equatorial Guinea","2019","US$","11364131839.505571"
"Equatorial Guinea","2020","US$","9893812489.132042"
"Equatorial Guinea","2021","US$","12215879670.850681"
"Equatorial Guinea","2022","US$","13486780225.960556"
"Equatorial Guinea","2023","US$","12116924719.687384"
"Equatorial Guinea","2024","US$","12288384241.422775"
"Eritrea","2014","US$","2604234146.3414636"
"Eritrea","2015","US$","2013196747.9674797"
"Eritrea","2016","US$","2173713029.315961"
"Eritrea","2017","US$","1903966832.504146"
"Eritrea","2018","US$","2005658374.7927032"
"Eritrea","2019","US$","1981857048.092869"
"Eritrea","2020","US$","2112199004.9751244"
"Eritrea","2021","US$","2211953997.2802653"
"Eritrea","2022","US$","2383297748.1260366"
"Eritrea","2023","US$","2275290215.588723"
"Eritrea","2024","US$","1917081260.3648427"
"Estonia","2014","US$","27055689003.003433"
"Estonia","2015","US$","23311847750.93947"
"Estonia","2016","US$","24561027787.790234"
"Estonia","2017","US$","27469461919.119118"
"Estonia","2018","US$","31222632740.724163"
"Estonia","2019","US$","31873748770.03079"
"Estonia","2020","US$","31820771493.89682"
"Estonia","2021","US$","37204563051.47227"
"Estonia","2022","US$","38376046174.97101"
"Estonia","2023","US$","41291245222.19489"
"Estonia","2024","US$","42764929169.32582"
"Ethiopia","2014","US$","54163248201.86159"
"Ethiopia","2015","US$","63078657756.0862"
"Ethiopia","2016","US$","72157653325.82938"
"Ethiopia","2017","US$","76794686090.07782"
"Ethiopia","2018","US$","80210324516.25772"
"Ethiopia","2019","US$","92561902026.33322"
"Ethiopia","2020","US$","96622412983.15054"
"Ethiopia","2021","US$","99260118079.71184"
"Ethiopia","2022","US$","118961944879.9465"
"Ethiopia","2023","US$","159746493580.88156"
"Ethiopia","2024","US$","142275398699.7599"
"Fiji","2014","US$","4857103868.983349"
"Fiji","2015","US$","4682480322.090374"
"Fiji","2016","US$","4930213777.479193"
"Fiji","2017","US$","5353468384.173433"
"Fiji","2018","US$","5581425888.57119"
"Fiji","2019","US$","5344904753.28067"
"Fiji","2020","US$","4227724978.171026"
"Fiji","2021","US$","4158851775.1412673"
"Fiji","2022","US$","4977864224.070704"
"Fiji","2023","US$","5476675327.370701"
"Fiji","2024","US$","5968123692.633249"
"Finland","2014","US$","273478528954.897"
"Finland","2015","US$","233210733506.25015"
"Finland","2016","US$","238777818792.6142"
"Finland","2017","US$","253846138440.00272"
"Finland","2018","US$","273869255596.07367"
"Finland","2019","US$","267014821129.40686"
"Finland","2020","US$","270000311606.2218"
"Finland","2021","US$","294223210496.1193"
"Finland","2022","US$","280253099309.3399"
"Finland","2023","US$","295050095447.06433"
"Finland","2024","US$","298696961297.6565"
"France","2014","US$","2861236112552.3794"
"France","2015","US$","2442483452642.5015"
"France","2016","US$","2470407619777.195"
"France","2017","US$","2588868323334.734"
"France","2018","US$","2781576320884.3438"
"France","2019","US$","2722793515171.715"
"France","2020","US$","2647926055110.001"
"France","2021","US$","2966433692008.092"
"France","2022","US$","2794788137066.94"
"France","2023","US$","3056250648138.2925"
"France","2024","US$","3160442622465.081"
"French Polynesia","2014","US$","6151996534.960766"
"French Polynesia","2015","US$","5325846341.790897"
"French Polynesia","2016","US$","5497036486.744865"
"French Polynesia","2017","US$","5833352684.452636"
"French Polynesia","2018","US$","6135116260.648135"
"French Polynesia","2019","US$","6022276207.18983"
"French Polynesia","2020","US$","5574821979.428165"
"French Polynesia","2021","US$","5994931262.202752"
"French Polynesia","2022","US$","5622688326.95865"
"French Polynesia","2023","US$","6137447765.2148285"
"French Polynesia","2024","US$","6323172420.629362"
"Gabon","2014","US$","18203881656.338764"
"Gabon","2015","US$","14383172777.224249"
"Gabon","2016","US$","14023829320.476807"
"Gabon","2017","US$","14929646484.180428"
"Gabon","2018","US$","16867332320.414202"
"Gabon","2019","US$","16874405460.196362"
"Gabon","2020","US$","15342277141.542412"
"Gabon","2021","US$","19444911680.235355"
"Gabon","2022","US$","20440724178.517433"
"Gabon","2023","US$","20055731425.235786"
"Gabon","2024","US$","20867044949.291782"
"Gambia","2014","US$","1229462227.7153862"
"Gambia","2015","US$","1378177509.3345022"
"Gambia","2016","US$","1484577991.0543168"
"Gambia","2017","US$","1504909700.945071"
"Gambia","2018","US$","1667680798.8442845"
"Gambia","2019","US$","1813610388.2672822"
"Gambia","2020","US$","1812170701.6129825"
"Gambia","2021","US$","2048910157.1958685"
"Gambia","2022","US$","2204762612.0947976"
"Gambia","2023","US$","2299237827.9409347"
"Gambia","2024","US$","2372170597.67286"
"Georgia","2014","US$","17966244475.174694"
"Georgia","2015","US$","15223869962.58097"
"Georgia","2016","US$","15444674287.464745"
"Georgia","2017","US$","16473034641.783901"
"Georgia","2018","US$","17905435774.218002"
"Georgia","2019","US$","17645041000.019516"
"Georgia","2020","US$","16014239786.749327"
"Georgia","2021","US$","18849306399.542683"
"Georgia","2022","US$","24984589200.329197"
"Georgia","2023","US$","30777794546.46355"
"Georgia","2024","US$","34191614149.733295"
"Germany","2014","US$","3965800686309.732"
"Germany","2015","US$","3423568450957.033"
"Germany","2016","US$","3537784107980.6514"
"Germany","2017","US$","3763092263752.9814"
"Germany","2018","US$","4052008447223.459"
"Germany","2019","US$","3957208055215.6133"
"Germany","2020","US$","3940142541354.029"
"Germany","2021","US$","4348297440387.527"
"Germany","2022","US$","4163596357879.398"
"Germany","2023","US$","4525703903627.536"
"Germany","2024","US$","4659929336890.629"
"Ghana","2014","US$","54783320579.30487"
"Ghana","2015","US$","49406014244.62216"
"Ghana","2016","US$","56164933476.84684"
"Ghana","2017","US$","60405920078.91757"
"Ghana","2018","US$","67298913746.135765"
"Ghana","2019","US$","68337974427.584885"
"Ghana","2020","US$","70043095502.71417"
"Ghana","2021","US$","79524421863.85794"
"Ghana","2022","US$","74263364044.0501"
"Ghana","2023","US$","80554921117.3817"
"Ghana","2024","US$","82937860570.36188"
"Greece","2014","US$","233911581521.0589"
"Greece","2015","US$","194567373678.09933"
"Greece","2016","US$","193097239005.87546"
"Greece","2017","US$","200381103984.2998"
"Greece","2018","US$","213298873494.39"
"Greece","2019","US$","207305649887.0158"
"Greece","2020","US$","191362985554.85794"
"Greece","2021","US$","218303801895.32596"
"Greece","2022","US$","218880566444.34933"
"Greece","2023","US$","243498333237.8026"
"Greece","2024","US$","257144811301.67288"
"Greenland","2014","US$","2842065877.1544285"
"Greenland","2015","US$","2499098222.0186925"
"Greenland","2016","US$","2707139441.016124"
"Greenland","2017","US$","2851613477.9480386"
"Greenland","2018","US$","3055782249.3962398"
"Greenland","2019","US$","2997325138.6464543"
"Greenland","2020","US$","3089625457.9840837"
"Greenland","2021","US$","3293594329.9060264"
"Greenland","2022","US$","3152348965.0092287"
"Greenland","2023","US$","3326544174.363354"
"Greenland","2024","US$","3466420634.9481697"
"Grenada","2014","US$","911496492.9629629"
"Grenada","2015","US$","997008748.5185184"
"Grenada","2016","US$","1061640815.1851851"
"Grenada","2017","US$","1125685976.6666665"
"Grenada","2018","US$","1166514814.8148148"
"Grenada","2019","US$","1213485185.1851852"
"Grenada","2020","US$","1043411111.111111"
"Grenada","2021","US$","1122819682.5925925"
"Grenada","2022","US$","1224007407.4074073"
"Grenada","2023","US$","1336418518.5185184"
"Grenada","2024","US$","1371918518.5185184"
"Guatemala","2014","US$","57852150461.18632"
"Guatemala","2015","US$","62186064755.19003"
"Guatemala","2016","US$","66053402645.120605"
"Guatemala","2017","US$","71653756545.12634"
"Guatemala","2018","US$","73328369928.24173"
"Guatemala","2019","US$","77172313912.78384"
"Guatemala","2020","US$","77719464225.39224"
"Guatemala","2021","US$","86455515963.44727"
"Guatemala","2022","US$","95641444318.6562"
"Guatemala","2023","US$","104368757733.13443"
"Guatemala","2024","US$","113199593294.87033"
"Guinea","2014","US$","10793945499.218128"
"Guinea","2015","US$","11386702454.907091"
"Guinea","2016","US$","11720225832.018301"
"Guinea","2017","US$","14823754961.138191"
"Guinea","2018","US$","17926617651.28254"
"Guinea","2019","US$","20504352061.20385"
"Guinea","2020","US$","23459093471.096546"
"Guinea","2021","US$","25558168064.628998"
"Guinea","2022","US$","30608735750.71697"
"Guinea","2023","US$","34670556165.0417"
"Guinea","2024","US$","36464705962.798744"
"Guinea-Bissau","2014","US$","1054915717.6735692"
"Guinea-Bissau","2015","US$","1048229796.4243406"
"Guinea-Bissau","2016","US$","1179004190.6685221"
"Guinea-Bissau","2017","US$","1350177012.3286514"
"Guinea-Bissau","2018","US$","1427473461.7653155"
"Guinea-Bissau","2019","US$","1365329762.1079822"
"Guinea-Bissau","2020","US$","1396562029.6553173"
"Guinea-Bissau","2021","US$","1581029017.27242"
"Guinea-Bissau","2022","US$","1577536837.5523088"
"Guinea-Bissau","2023","US$","1841421708.5347183"
"Guinea-Bissau","2024","US$","2007745286.3119326"
"Guyana","2014","US$","4127660158.473245"
"Guyana","2015","US$","4279840193.7046003"
"Guyana","2016","US$","4482697336.561744"
"Guyana","2017","US$","4748174334.140436"
"Guyana","2018","US$","4787637005.536404"
"Guyana","2019","US$","5173760191.846522"
"Guyana","2020","US$","5474058434.047961"
"Guyana","2021","US$","8044508393.285372"
"Guyana","2022","US$","14718387016.748201"
"Guyana","2023","US$","16918503650.32614"
"Guyana","2024","US$","24658680340.705036"
"Haiti","2014","US$","14940990008.885605"
"Haiti","2015","US$","14204411792.087719"
"Haiti","2016","US$","13333356319.390915"
"Haiti","2017","US$","15237363268.777346"
"Haiti","2018","US$","15822209353.93159"
"Haiti","2019","US$","14006805867.368408"
"Haiti","2020","US$","15505191548.291426"
"Haiti","2021","US$","19043724953.741966"
"Haiti","2022","US$","18751270946.042316"
"Haiti","2023","US$","19841218251.538055"
"Haiti","2024","US$","25312210441.382763"
"Honduras","2014","US$","19756557482.174644"
"Honduras","2015","US$","20979782571.795395"
"Honduras","2016","US$","21717608960.101578"
"Honduras","2017","US$","23136248046.297894"
"Honduras","2018","US$","24067754649.558914"
"Honduras","2019","US$","24882225828.216915"
"Honduras","2020","US$","23352237010.36078"
"Honduras","2021","US$","28144331126.61584"
"Honduras","2022","US$","31426042154.4645"
"Honduras","2023","US$","34355805774.20503"
"Honduras","2024","US$","37093565193.59142"
"Hungary","2014","US$","141128696412.3219"
"Hungary","2015","US$","125244126623.28946"
"Hungary","2016","US$","128983560865.29254"
"Hungary","2017","US$","143335098991.86218"
"Hungary","2018","US$","161184691013.8352"
"Hungary","2019","US$","164936682033.99158"
"Hungary","2020","US$","158468487754.19684"
"Hungary","2021","US$","183282685440.4858"
"Hungary","2022","US$","177536698164.9018"
"Hungary","2023","US$","214022571311.2396"
"Hungary","2024","US$","222904723252.1098"
"Iceland","2014","US$","18052183514.86967"
"Iceland","2015","US$","17700486957.190662"
"Iceland","2016","US$","21083713310.457214"
"Iceland","2017","US$","25060086487.89031"
"Iceland","2018","US$","26677652544.349865"
"Iceland","2019","US$","24985687022.04539"
"Iceland","2020","US$","22034665040.790253"
"Iceland","2021","US$","26234872402.45698"
"Iceland","2022","US$","29166102877.27552"
"Iceland","2023","US$","31712488278.23169"
"Iceland","2024","US$","33222368945.21678"
"India","2014","US$","2042939289737.612"
"India","2015","US$","2146758604758.9873"
"India","2016","US$","2290586637671.1943"
"India","2017","US$","2624329038244.961"
"India","2018","US$","2763534978088.821"
"India","2019","US$","2854799153709.0293"
"India","2020","US$","2679380844112.571"
"India","2021","US$","3192374582256.483"
"India","2022","US$","3420984268428.1807"
"India","2023","US$","3646878906659.231"
"India","2024","US$","3952244449119.47"
"Indonesia","2014","US$","890814755511.2913"
"Indonesia","2015","US$","860854232717.8527"
"Indonesia","2016","US$","931877364033.9093"
"Indonesia","2017","US$","1015618744168.1512"
"Indonesia","2018","US$","1042271532953.3671"
"Indonesia","2019","US$","1119099871386.1587"
"Indonesia","2020","US$","1059054842711.7219"
"Indonesia","2021","US$","1186509691071.008"
"Indonesia","2022","US$","1319101183361.4617"
"Indonesia","2023","US$","1371169301559.0684"
"Indonesia","2024","US$","1396300098219.9465"
"Iran, Islamic Republic of","2014","US$","472394813099.6698"
"Iran, Islamic Republic of","2015","US$","417210198857.4591"
"Iran, Islamic Republic of","2016","US$","466083117938.72"
"Iran, Islamic Republic of","2017","US$","503710010468.6609"
"Iran, Islamic Republic of","2018","US$","306564516916.3884"
"Iran, Islamic Republic of","2019","US$","302055685326.63"
"Iran, Islamic Republic of","2020","US$","316312592726.56476"
"Iran, Islamic Republic of","2021","US$","346887666991.412"
"Iran, Islamic Republic of","2022","US$","385704212923.0468"
"Iran, Islamic Republic of","2023","US$","421786744468.65625"
"Iran, Islamic Republic of","2024","US$","448091514569.64325"
"Iraq","2014","US$","228415656174.95712"
"Iraq","2015","US$","166774104911.4796"
"Iraq","2016","US$","166602488747.88495"
"Iraq","2017","US$","187217652027.02704"
"Iraq","2018","US$","227367469034.03085"
"Iraq","2019","US$","233636097800.3384"
"Iraq","2020","US$","180924091023.48993"
"Iraq","2021","US$","209691945724.13794"
"Iraq","2022","US$","287372232137.931"
"Iraq","2023","US$","269546852342.85715"
"Iraq","2024","US$","279641257615.38464"
"Ireland","2014","US$","266787238499.02615"
"Ireland","2015","US$","302391428540.035"
"Ireland","2016","US$","305733136180.9154"
"Ireland","2017","US$","348532394023.59784"
"Ireland","2018","US$","395461216460.4112"
"Ireland","2019","US$","407124824064.9886"
"Ireland","2020","US$","436555518400.44354"
"Ireland","2021","US$","531306516907.9837"
"Ireland","2022","US$","548570250341.9871"
"Ireland","2023","US$","551394889339.7789"
"Ireland","2024","US$","577389475009.9224"
"Israel","2014","US$","314376808345.6193"
"Israel","2015","US$","302839421722.91095"
"Israel","2016","US$","321082870843.7128"
"Israel","2017","US$","357361056886.2754"
"Israel","2018","US$","375470467919.75903"
"Israel","2019","US$","399209201846.3407"
"Israel","2020","US$","410909477504.8517"
"Israel","2021","US$","489735454314.2609"
"Israel","2022","US$","525159182604.18854"
"Israel","2023","US$","513394309224.5506"
"Israel","2024","US$","542285544570.3429"
"Italy","2014","US$","2173255507985.8037"
"Italy","2015","US$","1845428048839.1025"
"Italy","2016","US$","1887111188176.983"
"Italy","2017","US$","1970720904584.727"
"Italy","2018","US$","2099435266458.6301"
"Italy","2019","US$","2019606796583.4922"
"Italy","2020","US$","1907481094079.1943"
"Italy","2021","US$","2179207773596.089"
"Italy","2022","US$","2104067630319.4656"
"Italy","2023","US$","2316727999333.1807"
"Italy","2024","US$","2380825077243.5957"
"Jamaica","2014","US$","14503045717.266214"
"Jamaica","2015","US$","14963591879.775734"
"Jamaica","2016","US$","14898992641.17323"
"Jamaica","2017","US$","15783575153.220806"
"Jamaica","2018","US$","16855454298.712372"
"Jamaica","2019","US$","17026269091.650036"
"Jamaica","2020","US$","15000214241.944592"
"Jamaica","2021","US$","15963885594.122087"
"Jamaica","2022","US$","18813510351.74453"
"Jamaica","2023","US$","21418812608.26899"
"Jamaica","2024","US$","22014396088.494034"
"Japan","2014","US$","4896994405353.338"
"Japan","2015","US$","4444930651964.18"
"Japan","2016","US$","5003677627544.24"
"Japan","2017","US$","4930837369151.422"
"Japan","2018","US$","5040880939324.859"
"Japan","2019","US$","5117993853016.508"
"Japan","2020","US$","5054068005376.275"
"Japan","2021","US$","5039148168861.225"
"Japan","2022","US$","4262463317796.56"
"Japan","2023","US$","4213167237905.8257"
"Japan","2024","US$","4026210821146.8345"
"Jordan","2014","US$","36847605633.80282"
"Jordan","2015","US$","38587042253.521126"
"Jordan","2016","US$","39892253521.12676"
"Jordan","2017","US$","41608450704.22536"
"Jordan","2018","US$","43370845070.42254"
"Jordan","2019","US$","44502957746.478874"
"Jordan","2020","US$","43700382760.563385"
"Jordan","2021","US$","46296099701.408455"
"Jordan","2022","US$","48764788732.39437"
"Jordan","2023","US$","51088732394.3662"
"Jordan","2024","US$","53352289632.39437"
"Kazakhstan","2014","US$","221415614007.34863"
"Kazakhstan","2015","US$","184388404428.84338"
"Kazakhstan","2016","US$","137278320084.17114"
"Kazakhstan","2017","US$","166805788966.78067"
"Kazakhstan","2018","US$","179339977517.06183"
"Kazakhstan","2019","US$","181667185041.4802"
"Kazakhstan","2020","US$","171082370082.17245"
"Kazakhstan","2021","US$","197112255595.4051"
"Kazakhstan","2022","US$","225496328925.4941"
"Kazakhstan","2023","US$","261840101059.9235"
"Kazakhstan","2024","US$","291480274648.82587"
"Kenya","2014","US$","68285825096.89438"
"Kenya","2015","US$","70120543426.20108"
"Kenya","2016","US$","74815138870.50143"
"Kenya","2017","US$","82036511258.83318"
"Kenya","2018","US$","92202979940.67096"
"Kenya","2019","US$","100378435824.1784"
"Kenya","2020","US$","100657505600.65482"
"Kenya","2021","US$","109703659312.8718"
"Kenya","2022","US$","114448977956.80229"
"Kenya","2023","US$","107500884869.79752"
"Kenya","2024","US$","120339557656.6062"
"Kingdom of Eswatini","2014","US$","4286002803.5714803"
"Kingdom of Eswatini","2015","US$","3905371403.928523"
"Kingdom of Eswatini","2016","US$","3723971451.814416"
"Kingdom of Eswatini","2017","US$","4465533243.432915"
"Kingdom of Eswatini","2018","US$","4646863373.848156"
"Kingdom of Eswatini","2019","US$","4616996071.23041"
"Kingdom of Eswatini","2020","US$","4120551991.3893495"
"Kingdom of Eswatini","2021","US$","4785729936.446805"
"Kingdom of Eswatini","2022","US$","4741117541.289186"
"Kingdom of Eswatini","2023","US$","4604127224.983836"
"Kingdom of Eswatini","2024","US$","4947242336.363782"
"Kiribati","2014","US$","200287222.80490005"
"Kiribati","2015","US$","191559360.1666937"
"Kiribati","2016","US$","206467837.79473615"
"Kiribati","2017","US$","222875711.74262565"
"Kiribati","2018","US$","233514678.4386176"
"Kiribati","2019","US$","216985431.3527573"
"Kiribati","2020","US$","220897980.38668138"
"Kiribati","2021","US$","285560282.77501464"
"Kiribati","2022","US$","271171332.94705945"
"Kiribati","2023","US$","291415739.8507213"
"Kiribati","2024","US$","343042283.58822066"
"Kosovo","2014","US$","7074392884.04497"
"Kosovo","2015","US$","6295844355.846098"
"Kosovo","2016","US$","6682676276.767905"
"Kosovo","2017","US$","7180768692.263607"
"Kosovo","2018","US$","7878763993.155942"
"Kosovo","2019","US$","7899204690.792011"
"Kosovo","2020","US$","7734496313.557865"
"Kosovo","2021","US$","9412100727.798298"
"Kosovo","2022","US$","9367634255.595377"
"Kosovo","2023","US$","10466753839.992353"
"Kosovo","2024","US$","11154362156.4998"
"Kuwait","2014","US$","162650542606.27515"
"Kuwait","2015","US$","114584570271.71413"
"Kuwait","2016","US$","109406169162.83287"
"Kuwait","2017","US$","120687635293.155"
"Kuwait","2018","US$","138646089714.40433"
"Kuwait","2019","US$","140856319232.12152"
"Kuwait","2020","US$","111045426310.92558"
"Kuwait","2021","US$","148350617137.50928"
"Kuwait","2022","US$","183501954142.17328"
"Kuwait","2023","US$","165384216539.37662"
"Kuwait","2024","US$","160227456587.9068"
"Kyrgyzstan","2014","US$","7468102369.1365385"
"Kyrgyzstan","2015","US$","6751853114.715415"
"Kyrgyzstan","2016","US$","6964252799.882317"
"Kyrgyzstan","2017","US$","7960704639.463007"
"Kyrgyzstan","2018","US$","8642188048.137302"
"Kyrgyzstan","2019","US$","9371275240.096672"
"Kyrgyzstan","2020","US$","8270468645.898665"
"Kyrgyzstan","2021","US$","9249133945.551924"
"Kyrgyzstan","2022","US$","12134931512.713213"
"Kyrgyzstan","2023","US$","15180842440.977379"
"Kyrgyzstan","2024","US$","17478259731.343605"
"Lao People's Democratic Republic","2014","US$","13279245886.472027"
"Lao People's Democratic Republic","2015","US$","14426328954.206297"
"Lao People's Democratic Republic","2016","US$","15912516429.375818"
"Lao People's Democratic Republic","2017","US$","17064939422.83434"
"Lao People's Democratic Republic","2018","US$","18141664442.699524"
"Lao People's Democratic Republic","2019","US$","18740609777.329205"
"Lao People's Democratic Republic","2020","US$","19116011770.661026"
"Lao People's Democratic Republic","2021","US$","19074369893.06516"
"Lao People's Democratic Republic","2022","US$","15362017635.915773"
"Lao People's Democratic Republic","2023","US$","15008048669.253124"
"Lao People's Democratic Republic","2024","US$","16129409820.490602"
"Latvia","2014","US$","30277203767.405334"
"Latvia","2015","US$","26344565876.89025"
"Latvia","2016","US$","27117105059.50821"
"Latvia","2017","US$","29391059767.426197"
"Latvia","2018","US$","33247935477.35707"
"Latvia","2019","US$","33099503950.84645"
"Latvia","2020","US$","33379927434.614307"
"Latvia","2021","US$","38183326784.933495"
"Latvia","2022","US$","38003198508.91069"
"Latvia","2023","US$","42779550936.83806"
"Latvia","2024","US$","43684254432.36098"
"Lebanon","2014","US$","48067657569.77579"
"Lebanon","2015","US$","49892750840.47098"
"Lebanon","2016","US$","50618206249.17015"
"Lebanon","2017","US$","52880425223.7393"
"Lebanon","2018","US$","55289540747.10514"
"Lebanon","2019","US$","44550229489.5887"
"Lebanon","2020","US$","33039288193.178623"
"Lebanon","2021","US$","35266824080.48799"
"Lebanon","2022","US$","38449622846.40855"
"Lebanon","2023","US$","40075624782.22955"
"Lebanon","2024","US$","37990197562.019"
"Lesotho","2014","US$","2441063149.0234213"
"Lesotho","2015","US$","2359686744.791926"
"Lesotho","2016","US$","2114426470.3563795"
"Lesotho","2017","US$","2306741554.2149186"
"Lesotho","2018","US$","2556247200.9074636"
"Lesotho","2019","US$","2390702225.779312"
"Lesotho","2020","US$","2053699863.897372"
"Lesotho","2021","US$","2412303437.0170493"
"Lesotho","2022","US$","2355137577.6571145"
"Lesotho","2023","US$","2129871456.3242602"
"Lesotho","2024","US$","2391161552.844028"
"Liberia","2014","US$","2321892392"
"Liberia","2015","US$","3060137568"
"Liberia","2016","US$","3205399715"
"Liberia","2017","US$","3195941107"
"Liberia","2018","US$","3228971965"
"Liberia","2019","US$","3108722599"
"Liberia","2020","US$","3396273520"
"Liberia","2021","US$","4056826118"
"Liberia","2022","US$","4632408133"
"Liberia","2023","US$","4825903031"
"Liberia","2024","US$","5251391945"
"Libya","2014","US$","57372352562.48926"
"Libya","2015","US$","48717506272.698456"
"Libya","2016","US$","49912085228.34867"
"Libya","2017","US$","67157451660.2732"
"Libya","2018","US$","76686048499.35323"
"Libya","2019","US$","69254143968.34026"
"Libya","2020","US$","46854430381.85794"
"Libya","2021","US$","35217922909.562126"
"Libya","2022","US$","43246208602.845314"
"Libya","2023","US$","44029921588.02938"
"Libya","2024","US$","48483768974.29577"
"Liechtenstein","2014","US$","6657450229.505507"
"Liechtenstein","2015","US$","6268513139.702879"
"Liechtenstein","2016","US$","6237299538.029336"
"Liechtenstein","2017","US$","6474310909.506365"
"Liechtenstein","2018","US$","6692561377.794068"
"Liechtenstein","2019","US$","6436893423.713013"
"Liechtenstein","2020","US$","6405031071.445687"
"Liechtenstein","2021","US$","7912603785.284719"
"Liechtenstein","2022","US$","7426852353.685071"
"Liechtenstein","2023","US$","8239379403.22096"
"Liechtenstein","2024","US$","8627564414.796"
"Lithuania","2014","US$","48347227744.78497"
"Lithuania","2015","US$","41540954817.20393"
"Lithuania","2016","US$","42970749245.03476"
"Lithuania","2017","US$","47756764508.446396"
"Lithuania","2018","US$","54261795148.536316"
"Lithuania","2019","US$","55122066225.79507"
"Lithuania","2020","US$","57412038533.27077"
"Lithuania","2021","US$","67037321008.96792"
"Lithuania","2022","US$","71033884499.78246"
"Lithuania","2023","US$","79789877416.16817"
"Lithuania","2024","US$","84869215513.36491"
"Luxembourg","2014","US$","68804811897.64346"
"Luxembourg","2015","US$","60071584216.137535"
"Luxembourg","2016","US$","62216885435.95051"
"Luxembourg","2017","US$","65712180342.98424"
"Luxembourg","2018","US$","71085623495.11328"
"Luxembourg","2019","US$","69872035113.64577"
"Luxembourg","2020","US$","73670782100.3896"
"Luxembourg","2021","US$","86386759695.16528"
"Luxembourg","2022","US$","80801680397.01402"
"Luxembourg","2023","US$","88788881539.39381"
"Luxembourg","2024","US$","93279851863.40633"
"Madagascar","2014","US$","12522957401.025097"
"Madagascar","2015","US$","11323020699.921324"
"Madagascar","2016","US$","11848613859.525446"
"Madagascar","2017","US$","13176313593.541948"
"Madagascar","2018","US$","13760033282.598091"
"Madagascar","2019","US$","14104664677.964672"
"Madagascar","2020","US$","13051441203.441341"
"Madagascar","2021","US$","14354731963.094282"
"Madagascar","2022","US$","15325603273.558857"
"Madagascar","2023","US$","15869945477.17399"
"Madagascar","2024","US$","17420814796.964977"
"Malawi","2014","US$","7255810879.301645"
"Malawi","2015","US$","8215974404.7670965"
"Malawi","2016","US$","7123821337.999039"
"Malawi","2017","US$","8943558740.05936"
"Malawi","2018","US$","9879234865.725994"
"Malawi","2019","US$","11051871956.843111"
"Malawi","2020","US$","11769330774.391066"
"Malawi","2021","US$","12378139137.243359"
"Malawi","2022","US$","12429078038.783134"
"Malawi","2023","US$","13363694153.94352"
"Malawi","2024","US$","11734058062.690937"
"Malaysia","2014","US$","338066202943.6909"
"Malaysia","2015","US$","301354735817.5299"
"Malaysia","2016","US$","301255405902.2211"
"Malaysia","2017","US$","319109142307.8173"
"Malaysia","2018","US$","358788923980.5157"
"Malaysia","2019","US$","365177803705.87494"
"Malaysia","2020","US$","337456189267.0504"
"Malaysia","2021","US$","373784639723.0396"
"Malaysia","2022","US$","407605517199.14874"
"Malaysia","2023","US$","399705002400.7623"
"Malaysia","2024","US$","421972122731.5501"
"Maldives","2014","US$","3697353152.4481134"
"Maldives","2015","US$","4129505260.400891"
"Maldives","2016","US$","4409942714.70243"
"Maldives","2017","US$","4816426412.903225"
"Maldives","2018","US$","5404344064.852927"
"Maldives","2019","US$","5726094826.468715"
"Maldives","2020","US$","3712604694.2697563"
"Maldives","2021","US$","5252457227.242694"
"Maldives","2022","US$","6177123352.8470745"
"Maldives","2023","US$","6621008552.438578"
"Maldives","2024","US$","7061608115.585268"
"Mali","2014","US$","17081681997.482206"
"Mali","2015","US$","15583181170.868835"
"Mali","2016","US$","16743796798.052229"
"Mali","2017","US$","18308362053.047077"
"Mali","2018","US$","20368015366.6385"
"Mali","2019","US$","20477421878.237522"
"Mali","2020","US$","20698560956.36435"
"Mali","2021","US$","22999245261.298904"
"Mali","2022","US$","22374051353.159184"
"Mali","2023","US$","24621545558.13716"
"Mali","2024","US$","26588067748.38928"
"Malta","2014","US$","11888089268.431158"
"Malta","2015","US$","11340775060.234383"
"Malta","2016","US$","12025727488.833046"
"Malta","2017","US$","14161344323.882505"
"Malta","2018","US$","16153804357.80364"
"Malta","2019","US$","16337834890.980091"
"Malta","2020","US$","16404677395.174862"
"Malta","2021","US$","19728344920.15472"
"Malta","2022","US$","18939185061.673244"
"Malta","2023","US$","22623815999.60827"
"Malta","2024","US$","25030048339.843773"
"Marshall Islands","2014","US$","185172867"
"Marshall Islands","2015","US$","182997299"
"Marshall Islands","2016","US$","200715988"
"Marshall Islands","2017","US$","212701248"
"Marshall Islands","2018","US$","219330307"
"Marshall Islands","2019","US$","232092270"
"Marshall Islands","2020","US$","241722351"
"Marshall Islands","2021","US$","259538666"
"Marshall Islands","2022","US$","254047020"
"Marshall Islands","2023","US$","259967870"
"Marshall Islands","2024","US$","281285469"
"Mauritania","2014","US$","6592537781.815179"
"Mauritania","2015","US$","6166863960.000628"
"Mauritania","2016","US$","6398747531.601419"
"Mauritania","2017","US$","6800135961.614138"
"Mauritania","2018","US$","7473550557.073786"
"Mauritania","2019","US$","7894764814.099805"
"Mauritania","2020","US$","8260752459.273548"
"Mauritania","2021","US$","9222536278.768843"
"Mauritania","2022","US$","9557966698.253689"
"Mauritania","2023","US$","10726827597.232075"
"Mauritania","2024","US$","10912257785.55423"
"Mauritius","2014","US$","13074130094.372358"
"Mauritius","2015","US$","12007291045.648907"
"Mauritius","2016","US$","12594155346.298018"
"Mauritius","2017","US$","13713505998.039053"
"Mauritius","2018","US$","14735674218.972166"
"Mauritius","2019","US$","14436347115.289322"
"Mauritius","2020","US$","11408106349.668938"
"Mauritius","2021","US$","11484348766.034208"
"Mauritius","2022","US$","12907767789.596737"
"Mauritius","2023","US$","14101195732.674135"
"Mauritius","2024","US$","14952555414.855322"
"Mexico","2014","US$","1364507717614.1343"
"Mexico","2015","US$","1213294493235.8584"
"Mexico","2016","US$","1112233477588.6113"
"Mexico","2017","US$","1190721496876.9607"
"Mexico","2018","US$","1256300204640.2427"
"Mexico","2019","US$","1304106181336.5103"
"Mexico","2020","US$","1121064749915.9338"
"Mexico","2021","US$","1316569445185.9673"
"Mexico","2022","US$","1466464899204.3164"
"Mexico","2023","US$","1793798893182.0403"
"Mexico","2024","US$","1852722833601.101"
"Micronesia (Federated States of)","2014","US$","319271156"
"Micronesia (Federated States of)","2015","US$","316489947"
"Micronesia (Federated States of)","2016","US$","332265162"
"Micronesia (Federated States of)","2017","US$","366666809"
"Micronesia (Federated States of)","2018","US$","391700000"
"Micronesia (Federated States of)","2019","US$","393600000"
"Micronesia (Federated States of)","2020","US$","372100000"
"Micronesia (Federated States of)","2021","US$","390000000"
"Micronesia (Federated States of)","2022","US$","430200000"
"Micronesia (Federated States of)","2023","US$","443916782"
"Micronesia (Federated States of)","2024","US$","471425099"
"Monaco","2014","US$","7070015473.960656"
"Monaco","2015","US$","6264753585.625004"
"Monaco","2016","US$","6471287668.599417"
"Monaco","2017","US$","6430258224.5883045"
"Monaco","2018","US$","7184336760.392032"
"Monaco","2019","US$","7383494129.411629"
"Monaco","2020","US$","6730733230.817024"
"Monaco","2021","US$","8623241326.744047"
"Monaco","2022","US$","8800432773.735453"
"Monaco","2023","US$","10003897341.176659"
"Monaco","2024","US$","11125788838.28126"
"Mongolia","2014","US$","12226539815.733175"
"Mongolia","2015","US$","11619902291.137936"
"Mongolia","2016","US$","11181330725.577564"
"Mongolia","2017","US$","11480843409.48356"
"Mongolia","2018","US$","13178082982.960457"
"Mongolia","2019","US$","14206349496.031267"
"Mongolia","2020","US$","13312990197.348356"
"Mongolia","2021","US$","15286447212.723083"
"Mongolia","2022","US$","17146471702.567642"
"Mongolia","2023","US$","20325121392.382214"
"Mongolia","2024","US$","23586055812.580204"
"Montenegro","2014","US$","4579635382.396415"
"Montenegro","2015","US$","4010884059.092315"
"Montenegro","2016","US$","4357467279.400469"
"Montenegro","2017","US$","4803964668.400986"
"Montenegro","2018","US$","5433469282.508841"
"Montenegro","2019","US$","5483622624.294558"
"Montenegro","2020","US$","4734192610.424547"
"Montenegro","2021","US$","5822908973.042449"
"Montenegro","2022","US$","6259721818.4975195"
"Montenegro","2023","US$","7643318223.421314"
"Montenegro","2024","US$","8274290502.716537"
"Montserrat","2014","US$","58807407.4074074"
"Montserrat","2015","US$","62040370.370370366"
"Montserrat","2016","US$","62554814.81481481"
"Montserrat","2017","US$","59544444.44444444"
"Montserrat","2018","US$","64613703.7037037"
"Montserrat","2019","US$","67628518.51851851"
"Montserrat","2020","US$","66911111.111111104"
"Montserrat","2021","US$","68988148.14814815"
"Montserrat","2022","US$","72475555.55555555"
"Montserrat","2023","US$","76357037.03703703"
"Montserrat","2024","US$","80981481.48148148"
"Morocco","2014","US$","119130845829.48198"
"Morocco","2015","US$","110413820681.03429"
"Morocco","2016","US$","111572946646.53508"
"Morocco","2017","US$","118540574727.55217"
"Morocco","2018","US$","127341141871.20514"
"Morocco","2019","US$","128920265075.52562"
"Morocco","2020","US$","121353640939.72124"
"Morocco","2021","US$","142022058065.78635"
"Morocco","2022","US$","131245309665.1869"
"Morocco","2023","US$","146056733358.1073"
"Morocco","2024","US$","160605643507.9426"
"Mozambique","2014","US$","17978246755.987843"
"Mozambique","2015","US$","16208985710.457172"
"Mozambique","2016","US$","12069051288.90475"
"Mozambique","2017","US$","13264640531.483383"
"Mozambique","2018","US$","15017359042.44405"
"Mozambique","2019","US$","15512758964.576736"
"Mozambique","2020","US$","14235420174.18846"
"Mozambique","2021","US$","16168055475.078285"
"Mozambique","2022","US$","18883528483.089504"
"Mozambique","2023","US$","20921079422.98111"
"Mozambique","2024","US$","22745341305.218685"
"Myanmar","2014","US$","66299763433.4972"
"Myanmar","2015","US$","62543490877.55752"
"Myanmar","2016","US$","63535364377.432335"
"Myanmar","2017","US$","64500994403.79818"
"Myanmar","2018","US$","69256662200.44308"
"Myanmar","2019","US$","71802236332.54817"
"Myanmar","2020","US$","79969739104.42075"
"Myanmar","2021","US$","71683019087.2243"
"Myanmar","2022","US$","65162562908.83166"
"Myanmar","2023","US$","63944299033.55935"
"Myanmar","2024","US$","64796433469.287796"
"Namibia","2014","US$","12435430022.676155"
"Namibia","2015","US$","11335161746.388136"
"Namibia","2016","US$","10722018742.224073"
"Namibia","2017","US$","12887501267.567547"
"Namibia","2018","US$","13682019419.132565"
"Namibia","2019","US$","12541676210.736227"
"Namibia","2020","US$","10583748757.334555"
"Namibia","2021","US$","12402486183.639603"
"Namibia","2022","US$","12569448867.200006"
"Namibia","2023","US$","12408271223.645947"
"Namibia","2024","US$","13372354268.520315"
"Nauru","2014","US$","132826895.34988783"
"Nauru","2015","US$","104353153.13914995"
"Nauru","2016","US$","115160285.84418888"
"Nauru","2017","US$","128477570.66346784"
"Nauru","2018","US$","145977573.8856691"
"Nauru","2019","US$","140642155.44502097"
"Nauru","2020","US$","147982784.53666222"
"Nauru","2021","US$","204082584.91893035"
"Nauru","2022","US$","168400900.42467847"
"Nauru","2023","US$","172814505.70890373"
"Nauru","2024","US$","186913269.20330465"
"Nepal","2014","US$","22884819970.409935"
"Nepal","2015","US$","23667153173.76344"
"Nepal","2016","US$","24288427411.13224"
"Nepal","2017","US$","29443014953.26977"
"Nepal","2018","US$","31726289775.18016"
"Nepal","2019","US$","34268250821.040268"
"Nepal","2020","US$","32858995701.54391"
"Nepal","2021","US$","36844151500.287865"
"Nepal","2022","US$","39749037957.04605"
"Nepal","2023","US$","40623527302.51568"
"Nepal","2024","US$","42692292394.12466"
"Netherlands","2014","US$","901556501756.4542"
"Netherlands","2015","US$","775743675302.7349"
"Netherlands","2016","US$","797163949289.9072"
"Netherlands","2017","US$","848233537845.8915"
"Netherlands","2018","US$","929733599796.8466"
"Netherlands","2019","US$","928903005576.4535"
"Netherlands","2020","US$","932560861701.1539"
"Netherlands","2021","US$","1054472123449.5955"
"Netherlands","2022","US$","1046540797548.6433"
"Netherlands","2023","US$","1135475867551.0017"
"Netherlands","2024","US$","1214927698572.6572"
"New Caledonia","2014","US$","10635035550.010035"
"New Caledonia","2015","US$","8738203041.546974"
"New Caledonia","2016","US$","8728576138.468489"
"New Caledonia","2017","US$","9173262930.135109"
"New Caledonia","2018","US$","9896402295.483286"
"New Caledonia","2019","US$","9475655341.983164"
"New Caledonia","2020","US$","9454629451.03219"
"New Caledonia","2021","US$","10071349707.158087"
"New Caledonia","2022","US$","9623318699.309038"
"New Caledonia","2023","US$","9769167502.254095"
"New Caledonia","2024","US$","8548919394.301087"
"New Zealand","2014","US$","201518402787.3799"
"New Zealand","2015","US$","178224167087.9897"
"New Zealand","2016","US$","189099389150.90234"
"New Zealand","2017","US$","206745969246.07333"
"New Zealand","2018","US$","211985631173.20483"
"New Zealand","2019","US$","213006341101.8694"
"New Zealand","2020","US$","213028906169.78436"
"New Zealand","2021","US$","253977224501.3439"
"New Zealand","2022","US$","249509991440.4376"
"New Zealand","2023","US$","255194972673.12192"
"New Zealand","2024","US$","260172385097.6165"
"Nicaragua","2014","US$","11880438655.140532"
"Nicaragua","2015","US$","12756696289.622921"
"Nicaragua","2016","US$","13286093197.482086"
"Nicaragua","2017","US$","13785892848.735928"
"Nicaragua","2018","US$","13025221836.43935"
"Nicaragua","2019","US$","12699023512.171604"
"Nicaragua","2020","US$","12726422386.730112"
"Nicaragua","2021","US$","14209020497.625675"
"Nicaragua","2022","US$","15634572439.884304"
"Nicaragua","2023","US$","17805842146.75965"
"Nicaragua","2024","US$","19693982968.87586"
"Niger","2014","US$","10881880301.916409"
"Niger","2015","US$","9666654126.603739"
"Niger","2016","US$","10140653519.784681"
"Niger","2017","US$","10949624936.947344"
"Niger","2018","US$","12446262257.716251"
"Niger","2019","US$","12341358220.418024"
"Niger","2020","US$","13236972579.320457"
"Niger","2021","US$","14163563157.091589"
"Niger","2022","US$","14441822665.284197"
"Niger","2023","US$","15502108627.40837"
"Niger","2024","US$","17491216726.25716"
"Nigeria","2014","US$","669947252510.2874"
"Nigeria","2015","US$","604671519102.6562"
"Nigeria","2016","US$","508380680550.22253"
"Nigeria","2017","US$","490369233168.17596"
"Nigeria","2018","US$","571730484421.7842"
"Nigeria","2019","US$","668218981400.1953"
"Nigeria","2020","US$","595401180153.5996"
"Nigeria","2021","US$","606509821973.388"
"Nigeria","2022","US$","643772602780.6255"
"Nigeria","2023","US$","486711833740.9721"
"Nigeria","2024","US$","252083569196.93805"
"Norway","2014","US$","501736471832.849"
"Norway","2015","US$","388159512245.53094"
"Norway","2016","US$","370956547619.0476"
"Norway","2017","US$","401745275035.2613"
"Norway","2018","US$","439788625883.79956"
"Norway","2019","US$","408742840909.0914"
"Norway","2020","US$","367633418886.62726"
"Norway","2021","US$","503367986030.26776"
"Norway","2022","US$","596297651035.7982"
"Norway","2023","US$","482949731776.58716"
"Norway","2024","US$","483592648313.3012"
"Oman","2014","US$","92699123128.73862"
"Oman","2015","US$","78710880566.9701"
"Oman","2016","US$","75128854988.2965"
"Oman","2017","US$","80856575503.25098"
"Oman","2018","US$","91505918083.22496"
"Oman","2019","US$","88060945076.72302"
"Oman","2020","US$","75909397612.48375"
"Oman","2021","US$","87323902967.49025"
"Oman","2022","US$","109852871321.19635"
"Oman","2023","US$","106174708036.41092"
"Oman","2024","US$","107137198769.83095"
"Pakistan","2014","US$","276486556921.8905"
"Pakistan","2015","US$","296060091147.23755"
"Pakistan","2016","US$","312353963903.297"
"Pakistan","2017","US$","337136829493.02374"
"Pakistan","2018","US$","321691849251.6309"
"Pakistan","2019","US$","291918785487.3177"
"Pakistan","2020","US$","293752197206.8372"
"Pakistan","2021","US$","342750653922.54767"
"Pakistan","2022","US$","325371128598.94653"
"Pakistan","2023","US$","299436208129.6836"
"Pakistan","2024","US$","379120182728.2972"
"Palau","2014","US$","243165063"
"Palau","2015","US$","280437813"
"Palau","2016","US$","299047188"
"Palau","2017","US$","285623531"
"Palau","2018","US$","284883094"
"Palau","2019","US$","281941563"
"Palau","2020","US$","258990844"
"Palau","2021","US$","235752906"
"Palau","2022","US$","255591063"
"Palau","2023","US$","281849063"
"Palau","2024","US$","309900000"
"Panama","2014","US$","51081695260"
"Panama","2015","US$","55530828561"
"Panama","2016","US$","59643774573"
"Panama","2017","US$","64278195696"
"Panama","2018","US$","67316471181"
"Panama","2019","US$","69778991193"
"Panama","2020","US$","57059846522"
"Panama","2021","US$","67396392506"
"Panama","2022","US$","76276116723"
"Panama","2023","US$","83318176882"
"Panama","2024","US$","86260368605"
"Papua New Guinea","2014","US$","23210824046.21788"
"Papua New Guinea","2015","US$","21723334307.578346"
"Papua New Guinea","2016","US$","20758911153.00793"
"Papua New Guinea","2017","US$","22742696403.118954"
"Papua New Guinea","2018","US$","24109780116.570637"
"Papua New Guinea","2019","US$","24750628367.92029"
"Papua New Guinea","2020","US$","23848445185.95202"
"Papua New Guinea","2021","US$","26109414044.35501"
"Papua New Guinea","2022","US$","31653188605.05157"
"Papua New Guinea","2023","US$","30816369226.80817"
"Papua New Guinea","2024","US$","32262174121.51462"
"Paraguay","2014","US$","40377987314.6539"
"Paraguay","2015","US$","36211372646.38557"
"Paraguay","2016","US$","36089550671.84251"
"Paraguay","2017","US$","38997129809.17518"
"Paraguay","2018","US$","40225448651.30811"
"Paraguay","2019","US$","37925338460.1622"
"Paraguay","2020","US$","35432177936.32592"
"Paraguay","2021","US$","39937357050.42216"
"Paraguay","2022","US$","41841201759.94623"
"Paraguay","2023","US$","43140465597.19468"
"Paraguay","2024","US$","44738819360.0971"
"Peru","2014","US$","200786240836.8186"
"Peru","2015","US$","189802961890.09766"
"Peru","2016","US$","191898127860.84256"
"Peru","2017","US$","211007952315.8882"
"Peru","2018","US$","222597030191.0411"
"Peru","2019","US$","228325852220.76212"
"Peru","2020","US$","201409683363.20355"
"Peru","2021","US$","226328758797.29092"
"Peru","2022","US$","246065546265.09784"
"Peru","2023","US$","266958705892.6139"
"Peru","2024","US$","289329247168.5543"
"Philippines","2014","US$","297483553261.30005"
"Philippines","2015","US$","306445871631.19946"
"Philippines","2016","US$","318627003965.42"
"Philippines","2017","US$","328480738147.61615"
"Philippines","2018","US$","346841896889.7684"
"Philippines","2019","US$","376823404772.4905"
"Philippines","2020","US$","361751145432.6661"
"Philippines","2021","US$","394087362017.3137"
"Philippines","2022","US$","404353370812.14624"
"Philippines","2023","US$","437055621989.2407"
"Philippines","2024","US$","461617500580.1392"
"Poland","2014","US$","542134224464.7279"
"Poland","2015","US$","480054118583.3665"
"Poland","2016","US$","473259583965.6423"
"Poland","2017","US$","528356676662.55115"
"Poland","2018","US$","594616687355.5061"
"Poland","2019","US$","602683770144.8804"
"Poland","2020","US$","605914237908.9224"
"Poland","2021","US$","689170230671.2999"
"Poland","2022","US$","695607470870.0753"
"Poland","2023","US$","812451193402.5864"
"Poland","2024","US$","914696353732.7251"
"Portugal","2014","US$","230078616299.6719"
"Portugal","2015","US$","199038523119.63956"
"Portugal","2016","US$","206305431241.64395"
"Portugal","2017","US$","220862990767.23062"
"Portugal","2018","US$","242092894542.88364"
"Portugal","2019","US$","240115970063.0152"
"Portugal","2020","US$","229618773422.57257"
"Portugal","2021","US$","256055879091.13928"
"Portugal","2022","US$","256898677175.02463"
"Portugal","2023","US$","292323800948.8388"
"Portugal","2024","US$","313271185085.1026"
"Puerto Rico","2014","US$","102445800000"
"Puerto Rico","2015","US$","103375500000"
"Puerto Rico","2016","US$","104336700000"
"Puerto Rico","2017","US$","103445500000"
"Puerto Rico","2018","US$","100958100000"
"Puerto Rico","2019","US$","105126400000"
"Puerto Rico","2020","US$","103130900000"
"Puerto Rico","2021","US$","106426600000"
"Puerto Rico","2022","US$","113843700000"
"Puerto Rico","2023","US$","118375000000"
"Puerto Rico","2024","US$","125841500000"
"Qatar","2014","US$","206224598564.56042"
"Qatar","2015","US$","161739955577.74725"
"Qatar","2016","US$","151732181857.14285"
"Qatar","2017","US$","161099122215.3846"
"Qatar","2018","US$","183334953813.1868"
"Qatar","2019","US$","176371267689.011"
"Qatar","2020","US$","144411363345.32965"
"Qatar","2021","US$","179732142857.14285"
"Qatar","2022","US$","235709340659.34064"
"Qatar","2023","US$","217308516483.51648"
"Qatar","2024","US$","219162912087.91208"
"Republic of Korea","2014","US$","1556252422020.4402"
"Republic of Korea","2015","US$","1539212301135.547"
"Republic of Korea","2016","US$","1579150518945.4392"
"Republic of Korea","2017","US$","1710196706309.5347"
"Republic of Korea","2018","US$","1824251399034.6943"
"Republic of Korea","2019","US$","1751045752054.627"
"Republic of Korea","2020","US$","1744070227116.9187"
"Republic of Korea","2021","US$","1942313617562.525"
"Republic of Korea","2022","US$","1799363117330.9612"
"Republic of Korea","2023","US$","1844800934391.5447"
"Republic of Korea","2024","US$","1875388209406.803"
"Republic of Moldova","2014","US$","9402090103.302637"
"Republic of Moldova","2015","US$","7797667138.494612"
"Republic of Moldova","2016","US$","7980917248.730123"
"Republic of Moldova","2017","US$","9514404073.281225"
"Republic of Moldova","2018","US$","11252353608.310087"
"Republic of Moldova","2019","US$","11736797145.117468"
"Republic of Moldova","2020","US$","11530746093.988537"
"Republic of Moldova","2021","US$","13691869129.752638"
"Republic of Moldova","2022","US$","14525337829.66181"
"Republic of Moldova","2023","US$","16711906967.748486"
"Republic of Moldova","2024","US$","18200230693.377098"
"Republic of North Macedonia","2014","US$","11362256666.0871"
"Republic of North Macedonia","2015","US$","10064513038.488253"
"Republic of North Macedonia","2016","US$","10672464611.852585"
"Republic of North Macedonia","2017","US$","11307061189.956188"
"Republic of North Macedonia","2018","US$","12683068033.104256"
"Republic of North Macedonia","2019","US$","12606338448.546968"
"Republic of North Macedonia","2020","US$","12361036913.840923"
"Republic of North Macedonia","2021","US$","14000283737.445946"
"Republic of North Macedonia","2022","US$","13932436629.3746"
"Republic of North Macedonia","2023","US$","15855127769.68957"
"Republic of North Macedonia","2024","US$","16951685608.602625"
"Romania","2014","US$","199722319675.74106"
"Romania","2015","US$","177885146043.1059"
"Romania","2016","US$","185290744033.07742"
"Romania","2017","US$","210147403140.86633"
"Romania","2018","US$","243468703619.9195"
"Romania","2019","US$","251677082534.4951"
"Romania","2020","US$","252033812507.48648"
"Romania","2021","US$","286578219328.99396"
"Romania","2022","US$","296354358293.4749"
"Romania","2023","US$","350776495450.1157"
"Romania","2024","US$","382769652322.8314"
"Russian Federation","2014","US$","2059242624404.2817"
"Russian Federation","2015","US$","1363481523352.534"
"Russian Federation","2016","US$","1276786105927.49"
"Russian Federation","2017","US$","1574198566649.254"
"Russian Federation","2018","US$","1657327982749.3408"
"Russian Federation","2019","US$","1693115086672.2483"
"Russian Federation","2020","US$","1493076317388.9348"
"Russian Federation","2021","US$","1829185472412.6953"
"Russian Federation","2022","US$","2291612129333.056"
"Russian Federation","2023","US$","2071505715430.0325"
"Russian Federation","2024","US$","2173386017002.2625"
"Rwanda","2014","US$","8129678686.465115"
"Rwanda","2015","US$","8447481114.251875"
"Rwanda","2016","US$","8596998307.421816"
"Rwanda","2017","US$","9164764869.474665"
"Rwanda","2018","US$","9650520933.716755"
"Rwanda","2019","US$","10519813916.066845"
"Rwanda","2020","US$","10487893807.37505"
"Rwanda","2021","US$","11253005110.000196"
"Rwanda","2022","US$","13747341454.539373"
"Rwanda","2023","US$","14805636869.632221"
"Rwanda","2024","US$","15110819738.599333"
"Saint Kitts and Nevis","2014","US$","952111111.111111"
"Saint Kitts and Nevis","2015","US$","957222222.2222222"
"Saint Kitts and Nevis","2016","US$","1006818518.5185184"
"Saint Kitts and Nevis","2017","US$","1056977777.7777777"
"Saint Kitts and Nevis","2018","US$","1076548148.148148"
"Saint Kitts and Nevis","2019","US$","1107855555.5555556"
"Saint Kitts and Nevis","2020","US$","883922222.2222222"
"Saint Kitts and Nevis","2021","US$","858622222.2222222"
"Saint Kitts and Nevis","2022","US$","981429629.6296296"
"Saint Kitts and Nevis","2023","US$","1055651851.8518518"
"Saint Kitts and Nevis","2024","US$","1122388888.8888888"
"Saint Lucia","2014","US$","1749186587.7777777"
"Saint Lucia","2015","US$","1807639672.222222"
"Saint Lucia","2016","US$","1868545579.9999998"
"Saint Lucia","2017","US$","1998504985.185185"
"Saint Lucia","2018","US$","2060953778.8888888"
"Saint Lucia","2019","US$","2095375764.4444444"
"Saint Lucia","2020","US$","1511383881.111111"
"Saint Lucia","2021","US$","1869246266.6666665"
"Saint Lucia","2022","US$","2333604789.259259"
"Saint Lucia","2023","US$","2396518051.4814816"
"Saint Lucia","2024","US$","2574477345.185185"
"Saint Vincent and the Grenadines","2014","US$","770900000"
"Saint Vincent and the Grenadines","2015","US$","786555555.5555555"
"Saint Vincent and the Grenadines","2016","US$","814303703.7037036"
"Saint Vincent and the Grenadines","2017","US$","844038888.8888888"
"Saint Vincent and the Grenadines","2018","US$","884328148.1481481"
"Saint Vincent and the Grenadines","2019","US$","909690878.1481481"
"Saint Vincent and the Grenadines","2020","US$","863748367.4074074"
"Saint Vincent and the Grenadines","2021","US$","888027710.3703703"
"Saint Vincent and the Grenadines","2022","US$","970366866.6666666"
"Saint Vincent and the Grenadines","2023","US$","1052887484.4444444"
"Saint Vincent and the Grenadines","2024","US$","1136324482.222222"
"Samoa","2014","US$","818039919.8327025"
"Samoa","2015","US$","825565903.4749141"
"Samoa","2016","US$","870195399.0625638"
"Samoa","2017","US$","881694400.3808511"
"Samoa","2018","US$","894066372.4805074"
"Samoa","2019","US$","912555111.6907984"
"Samoa","2020","US$","829149142.6534258"
"Samoa","2021","US$","896846315.8635215"
"Samoa","2022","US$","936357829.2789392"
"Samoa","2023","US$","1135934688.3496323"
"Samoa","2024","US$","1253458616.0896113"
"San Marino","2014","US$","1847300268.0999665"
"San Marino","2015","US$","1419400403.499599"
"San Marino","2016","US$","1468342431.0758216"
"San Marino","2017","US$","1528621195.1453788"
"San Marino","2018","US$","1655354303.9917698"
"San Marino","2019","US$","1616231660.2254133"
"San Marino","2020","US$","1544713791.529886"
"San Marino","2021","US$","1855395694.4735942"
"San Marino","2022","US$","1831701053.4092367"
"San Marino","2023","US$","2027243196.7554126"
"San Marino","2024","US$","2082455238.3831074"
"Sao Tome and Principe","2014","US$","295143241.45140177"
"Sao Tome and Principe","2015","US$","261802818.12223777"
"Sao Tome and Principe","2016","US$","294003253.81854856"
"Sao Tome and Principe","2017","US$","324561225.67857456"
"Sao Tome and Principe","2018","US$","386597106.4783945"
"Sao Tome and Principe","2019","US$","416073951.26534057"
"Sao Tome and Principe","2020","US$","474763795.12551314"
"Sao Tome and Principe","2021","US$","528335386.9980017"
"Sao Tome and Principe","2022","US$","544865431.4709631"
"Sao Tome and Principe","2023","US$","684068647.5093231"
"Sao Tome and Principe","2024","US$","828317505.5858147"
"Saudi Arabia","2014","US$","787153066666.6666"
"Saudi Arabia","2015","US$","693414666666.6666"
"Saudi Arabia","2016","US$","689279466666.6666"
"Saudi Arabia","2017","US$","741266133333.3334"
"Saudi Arabia","2018","US$","886565066666.6666"
"Saudi Arabia","2019","US$","888890133333.3334"
"Saudi Arabia","2020","US$","767951200000"
"Saudi Arabia","2021","US$","982661066666.6666"
"Saudi Arabia","2022","US$","1239075200000"
"Saudi Arabia","2023","US$","1218584800000"
"Saudi Arabia","2024","US$","1254141066666.6667"
"Senegal","2014","US$","19797253445.267292"
"Senegal","2015","US$","17774851268.773617"
"Senegal","2016","US$","19040319081.013165"
"Senegal","2017","US$","20996569847.252388"
"Senegal","2018","US$","23116719543.100086"
"Senegal","2019","US$","24410438230.819046"
"Senegal","2020","US$","26685648064.050392"
"Senegal","2021","US$","31226081404.723537"
"Senegal","2022","US$","31724931846.49924"
"Senegal","2023","US$","35051195806.397224"
"Senegal","2024","US$","36714553009.27248"
"Serbia","2014","US$","49114321140.31616"
"Serbia","2015","US$","41297410653.42174"
"Serbia","2016","US$","42225496303.36136"
"Serbia","2017","US$","45972834455.68508"
"Serbia","2018","US$","52787519970.93089"
"Serbia","2019","US$","53864693071.65281"
"Serbia","2020","US$","55874017468.9531"
"Serbia","2021","US$","66159884248.0038"
"Serbia","2022","US$","66797564949.90042"
"Serbia","2023","US$","81342660706.09459"
"Serbia","2024","US$","89074211439.55174"
"Seychelles","2014","US$","1387616988.0050557"
"Seychelles","2015","US$","1432410051.8817704"
"Seychelles","2016","US$","1568497410.3638082"
"Seychelles","2017","US$","1675356481.8857274"
"Seychelles","2018","US$","1784328360.8912382"
"Seychelles","2019","US$","1868704683.5194983"
"Seychelles","2020","US$","1382566007.4024932"
"Seychelles","2021","US$","1487188111.0330486"
"Seychelles","2022","US$","2018346655.1328564"
"Seychelles","2023","US$","2187379804.0085216"
"Seychelles","2024","US$","2161854313.206935"
"Sierra Leone","2014","US$","7686136817.025496"
"Sierra Leone","2015","US$","6782009881.026364"
"Sierra Leone","2016","US$","6083951496.956427"
"Sierra Leone","2017","US$","5749846353.888071"
"Sierra Leone","2018","US$","6390514893.190662"
"Sierra Leone","2019","US$","6523577490.002204"
"Sierra Leone","2020","US$","6685317966.476861"
"Sierra Leone","2021","US$","7162032172.464214"
"Sierra Leone","2022","US$","7117233235.780759"
"Sierra Leone","2023","US$","6413527387.138575"
"Sierra Leone","2024","US$","6791515073.045467"
"Singapore","2014","US$","314863580758.45465"
"Singapore","2015","US$","307998545269.39795"
"Singapore","2016","US$","319646384387.456"
"Singapore","2017","US$","343673334902.32996"
"Singapore","2018","US$","377123803757.5469"
"Singapore","2019","US$","376161906914.5209"
"Singapore","2020","US$","349165942899.9407"
"Singapore","2021","US$","436591273927.23004"
"Singapore","2022","US$","509017964216.6369"
"Singapore","2023","US$","505439639550.185"
"Singapore","2024","US$","547386509342.1821"
"Sint Maarten (Dutch part)","2014","US$","1295719089.944134"
"Sint Maarten (Dutch part)","2015","US$","1382539511.1731844"
"Sint Maarten (Dutch part)","2016","US$","1383630296.0893855"
"Sint Maarten (Dutch part)","2017","US$","1297881935.75419"
"Sint Maarten (Dutch part)","2018","US$","1247774788.2681563"
"Sint Maarten (Dutch part)","2019","US$","1391371488.2681563"
"Sint Maarten (Dutch part)","2020","US$","1140902244.6927373"
"Sint Maarten (Dutch part)","2021","US$","1267640662.0111732"
"Sint Maarten (Dutch part)","2022","US$","1478665249.1620111"
"Sint Maarten (Dutch part)","2023","US$","1560646689.944134"
"Sint Maarten (Dutch part)","2024","US$","1669622018.9944134"
"Slovakia","2014","US$","101713075598.8609"
"Slovakia","2015","US$","89178548717.33247"
"Slovakia","2016","US$","90347173228.63812"
"Slovakia","2017","US$","95978130734.97751"
"Slovakia","2018","US$","106611673364.835"
"Slovakia","2019","US$","105843498304.09218"
"Slovakia","2020","US$","107732602896.43892"
"Slovakia","2021","US$","120560912620.59883"
"Slovakia","2022","US$","115884262197.69707"
"Slovakia","2023","US$","133896931490.22408"
"Slovakia","2024","US$","141775733420.1142"
"Slovenia","2014","US$","49514466379.60499"
"Slovenia","2015","US$","42709468274.8137"
"Slovenia","2016","US$","44290685824.06943"
"Slovenia","2017","US$","48153200134.6617"
"Slovenia","2018","US$","53689067639.91672"
"Slovenia","2019","US$","53909922735.544106"
"Slovenia","2020","US$","53384760135.15721"
"Slovenia","2021","US$","61529280461.09203"
"Slovenia","2022","US$","59927702746.28434"
"Slovenia","2023","US$","69148468417.3209"
"Slovenia","2024","US$","72485008929.27663"
"Solomon Islands","2014","US$","1335576696.3693025"
"Solomon Islands","2015","US$","1307908823.0268843"
"Solomon Islands","2016","US$","1379486300.1278005"
"Solomon Islands","2017","US$","1469790453.3074124"
"Solomon Islands","2018","US$","1615473275.030942"
"Solomon Islands","2019","US$","1619150504.9309313"
"Solomon Islands","2020","US$","1536143444.3581285"
"Solomon Islands","2021","US$","1558312106.3264012"
"Solomon Islands","2022","US$","1466670984.2467299"
"Solomon Islands","2023","US$","1506124603.9148536"
"Solomon Islands","2024","US$","1583964780.968782"
"Somalia","2014","US$","5807617395.017842"
"Somalia","2015","US$","6627605977.21919"
"Somalia","2016","US$","7391000000.000002"
"Somalia","2017","US$","8252000000.000017"
"Somalia","2018","US$","7873000000"
"Somalia","2019","US$","8655000000"
"Somalia","2020","US$","8628000000"
"Somalia","2021","US$","9484000000"
"Somalia","2022","US$","10203000000"
"Somalia","2023","US$","10957000000"
"Somalia","2024","US$","11966000000"
"South Africa","2014","US$","380908893420.8723"
"South Africa","2015","US$","346486125394.3521"
"South Africa","2016","US$","323567671624.5494"
"South Africa","2017","US$","381136716378.66754"
"South Africa","2018","US$","405260711508.9518"
"South Africa","2019","US$","389330030743.537"
"South Africa","2020","US$","337974647394.7545"
"South Africa","2021","US$","419986278295.7964"
"South Africa","2022","US$","407596030992.13007"
"South Africa","2023","US$","381440720798.58844"
"South Africa","2024","US$","401145008208.7669"
"South Sudan","2014","US$","14943981356.610168"
"South Sudan","2015","US$","7069484393.063597"
"South Sudan","2016","US$","3276390548.37272"
"South Sudan","2017","US$","3571367605.9746146"
"South Sudan","2018","US$","3793544409.3168893"
"South Sudan","2019","US$","4294999803.480837"
"South Sudan","2020","US$","4206583715.328882"
"South Sudan","2021","US$","4290921952.0158343"
"South Sudan","2022","US$","4357792009.089416"
"South Sudan","2023","US$","4653701813.700769"
"South Sudan","2024","US$","3522498211.8721423"
"Spain","2014","US$","1380244561361.9358"
"Spain","2015","US$","1206164777553.1257"
"Spain","2016","US$","1243015667917.158"
"Spain","2017","US$","1321754088818.8376"
"Spain","2018","US$","1431642809327.034"
"Spain","2019","US$","1403496387686.2488"
"Spain","2020","US$","1289783836971.1877"
"Spain","2021","US$","1461244901852.6897"
"Spain","2022","US$","1446498147749.0344"
"Spain","2023","US$","1620090734956.893"
"Spain","2024","US$","1722745978335.1577"
"Sri Lanka","2014","US$","82528535572.91057"
"Sri Lanka","2015","US$","85140955516.6554"
"Sri Lanka","2016","US$","88012281909.79402"
"Sri Lanka","2017","US$","94376237831.814"
"Sri Lanka","2018","US$","94493871351.45862"
"Sri Lanka","2019","US$","89014978318.81902"
"Sri Lanka","2020","US$","84440537135.18805"
"Sri Lanka","2021","US$","88609317392.6129"
"Sri Lanka","2022","US$","74583772568.77338"
"Sri Lanka","2023","US$","83722922168.67744"
"Sri Lanka","2024","US$","98714223454.83359"
"State of Palestine","2014","US$","13989700000"
"State of Palestine","2015","US$","13972400000"
"State of Palestine","2016","US$","15405400000"
"State of Palestine","2017","US$","16128000000"
"State of Palestine","2018","US$","16276600000"
"State of Palestine","2019","US$","17133500000"
"State of Palestine","2020","US$","15531700000"
"State of Palestine","2021","US$","18109000000"
"State of Palestine","2022","US$","19165500000"
"State of Palestine","2023","US$","18635100000"
"State of Palestine","2024","US$","16016900000"
"Sudan","2014","US$","78091164747.30684"
"Sudan","2015","US$","83933412540.55333"
"Sudan","2016","US$","97462332380.06606"
"Sudan","2017","US$","122072595221.5652"
"Sudan","2018","US$","51916339580.410416"
"Sudan","2019","US$","40940003476.10175"
"Sudan","2020","US$","40842443915.08163"
"Sudan","2021","US$","41905282173.09262"
"Sudan","2022","US$","44506446733.34792"
"Sudan","2023","US$","32562131661.925133"
"Sudan","2024","US$","25574178905.07514"
"Suriname","2014","US$","5563824212.727273"
"Suriname","2015","US$","5126238146.341474"
"Suriname","2016","US$","3317421499.773147"
"Suriname","2017","US$","3591679371.039912"
"Suriname","2018","US$","3996198760.3238983"
"Suriname","2019","US$","4254805980.1555376"
"Suriname","2020","US$","4159114877.2032638"
"Suriname","2021","US$","3356938756.4880595"
"Suriname","2022","US$","3791603237.3786755"
"Suriname","2023","US$","3455146237.9894414"
"Suriname","2024","US$","4434961371.026038"
"Sweden","2014","US$","577727767303.5957"
"Sweden","2015","US$","501602351911.60016"
"Sweden","2016","US$","513058312950.9396"
"Sweden","2017","US$","535172356784.7687"
"Sweden","2018","US$","549649344043.1821"
"Sweden","2019","US$","530894124494.41754"
"Sweden","2020","US$","544265668451.6781"
"Sweden","2021","US$","631693331300.7758"
"Sweden","2022","US$","575071237640.9271"
"Sweden","2023","US$","578990915246.0757"
"Sweden","2024","US$","604899027292.8574"
"Switzerland","2014","US$","726537808338.0005"
"Switzerland","2015","US$","694118186379.6278"
"Switzerland","2016","US$","687895460902.7133"
"Switzerland","2017","US$","695200833086.4996"
"Switzerland","2018","US$","725562534363.8956"
"Switzerland","2019","US$","721416903503.7922"
"Switzerland","2020","US$","741901944161.923"
"Switzerland","2021","US$","815309330986.7185"
"Switzerland","2022","US$","828508926958.3933"
"Switzerland","2023","US$","894424821645.2047"
"Switzerland","2024","US$","936564198048.5159"
"Syrian Arab Republic","2014","US$","23434859213.13177"
"Syrian Arab Republic","2015","US$","20181739940.583935"
"Syrian Arab Republic","2016","US$","13520229839.515083"
"Syrian Arab Republic","2017","US$","17476177954.50636"
"Syrian Arab Republic","2018","US$","22985573019.113403"
"Syrian Arab Republic","2019","US$","28312333212.29095"
"Syrian Arab Republic","2020","US$","21239167227.077652"
"Syrian Arab Republic","2021","US$","33006271496.815285"
"Syrian Arab Republic","2022","US$","35354913385.74161"
"Syrian Arab Republic","2023","US$","26190028546.66417"
"Syrian Arab Republic","2024","US$","17254337085.444523"
"Tajikistan","2014","US$","9477768271.14572"
"Tajikistan","2015","US$","8271431932.4367895"
"Tajikistan","2016","US$","6992416096.890184"
"Tajikistan","2017","US$","7536403146.683775"
"Tajikistan","2018","US$","7765000282.293982"
"Tajikistan","2019","US$","8300813889.636991"
"Tajikistan","2020","US$","8133963813.332977"
"Tajikistan","2021","US$","8937805347.13963"
"Tajikistan","2022","US$","10713525200.39978"
"Tajikistan","2023","US$","12244141488.815784"
"Tajikistan","2024","US$","13948876023.578356"
"Thailand","2014","US$","407339189958.89795"
"Thailand","2015","US$","401296183735.8508"
"Thailand","2016","US$","413366345843.7435"
"Thailand","2017","US$","456356812774.56287"
"Thailand","2018","US$","506754119583.13055"
"Thailand","2019","US$","543976534595.7997"
"Thailand","2020","US$","500461895072.5272"
"Thailand","2021","US$","506194661796.72815"
"Thailand","2022","US$","495645401380.5847"
"Thailand","2023","US$","515906290154.5989"
"Thailand","2024","US$","526517657636.17017"
"Timor-Leste","2014","US$","1447535183"
"Timor-Leste","2015","US$","1590282371"
"Timor-Leste","2016","US$","1640464612"
"Timor-Leste","2017","US$","1584878440"
"Timor-Leste","2018","US$","1555988614"
"Timor-Leste","2019","US$","2032550389"
"Timor-Leste","2020","US$","2162619241"
"Timor-Leste","2021","US$","3625024341"
"Timor-Leste","2022","US$","3208599889"
"Timor-Leste","2023","US$","2079767170"
"Timor-Leste","2024","US$","1865608515"
"Togo","2014","US$","6393314709.469062"
"Togo","2015","US$","5755457836.187957"
"Togo","2016","US$","6071167583.549445"
"Togo","2017","US$","6387424244.413805"
"Togo","2018","US$","7029215761.424089"
"Togo","2019","US$","6992654017.136118"
"Togo","2020","US$","7486031568.229462"
"Togo","2021","US$","8541668140.752064"
"Togo","2022","US$","8364770572.986956"
"Togo","2023","US$","9390504324.313826"
"Togo","2024","US$","10163010513.55577"
"Tonga","2014","US$","432766836.93976384"
"Tonga","2015","US$","403731021.9904052"
"Tonga","2016","US$","421187976.4555902"
"Tonga","2017","US$","460925653.47728366"
"Tonga","2018","US$","484089127.7770931"
"Tonga","2019","US$","502148371.1326631"
"Tonga","2020","US$","508903350.91729945"
"Tonga","2021","US$","522276746.45436484"
"Tonga","2022","US$","543084453.4765917"
"Tonga","2023","US$","590620355.8216598"
"Tonga","2024","US$","647770486.951357"
"Trinidad and Tobago","2014","US$","29474181946.01945"
"Trinidad and Tobago","2015","US$","26841143192.685707"
"Trinidad and Tobago","2016","US$","23624323377.784687"
"Trinidad and Tobago","2017","US$","23830750894.642326"
"Trinidad and Tobago","2018","US$","23883058444.948765"
"Trinidad and Tobago","2019","US$","23477746888.86954"
"Trinidad and Tobago","2020","US$","20888516159.583157"
"Trinidad and Tobago","2021","US$","24222963082.967438"
"Trinidad and Tobago","2022","US$","28341164461.09546"
"Trinidad and Tobago","2023","US$","25036992017.24941"
"Trinidad and Tobago","2024","US$","25633543590.65549"
"Tunisia","2014","US$","49920148668.620316"
"Tunisia","2015","US$","45779485708.53247"
"Tunisia","2016","US$","44360065796.62023"
"Tunisia","2017","US$","42163530590.9462"
"Tunisia","2018","US$","42686498321.15972"
"Tunisia","2019","US$","41905622307.430214"
"Tunisia","2020","US$","42491772812.73432"
"Tunisia","2021","US$","47073245843.691216"
"Tunisia","2022","US$","44948754479.63655"
"Tunisia","2023","US$","48196273507.64618"
"Tunisia","2024","US$","53493057008.157814"
"Turkmenistan","2014","US$","43524210526.31577"
"Turkmenistan","2015","US$","36051602134.73587"
"Turkmenistan","2016","US$","36169428571.42857"
"Turkmenistan","2017","US$","37915175475.71429"
"Turkmenistan","2018","US$","40750118320.57143"
"Turkmenistan","2019","US$","44961144684.85714"
"Turkmenistan","2020","US$","45441575695.14286"
"Turkmenistan","2021","US$","49462686138.57143"
"Turkmenistan","2022","US$","56660868002.28571"
"Turkmenistan","2023","US$","62795360756.28571"
"Turkmenistan","2024","US$","68654953570.85714"
"Turks and Caicos Islands","2014","US$","841070000"
"Turks and Caicos Islands","2015","US$","942070000"
"Turks and Caicos Islands","2016","US$","1032452000"
"Turks and Caicos Islands","2017","US$","1022365000"
"Turks and Caicos Islands","2018","US$","1113178000"
"Turks and Caicos Islands","2019","US$","1197415000"
"Turks and Caicos Islands","2020","US$","924583000"
"Turks and Caicos Islands","2021","US$","1244800908"
"Turks and Caicos Islands","2022","US$","1443794443"
"Turks and Caicos Islands","2023","US$","1649708355"
"Turks and Caicos Islands","2024","US$","1757153387"
"Tuvalu","2014","US$","37587151.359696046"
"Tuvalu","2015","US$","36193811.46335173"
"Tuvalu","2016","US$","41306120.80348784"
"Tuvalu","2017","US$","45288879.260078855"
"Tuvalu","2018","US$","48168918.797024675"
"Tuvalu","2019","US$","53789566.20756204"
"Tuvalu","2020","US$","52469410.10604375"
"Tuvalu","2021","US$","61457319.765474744"
"Tuvalu","2022","US$","54187108.18193596"
"Tuvalu","2023","US$","50548757.38942415"
"Tuvalu","2024","US$","56436015.00375176"
"Türkiye","2014","US$","938934430207.7368"
"Türkiye","2015","US$","864313960372.0521"
"Türkiye","2016","US$","869682954268.6521"
"Türkiye","2017","US$","858988578600.1104"
"Türkiye","2018","US$","778972084228.8331"
"Türkiye","2019","US$","761005874399.3402"
"Türkiye","2020","US$","720338447613.7542"
"Türkiye","2021","US$","819865265706.0667"
"Türkiye","2022","US$","907118411748.8099"
"Türkiye","2023","US$","1118252958480.403"
"Türkiye","2024","US$","1323254808049.0996"
"Uganda","2014","US$","38986727381.86517"
"Uganda","2015","US$","30173262119.160694"
"Uganda","2016","US$","30479363533.096443"
"Uganda","2017","US$","31593349369.91389"
"Uganda","2018","US$","34075640680.141357"
"Uganda","2019","US$","37774752756.09548"
"Uganda","2020","US$","38060657836.99197"
"Uganda","2021","US$","42817894062.06664"
"Uganda","2022","US$","47397467603.48388"
"Uganda","2023","US$","51022499565.53901"
"Uganda","2024","US$","56369139118.69174"
"Ukraine","2014","US$","133503867181.97246"
"Ukraine","2015","US$","91030968761.41595"
"Ukraine","2016","US$","93355868977.66231"
"Ukraine","2017","US$","112090503817.39868"
"Ukraine","2018","US$","130891086689.52171"
"Ukraine","2019","US$","153883045524.93103"
"Ukraine","2020","US$","156617719786.25385"
"Ukraine","2021","US$","199765856764.5007"
"Ukraine","2022","US$","161989522724.62885"
"Ukraine","2023","US$","181221517290.6661"
"Ukraine","2024","US$","190741263768.58856"
"United Arab Emirates","2014","US$","424935834104.28864"
"United Arab Emirates","2015","US$","381973135513.1382"
"United Arab Emirates","2016","US$","381717208620.8305"
"United Arab Emirates","2017","US$","403365056078.9653"
"United Arab Emirates","2018","US$","440560003161.3342"
"United Arab Emirates","2019","US$","433926218686.1811"
"United Arab Emirates","2020","US$","357161776271.2049"
"United Arab Emirates","2021","US$","422441282436.21515"
"United Arab Emirates","2022","US$","511403404642.06946"
"United Arab Emirates","2023","US$","522622268401.0892"
"United Arab Emirates","2024","US$","552324919095.9836"
"United Kingdom of Great Britain and Northern Ireland","2014","US$","3085362169410.2915"
"United Kingdom of Great Britain and Northern Ireland","2015","US$","2945579890258.4585"
"United Kingdom of Great Britain and Northern Ireland","2016","US$","2706807606538.7305"
"United Kingdom of Great Britain and Northern Ireland","2017","US$","2699208415975.53"
"United Kingdom of Great Britain and Northern Ireland","2018","US$","2897221642263.6045"
"United Kingdom of Great Britain and Northern Ireland","2019","US$","2875710080015.3003"
"United Kingdom of Great Britain and Northern Ireland","2020","US$","2724001478304.591"
"United Kingdom of Great Britain and Northern Ireland","2021","US$","3194559188925.9272"
"United Kingdom of Great Britain and Northern Ireland","2022","US$","3181244350465.4146"
"United Kingdom of Great Britain and Northern Ireland","2023","US$","3420796653789.085"
"United Kingdom of Great Britain and Northern Ireland","2024","US$","3685880951202.0586"
"United Republic of Tanzania: Mainland","2014","US$","49964824073.69196"
"United Republic of Tanzania: Mainland","2015","US$","47378602926.371056"
"United Republic of Tanzania: Mainland","2016","US$","49774005761.29988"
"United Republic of Tanzania: Mainland","2017","US$","53274907534.80251"
"United Republic of Tanzania: Mainland","2018","US$","54774616385.80538"
"United Republic of Tanzania: Mainland","2019","US$","58797221362.821014"
"United Republic of Tanzania: Mainland","2020","US$","63371879460.845375"
"United Republic of Tanzania: Mainland","2021","US$","67964822210.80189"
"United Republic of Tanzania: Mainland","2022","US$","74171747533.4368"
"United Republic of Tanzania: Mainland","2023","US$","78367749736.19246"
"United Republic of Tanzania: Mainland","2024","US$","79235713506.73964"
"United Republic of Tanzania: Zanzibar","2014","US$","1296673130.4410532"
"United Republic of Tanzania: Zanzibar","2015","US$","1183394018.1673715"
"United Republic of Tanzania: Zanzibar","2016","US$","1262696631.277883"
"United Republic of Tanzania: Zanzibar","2017","US$","1450833536.476846"
"United Republic of Tanzania: Zanzibar","2018","US$","1649010615.7175028"
"United Republic of Tanzania: Zanzibar","2019","US$","1807397933.1703694"
"United Republic of Tanzania: Zanzibar","2020","US$","1834625923.4937358"
"United Republic of Tanzania: Zanzibar","2021","US$","2080370102.9963892"
"United Republic of Tanzania: Zanzibar","2022","US$","2344863670.899641"
"United Republic of Tanzania: Zanzibar","2023","US$","2535120455.778682"
"United Republic of Tanzania: Zanzibar","2024","US$","2529966105.6420465"
"United States","2014","US$","17608138000000"
"United States","2015","US$","18295019000000"
"United States","2016","US$","18804913000000"
"United States","2017","US$","19612102000000"
"United States","2018","US$","20656516000000"
"United States","2019","US$","21540000000000"
"United States","2020","US$","21375300000000"
"United States","2021","US$","23725600000000"
"United States","2022","US$","26054600000000"
"United States","2023","US$","27811500000000"
"United States","2024","US$","29298000000000"
"Uruguay","2014","US$","60484771780.80984"
"Uruguay","2015","US$","57080759094.680565"
"Uruguay","2016","US$","57480793302.63306"
"Uruguay","2017","US$","65006047648.41472"
"Uruguay","2018","US$","65344574763.358444"
"Uruguay","2019","US$","62222324800.11913"
"Uruguay","2020","US$","53559350250.133224"
"Uruguay","2021","US$","60739063979.7771"
"Uruguay","2022","US$","70594087789.69064"
"Uruguay","2023","US$","77991632265.72981"
"Uruguay","2024","US$","80961507875.2499"
"Uzbekistan","2014","US$","80845385816.20619"
"Uzbekistan","2015","US$","86196264741.94232"
"Uzbekistan","2016","US$","86138288633.22409"
"Uzbekistan","2017","US$","69703222283.31163"
"Uzbekistan","2018","US$","58695899095.31501"
"Uzbekistan","2019","US$","67293639798.39958"
"Uzbekistan","2020","US$","66443265417.21627"
"Uzbekistan","2021","US$","77340060004.42703"
"Uzbekistan","2022","US$","90095926564.47623"
"Uzbekistan","2023","US$","102641879249.92905"
"Uzbekistan","2024","US$","114965293466.84818"
"Vanuatu","2014","US$","773717013.2033039"
"Vanuatu","2015","US$","759690183.2751008"
"Vanuatu","2016","US$","804323576.861028"
"Vanuatu","2017","US$","880043281.6787136"
"Vanuatu","2018","US$","914727908.1377933"
"Vanuatu","2019","US$","936526267.6225132"
"Vanuatu","2020","US$","909421043.508407"
"Vanuatu","2021","US$","982362211.9184121"
"Vanuatu","2022","US$","1030654211.2787734"
"Vanuatu","2023","US$","1090079252.211145"
"Vanuatu","2024","US$","1092148325.1944118"
"Venezuela (Bolivarian Republic of)","2014","US$","363089976783.3395"
"Venezuela (Bolivarian Republic of)","2015","US$","343661331097.5576"
"Venezuela (Bolivarian Republic of)","2016","US$","287807478588.68585"
"Venezuela (Bolivarian Republic of)","2017","US$","247051273388.19904"
"Venezuela (Bolivarian Republic of)","2018","US$","203126876717.1796"
"Venezuela (Bolivarian Republic of)","2019","US$","149255742860.7259"
"Venezuela (Bolivarian Republic of)","2020","US$","105888784842.15733"
"Venezuela (Bolivarian Republic of)","2021","US$","111774666884.56224"
"Venezuela (Bolivarian Republic of)","2022","US$","129303227352.58487"
"Venezuela (Bolivarian Republic of)","2023","US$","139458540437.90237"
"Venezuela (Bolivarian Republic of)","2024","US$","150493791292.9448"
"Viet Nam","2014","US$","233451469529.0798"
"Viet Nam","2015","US$","239258328374.83508"
"Viet Nam","2016","US$","257096001322.80014"
"Viet Nam","2017","US$","281353606165.8908"
"Viet Nam","2018","US$","310106478468.03674"
"Viet Nam","2019","US$","334365270373.5862"
"Viet Nam","2020","US$","346615738493.8063"
"Viet Nam","2021","US$","366474752802.87616"
"Viet Nam","2022","US$","413445230766.4914"
"Viet Nam","2023","US$","433857681212.2928"
"Viet Nam","2024","US$","476388230300.6045"
"Western Africa","2014","US$","884147563048.6783"
"Western Africa","2015","US$","803464613297.2654"
"Western Africa","2016","US$","721524588893.4384"
"Western Africa","2017","US$","722229129469.2468"
"Western Africa","2018","US$","831061951881.5713"
"Western Africa","2019","US$","935352618076.8728"
"Western Africa","2020","US$","876822885483.9471"
"Western Africa","2021","US$","924825964161.1416"
"Western Africa","2022","US$","959857854141.5459"
"Western Africa","2023","US$","834764745181.9272"
"Western Africa","2024","US$","623172981820.3712"
"Yemen","2014","US$","33224132578.454094"
"Yemen","2015","US$","24818907162.03036"
"Yemen","2016","US$","18728482383.452873"
"Yemen","2017","US$","18391649816.162582"
"Yemen","2018","US$","26671579498.613247"
"Yemen","2019","US$","12980213073.90184"
"Yemen","2020","US$","9265635138.93344"
"Yemen","2021","US$","6831937299.960576"
"Yemen","2022","US$","6424661813.655832"
"Yemen","2023","US$","5389248419.582253"
"Yemen","2024","US$","14303921174.112684"
"Zambia","2014","US$","27144608116.939774"
"Zambia","2015","US$","21245151326.472305"
"Zambia","2016","US$","20965129798.593258"
"Zambia","2017","US$","25873572864.722878"
"Zambia","2018","US$","26311494243.63355"
"Zambia","2019","US$","23308748818.696663"
"Zambia","2020","US$","18137765281.97822"
"Zambia","2021","US$","22096417390.81511"
"Zambia","2022","US$","29163781578.248768"
"Zambia","2023","US$","27577956651.486816"
"Zambia","2024","US$","25303185554.190247"
"Zimbabwe","2014","US$","19495519631"
"Zimbabwe","2015","US$","22299501312"
"Zimbabwe","2016","US$","25639959138"
"Zimbabwe","2017","US$","30720243329"
"Zimbabwe","2018","US$","36813836279"
"Zimbabwe","2019","US$","39294948852"
"Zimbabwe","2020","US$","33747219290"
"Zimbabwe","2021","US$","36001423579"
"Zimbabwe","2022","US$","38965789594"
"Zimbabwe","2023","US$","44476312403"
"Zimbabwe","2024","US$","45718793860"