Series Name,Series Code,Country Name,Country Code,2015 [YR2015],2016 [YR2016],2017 [YR2017],2018 [YR2018],2019 [YR2019],2020 [YR2020],2021 [YR2021],2022 [YR2022],2023 [YR2023],2024 [YR2024]
Access to electricity (% of population),EG.ELC.ACCS.ZS,Afghanistan,AFG,71.5,97.7,97.7,93.4,97.7,97.7,97.7,85.3,85.3,..
Access to electricity (% of population),EG.ELC.ACCS.ZS,Albania,ALB,100,99.9,99.9,100,100,100,100,100,100,..
Access to electricity (% of population),EG.ELC.ACCS.ZS,Algeria,DZA,99.4,99.4,99.5,99.6,99.5,99.7,99.8,100,100,..
Access to electricity (% of population),EG.ELC.ACCS.ZS,American Samoa,ASM,..,..,..,..,..,..,..,..,..,..
Access to electricity (% of population),EG.ELC.ACCS.ZS,Andorra,AND,100,100,100,100,100,100,100,100,100,..
Access to electricity (% of population),EG.ELC.ACCS.ZS,Angola,AGO,42,41.8,42.9,45.3,45.6,47,48.2,48.5,51.1,..
Access to electricity (% of population),EG.ELC.ACCS.ZS,Antigua and Barbuda,ATG,100,100,100,100,100,100,100,100,100,..
Access to electricity (% of population),EG.ELC.ACCS.ZS,Argentina,ARG,99.7,99.9,100,100,100,100,100,100,100,..
Access to electricity (% of population),EG.ELC.ACCS.ZS,Armenia,ARM,100,99.8,99.7,99.9,100,100,100,100,100,..
Access to electricity (% of population),EG.ELC.ACCS.ZS,Aruba,ABW,100,100,100,100,100,100,100,99.9,100,..
Access to electricity (% of population),EG.ELC.ACCS.ZS,Australia,AUS,100,100,100,100,100,100,100,100,100,..
Access to electricity (% of population),EG.ELC.ACCS.ZS,Austria,AUT,100,100,100,100,100,100,100,100,100,..
Access to electricity (% of population),EG.ELC.ACCS.ZS,Azerbaijan,AZE,100,100,100,100,100,100,100,100,100,..
Access to electricity (% of population),EG.ELC.ACCS.ZS,"Bahamas, The",BHS,100,100,100,100,100,100,100,100,100,..
Access to electricity (% of population),EG.ELC.ACCS.ZS,Bahrain,BHR,100,100,100,100,100,100,100,100,100,..
Access to electricity (% of population),EG.ELC.ACCS.ZS,Bangladesh,BGD,74,75.9,88,86.9,92.2,96.2,99,99.4,99.5,..
Access to electricity (% of population),EG.ELC.ACCS.ZS,Barbados,BRB,100,100,100,100,100,100,100,100,100,..
Access to electricity (% of population),EG.ELC.ACCS.ZS,Belarus,BLR,97.4,98,98.7,99.3,100,100,100,100,100,..
Access to electricity (% of population),EG.ELC.ACCS.ZS,Belgium,BEL,100,100,100,100,100,100,100,100,100,..
Access to electricity (% of population),EG.ELC.ACCS.ZS,Belize,BLZ,91.8,93.3,94.2,91.7,92.7,96.8,97.7,98.6,99.6,..
Access to electricity (% of population),EG.ELC.ACCS.ZS,Benin,BEN,29.6,37,34.5,39,40,41,42,56.5,57,..
Access to electricity (% of population),EG.ELC.ACCS.ZS,Bermuda,BMU,100,100,100,100,100,100,100,100,100,..
Access to electricity (% of population),EG.ELC.ACCS.ZS,Bhutan,BTN,95.4,99.3,97.7,100,100,100,100,100,100,..
Access to electricity (% of population),EG.ELC.ACCS.ZS,Bolivia,BOL,91.5,91.8,91.8,92.8,95.1,97.2,98.6,99.9,99.8,..
Access to electricity (% of population),EG.ELC.ACCS.ZS,Bosnia and Herzegovina,BIH,99.7,100,100,100,100,100,100,100,100,..
Access to electricity (% of population),EG.ELC.ACCS.ZS,Botswana,BWA,62.1,64.2,67.4,68.3,70.1,71.8,73.7,75.9,76,..
Access to electricity (% of population),EG.ELC.ACCS.ZS,Brazil,BRA,99.7,99.7,99.8,99.7,99.8,99.7,99.5,100,99.8,..
Access to electricity (% of population),EG.ELC.ACCS.ZS,British Virgin Islands,VGB,100,100,100,100,100,100,100,100,100,..
Access to electricity (% of population),EG.ELC.ACCS.ZS,Brunei Darussalam,BRN,100,100,100,100,100,100,100,100,100,..
Access to electricity (% of population),EG.ELC.ACCS.ZS,Bulgaria,BGR,96.6,97.3,98.1,98.7,99.2,99.7,99.8,100,100,..
Access to electricity (% of population),EG.ELC.ACCS.ZS,Burkina Faso,BFA,16.2,16.6,17,14.4,17.6,18.5,19,19.5,21.7,..
Access to electricity (% of population),EG.ELC.ACCS.ZS,Burundi,BDI,7.9,8.5,9.3,9.5,9.8,9.1,10.2,10.3,11.6,..
Access to electricity (% of population),EG.ELC.ACCS.ZS,Cabo Verde,CPV,86.4,87.5,88.6,90.2,91.4,93.7,95.5,97.1,98.6,..
Access to electricity (% of population),EG.ELC.ACCS.ZS,Cambodia,KHM,62.7,68.8,89.1,80.7,84,86.4,82.5,92.3,95,..
Access to electricity (% of population),EG.ELC.ACCS.ZS,Cameroon,CMR,58.6,59.8,60.9,62.2,63.2,64.3,65.4,71,72,..
Access to electricity (% of population),EG.ELC.ACCS.ZS,Canada,CAN,100,100,100,100,100,100,100,100,100,..
Access to electricity (% of population),EG.ELC.ACCS.ZS,Cayman Islands,CYM,100,100,100,100,100,100,100,100,100,..
Access to electricity (% of population),EG.ELC.ACCS.ZS,Central African Republic,CAF,12.7,13.4,14.1,14.6,14.3,15.4,15.7,15.7,17.6,..
Access to electricity (% of population),EG.ELC.ACCS.ZS,Chad,TCD,7.7,9.2,10.9,10.1,8.4,10.9,11.3,11.7,12,..
Access to electricity (% of population),EG.ELC.ACCS.ZS,Channel Islands,CHI,100,100,100,100,100,100,100,100,100,..
Access to electricity (% of population),EG.ELC.ACCS.ZS,Chile,CHL,99.7,100,99.7,100,100,100,100,100,100,..
Access to electricity (% of population),EG.ELC.ACCS.ZS,China,CHN,100,100,100,100,100,100,100,100,100,..
Access to electricity (% of population),EG.ELC.ACCS.ZS,Colombia,COL,98.2,98.4,98.5,98.5,99.4,99.7,100,100,98.7,..
Access to electricity (% of population),EG.ELC.ACCS.ZS,Comoros,COM,74.1,76.4,78.7,81,83.3,85.6,87.9,89.9,89.8,..
Access to electricity (% of population),EG.ELC.ACCS.ZS,"Congo, Dem. Rep.",COD,16.6,17.3,18,18.7,19.1,20.1,20.8,21.5,22.1,..
Access to electricity (% of population),EG.ELC.ACCS.ZS,"Congo, Rep.",COG,44.3,45.3,46.2,47,47.7,48.7,49.7,50.6,51.3,..
Access to electricity (% of population),EG.ELC.ACCS.ZS,Costa Rica,CRI,99.4,99.5,99.6,99.7,99.7,99.9,100,100,100,..
Access to electricity (% of population),EG.ELC.ACCS.ZS,Cote d'Ivoire,CIV,62.6,64.3,65.6,67.1,68.6,69.9,71.1,72,72.4,..
Access to electricity (% of population),EG.ELC.ACCS.ZS,Croatia,HRV,100,100,100,100,100,100,100,100,100,..
Access to electricity (% of population),EG.ELC.ACCS.ZS,Cuba,CUB,99,99.2,99.4,99.6,99.8,99.9,100,100,100,..
Access to electricity (% of population),EG.ELC.ACCS.ZS,Curacao,CUW,100,100,100,100,100,100,100,100,100,..
Access to electricity (% of population),EG.ELC.ACCS.ZS,Cyprus,CYP,100,100,100,100,100,100,100,100,100,..
Access to electricity (% of population),EG.ELC.ACCS.ZS,Czechia,CZE,100,100,100,100,100,100,100,100,100,..
Access to electricity (% of population),EG.ELC.ACCS.ZS,Denmark,DNK,100,100,100,100,100,100,100,100,100,..
Access to electricity (% of population),EG.ELC.ACCS.ZS,Djibouti,DJI,59.1,59.8,60.2,62.4,64.7,64.5,65.4,65,65.2,..
Access to electricity (% of population),EG.ELC.ACCS.ZS,Dominica,DMA,96.7,97.8,98.9,99.6,99.9,100,100,100,100,..
Access to electricity (% of population),EG.ELC.ACCS.ZS,Dominican Republic,DOM,98.6,98.9,100,98.9,99,100,98.1,98.1,99.6,..
Access to electricity (% of population),EG.ELC.ACCS.ZS,Ecuador,ECU,98.8,98.7,99.2,98.7,99.1,98.9,100,100,98.7,..
Access to electricity (% of population),EG.ELC.ACCS.ZS,"Egypt, Arab Rep.",EGY,99.3,100,100,100,100,100,100,100,100,..
Access to electricity (% of population),EG.ELC.ACCS.ZS,El Salvador,SLV,95.4,96,96.8,97,97.4,99.7,97.9,100,98.3,..
Access to electricity (% of population),EG.ELC.ACCS.ZS,Equatorial Guinea,GNQ,66.1,66.2,66.4,66.5,66.6,66.7,66.8,67,66.9,..
Access to electricity (% of population),EG.ELC.ACCS.ZS,Eritrea,ERI,45.8,46.9,48,49.1,50.3,51.4,52.5,53.4,54.4,..
Access to electricity (% of population),EG.ELC.ACCS.ZS,Estonia,EST,100,100,100,100,100,100,100,100,100,..
Access to electricity (% of population),EG.ELC.ACCS.ZS,Eswatini,SWZ,64.1,63.4,73.5,74,77,80,82.9,82.3,86.4,..
Access to electricity (% of population),EG.ELC.ACCS.ZS,Ethiopia,ETH,29,42.9,44.3,44.8,48,51.1,54.2,55.4,55.4,..
Access to electricity (% of population),EG.ELC.ACCS.ZS,Faroe Islands,FRO,100,100,100,100,100,100,100,100,100,..
Access to electricity (% of population),EG.ELC.ACCS.ZS,Fiji,FJI,93.2,93.4,96,95.1,96.1,97.1,92.1,92,99.3,..
Access to electricity (% of population),EG.ELC.ACCS.ZS,Finland,FIN,100,100,100,100,100,100,100,100,100,..
Access to electricity (% of population),EG.ELC.ACCS.ZS,France,FRA,100,100,100,100,100,100,100,100,100,..
Access to electricity (% of population),EG.ELC.ACCS.ZS,French Polynesia,PYF,100,100,100,100,100,100,100,100,100,..
Access to electricity (% of population),EG.ELC.ACCS.ZS,Gabon,GAB,87.3,88.1,86.3,89.6,90.3,91.1,91.8,93.5,94.1,..
Access to electricity (% of population),EG.ELC.ACCS.ZS,"Gambia, The",GMB,54.7,56.4,56.2,60.3,62.1,62.2,63.7,65.4,66.9,..
Access to electricity (% of population),EG.ELC.ACCS.ZS,Georgia,GEO,100,100,100,99.9,100,100,100,100,100,..
Access to electricity (% of population),EG.ELC.ACCS.ZS,Germany,DEU,100,100,100,100,100,100,100,100,100,..
Access to electricity (% of population),EG.ELC.ACCS.ZS,Ghana,GHA,74,79.3,79,80.4,83.5,85.4,86.3,85.1,89.5,..
Access to electricity (% of population),EG.ELC.ACCS.ZS,Gibraltar,GIB,100,100,100,100,100,100,100,100,100,..
Access to electricity (% of population),EG.ELC.ACCS.ZS,Greece,GRC,100,100,100,100,100,100,100,100,100,..
Access to electricity (% of population),EG.ELC.ACCS.ZS,Greenland,GRL,100,100,100,100,100,100,100,100,100,..
Access to electricity (% of population),EG.ELC.ACCS.ZS,Grenada,GRD,91.4,91.8,92.2,92.3,93,93.4,93.7,94.2,94.4,..
Access to electricity (% of population),EG.ELC.ACCS.ZS,Guam,GUM,100,100,100,100,100,100,100,100,100,..
Access to electricity (% of population),EG.ELC.ACCS.ZS,Guatemala,GTM,90.5,91.8,93.3,94.2,95.4,96.6,97.9,99.1,100,..
Access to electricity (% of population),EG.ELC.ACCS.ZS,Guinea,GIN,34.9,33.5,35.4,45,42.2,44.7,46.8,47.7,51.1,..
Access to electricity (% of population),EG.ELC.ACCS.ZS,Guinea-Bissau,GNB,20.1,22.9,26,28.4,30.9,33.4,35.8,37.4,40.5,..
Access to electricity (% of population),EG.ELC.ACCS.ZS,Guyana,GUY,88,89,90,90.9,91.6,92.3,92.9,93,98.9,..
Access to electricity (% of population),EG.ELC.ACCS.ZS,Haiti,HTI,40.8,40.4,43.3,44.4,45.4,46.3,47.2,49.3,51.3,..
Access to electricity (% of population),EG.ELC.ACCS.ZS,Honduras,HND,90,91.6,86.5,91.6,91.1,93.1,94.1,94.4,95.6,..
Access to electricity (% of population),EG.ELC.ACCS.ZS,"Hong Kong SAR, China",HKG,100,100,100,100,100,100,100,100,100,..
Access to electricity (% of population),EG.ELC.ACCS.ZS,Hungary,HUN,100,100,100,100,100,100,100,100,100,..
Access to electricity (% of population),EG.ELC.ACCS.ZS,Iceland,ISL,100,100,100,100,100,100,100,100,100,..
Access to electricity (% of population),EG.ELC.ACCS.ZS,India,IND,88,89.6,91.8,95.7,95.9,96.5,99.6,99.2,99.5,..
Access to electricity (% of population),EG.ELC.ACCS.ZS,Indonesia,IDN,97.5,97.6,98.1,98.5,98.9,97,99.2,100,99.4,..
Access to electricity (% of population),EG.ELC.ACCS.ZS,"Iran, Islamic Rep.",IRN,100,100,99.9,100,100,100,100,100,100,..
Access to electricity (% of population),EG.ELC.ACCS.ZS,Iraq,IRQ,99.4,99.7,99.9,99.9,100,100,100,100,100,..
Access to electricity (% of population),EG.ELC.ACCS.ZS,Ireland,IRL,100,100,100,100,100,100,100,100,100,..
Access to electricity (% of population),EG.ELC.ACCS.ZS,Isle of Man,IMN,100,100,100,100,100,100,100,100,100,..
Access to electricity (% of population),EG.ELC.ACCS.ZS,Israel,ISR,100,100,100,100,100,100,100,100,100,..
Access to electricity (% of population),EG.ELC.ACCS.ZS,Italy,ITA,100,100,100,100,100,100,100,100,100,..
Access to electricity (% of population),EG.ELC.ACCS.ZS,Jamaica,JAM,94.9,96.6,97.4,98.2,98.9,99.7,100,100,97.7,..
Access to electricity (% of population),EG.ELC.ACCS.ZS,Japan,JPN,100,100,100,100,100,100,100,100,100,..
Access to electricity (% of population),EG.ELC.ACCS.ZS,Jordan,JOR,99.9,100,100,99.9,99.9,99.9,99.9,100,100,..
Access to electricity (% of population),EG.ELC.ACCS.ZS,Kazakhstan,KAZ,100,100,100,100,100,100,100,100,100,..
Access to electricity (% of population),EG.ELC.ACCS.ZS,Kenya,KEN,41.6,53.1,55.8,61.2,69.7,71.5,76.5,76,76.2,..
Access to electricity (% of population),EG.ELC.ACCS.ZS,Kiribati,KIR,90.6,92.6,85.7,87.5,89.3,91,92.8,94.4,95.9,..
Access to electricity (% of population),EG.ELC.ACCS.ZS,"Korea, Dem. People's Rep.",PRK,40,42.1,44.2,46.3,48.4,50.5,52.6,54.7,57.5,..
Access to electricity (% of population),EG.ELC.ACCS.ZS,"Korea, Rep.",KOR,100,100,100,100,100,100,100,100,100,..
Access to electricity (% of population),EG.ELC.ACCS.ZS,Kosovo,XKX,..,..,..,..,..,..,..,..,..,..
Access to electricity (% of population),EG.ELC.ACCS.ZS,Kuwait,KWT,100,100,100,100,100,100,100,100,100,..
Access to electricity (% of population),EG.ELC.ACCS.ZS,Kyrgyz Republic,KGZ,98.7,99.7,100,100,99.9,99.9,99.7,99.7,100,..
Access to electricity (% of population),EG.ELC.ACCS.ZS,Lao PDR,LAO,89.7,89,93.6,92.9,98.4,99.3,100,100,96.5,..
Access to electricity (% of population),EG.ELC.ACCS.ZS,Latvia,LVA,100,100,100,100,100,100,100,100,100,..
Access to electricity (% of population),EG.ELC.ACCS.ZS,Lebanon,LBN,99.7,99.8,99.9,99.7,100,100,100,100,100,..
Access to electricity (% of population),EG.ELC.ACCS.ZS,Lesotho,LSO,31.8,35.1,33.7,47,44.6,47.5,50.4,50,57.3,..
Access to electricity (% of population),EG.ELC.ACCS.ZS,Liberia,LBR,15.2,17.7,24.2,22.8,23.1,27.6,29.8,31.8,32.5,..
Access to electricity (% of population),EG.ELC.ACCS.ZS,Libya,LBY,73.8,72.2,70.6,67,68.5,69.4,70.2,70,73.2,..
Access to electricity (% of population),EG.ELC.ACCS.ZS,Liechtenstein,LIE,100,100,100,100,100,100,100,100,100,..
Access to electricity (% of population),EG.ELC.ACCS.ZS,Lithuania,LTU,100,100,100,100,100,100,100,100,100,..
Access to electricity (% of population),EG.ELC.ACCS.ZS,Luxembourg,LUX,100,100,100,100,100,100,100,100,100,..
Access to electricity (% of population),EG.ELC.ACCS.ZS,"Macao SAR, China",MAC,100,100,100,100,100,100,100,100,100,..
Access to electricity (% of population),EG.ELC.ACCS.ZS,Madagascar,MDG,23.8,22.9,24.1,36.5,31,32,35.1,36.1,39.4,..
Access to electricity (% of population),EG.ELC.ACCS.ZS,Malawi,MWI,10.8,11,12.7,18,11.2,11.5,14.2,14,15.6,..
Access to electricity (% of population),EG.ELC.ACCS.ZS,Malaysia,MYS,99.9,99.9,100,100,100,100,100,100,100,..
Access to electricity (% of population),EG.ELC.ACCS.ZS,Maldives,MDV,99.8,100,99.8,100,100,100,100,100,100,..
Access to electricity (% of population),EG.ELC.ACCS.ZS,Mali,MLI,37.6,38.8,34.8,50.9,47.9,50.6,53.4,53,54.5,..
Access to electricity (% of population),EG.ELC.ACCS.ZS,Malta,MLT,100,100,100,100,100,100,100,100,100,..
Access to electricity (% of population),EG.ELC.ACCS.ZS,Marshall Islands,MHL,92.1,92.7,93.8,95.3,96.8,98.3,99.8,100,100,..
Access to electricity (% of population),EG.ELC.ACCS.ZS,Mauritania,MRT,39.5,41.2,42.9,43.6,44.9,45.4,47.7,49,50.3,..
Access to electricity (% of population),EG.ELC.ACCS.ZS,Mauritius,MUS,99.6,99.7,99.6,99.8,100,99.5,99.6,100,100,..
Access to electricity (% of population),EG.ELC.ACCS.ZS,Mexico,MEX,99,99.5,100,99.5,99.6,99.4,100,100,99.7,..
Access to electricity (% of population),EG.ELC.ACCS.ZS,"Micronesia, Fed. Sts.",FSM,73,74.8,76.5,78.3,80.1,81.9,83.6,85.3,86.9,..
Access to electricity (% of population),EG.ELC.ACCS.ZS,Moldova,MDA,99.9,99.9,100,100,100,100,100,100,100,..
Access to electricity (% of population),EG.ELC.ACCS.ZS,Monaco,MCO,100,100,100,100,100,100,100,100,100,..
Access to electricity (% of population),EG.ELC.ACCS.ZS,Mongolia,MNG,88,90.8,93.6,98.1,98.9,99.5,100,100,100,..
Access to electricity (% of population),EG.ELC.ACCS.ZS,Montenegro,MNE,99.5,99.6,100,100,100,99.9,99.8,100,100,..
Access to electricity (% of population),EG.ELC.ACCS.ZS,Morocco,MAR,97.3,97.8,100,98.1,99.6,100,100,100,100,..
Access to electricity (% of population),EG.ELC.ACCS.ZS,Mozambique,MOZ,24,26.2,24.3,31.1,29.7,30.6,31.5,33.2,36,..
Access to electricity (% of population),EG.ELC.ACCS.ZS,Myanmar,MMR,60.5,55.6,69.8,66.1,68.3,70.4,72.5,73.6,76.8,..
Access to electricity (% of population),EG.ELC.ACCS.ZS,Namibia,NAM,51.6,49.7,52.5,52.3,53.3,52.3,55.2,56.2,56.7,..
Access to electricity (% of population),EG.ELC.ACCS.ZS,Nauru,NRU,99,99.7,99.8,99.9,100,100,100,100,100,..
Access to electricity (% of population),EG.ELC.ACCS.ZS,Nepal,NPL,82,90.7,86.6,93.9,89.9,89.9,89.9,91.3,94,..
Access to electricity (% of population),EG.ELC.ACCS.ZS,Netherlands,NLD,100,100,100,100,100,100,100,100,100,..
Access to electricity (% of population),EG.ELC.ACCS.ZS,New Caledonia,NCL,100,100,100,100,100,100,100,100,100,..
Access to electricity (% of population),EG.ELC.ACCS.ZS,New Zealand,NZL,100,100,100,100,100,100,100,100,100,..
Access to electricity (% of population),EG.ELC.ACCS.ZS,Nicaragua,NIC,83.2,83.9,84.6,85.2,85.7,86,86.3,86.5,88.3,..
Access to electricity (% of population),EG.ELC.ACCS.ZS,Niger,NER,16.6,17,17.6,17.6,18.5,18.7,18.6,19.5,20.1,..
Access to electricity (% of population),EG.ELC.ACCS.ZS,Nigeria,NGA,52.5,59.3,54.4,56.5,55.4,55.4,59.5,60.5,61.2,..
Access to electricity (% of population),EG.ELC.ACCS.ZS,North Macedonia,MKD,99.9,100,100,99.8,100,100,100,100,100,..
Access to electricity (% of population),EG.ELC.ACCS.ZS,Northern Mariana Islands,MNP,100,100,100,100,100,100,100,100,100,..
Access to electricity (% of population),EG.ELC.ACCS.ZS,Norway,NOR,100,100,100,100,100,100,100,100,100,..
Access to electricity (% of population),EG.ELC.ACCS.ZS,Oman,OMN,100,100,100,100,100,100,100,100,100,..
Access to electricity (% of population),EG.ELC.ACCS.ZS,Pakistan,PAK,91,91.8,92.7,93.4,93.9,94.5,94.9,95,95.6,..
Access to electricity (% of population),EG.ELC.ACCS.ZS,Palau,PLW,99.5,100,100,100,100,100,100,100,100,..
Access to electricity (% of population),EG.ELC.ACCS.ZS,Panama,PAN,91.6,92.4,93.7,93.8,93.9,95.3,95.3,95,97,..
Access to electricity (% of population),EG.ELC.ACCS.ZS,Papua New Guinea,PNG,18.4,13.5,19.2,16.6,23.6,20.5,20.9,19,20.5,..
Access to electricity (% of population),EG.ELC.ACCS.ZS,Paraguay,PRY,99.3,98.4,99.3,99.6,99.7,99.7,100,100,99.8,..
Access to electricity (% of population),EG.ELC.ACCS.ZS,Peru,PER,93.9,94.2,94.8,95.2,95.6,96.2,95.6,96.2,96.2,..
Access to electricity (% of population),EG.ELC.ACCS.ZS,Philippines,PHL,89.1,92,93,94.2,95.3,96.4,97.5,94.8,98,..
Access to electricity (% of population),EG.ELC.ACCS.ZS,Poland,POL,100,100,100,100,100,100,100,100,100,..
Access to electricity (% of population),EG.ELC.ACCS.ZS,Portugal,PRT,100,100,100,100,100,100,100,100,100,..
Access to electricity (% of population),EG.ELC.ACCS.ZS,Puerto Rico (US),PRI,100,100,100,100,100,100,100,100,100,..
Access to electricity (% of population),EG.ELC.ACCS.ZS,Qatar,QAT,100,100,100,100,100,100,100,100,100,..
Access to electricity (% of population),EG.ELC.ACCS.ZS,Romania,ROU,98.8,99.1,100,99.8,100,100,100,100,100,..
Access to electricity (% of population),EG.ELC.ACCS.ZS,Russian Federation,RUS,95.5,99.4,100,100,99.8,99.9,100,100,100,..
Access to electricity (% of population),EG.ELC.ACCS.ZS,Rwanda,RWA,22.8,29.4,34.1,38,46.6,45.2,48.7,50.6,63.9,..
Access to electricity (% of population),EG.ELC.ACCS.ZS,Samoa,WSM,98.2,98.9,96.8,99.8,99.2,100,98.3,98.3,100,..
Access to electricity (% of population),EG.ELC.ACCS.ZS,San Marino,SMR,100,100,100,100,100,100,100,100,100,..
Access to electricity (% of population),EG.ELC.ACCS.ZS,Sao Tome and Principe,STP,67.3,69.4,74.3,71,75.1,76.8,78.5,78,81.3,..
Access to electricity (% of population),EG.ELC.ACCS.ZS,Saudi Arabia,SAU,100,99.9,100,99.9,100,100,100,100,100,..
Access to electricity (% of population),EG.ELC.ACCS.ZS,Senegal,SEN,60.5,64.5,61.7,66,70.4,64.3,68,67.9,74.2,..
Access to electricity (% of population),EG.ELC.ACCS.ZS,Serbia,SRB,99.9,99.9,100,100,99.8,100,100,100,100,..
Access to electricity (% of population),EG.ELC.ACCS.ZS,Seychelles,SYC,100,100,100,100,100,100,100,100,100,..
Access to electricity (% of population),EG.ELC.ACCS.ZS,Sierra Leone,SLE,19.7,20.3,23.4,26.1,22.7,26.3,27.5,29.4,35.5,..
Access to electricity (% of population),EG.ELC.ACCS.ZS,Singapore,SGP,100,100,100,100,100,100,100,100,100,..
Access to electricity (% of population),EG.ELC.ACCS.ZS,Sint Maarten (Dutch part),SXM,100,100,100,100,100,100,100,100,100,..
Access to electricity (% of population),EG.ELC.ACCS.ZS,Slovak Republic,SVK,100,100,100,100,100,100,100,100,100,..
Access to electricity (% of population),EG.ELC.ACCS.ZS,Slovenia,SVN,100,100,100,100,100,100,100,100,100,..
Access to electricity (% of population),EG.ELC.ACCS.ZS,Solomon Islands,SLB,55.1,58.2,62.9,65.8,69.4,72.9,76.3,76,81.3,..
Access to electricity (% of population),EG.ELC.ACCS.ZS,"Somalia, Fed. Rep.",SOM,51.2,51.1,52.1,50.7,49.2,49.9,49.3,48.9,50.3,..
Access to electricity (% of population),EG.ELC.ACCS.ZS,South Africa,ZAF,85.3,83.9,84.4,84.7,85,90,89.3,86.5,87.7,..
Access to electricity (% of population),EG.ELC.ACCS.ZS,South Sudan,SSD,4.8,5.3,4.2,6.3,6.8,7.3,7.7,8.4,5.4,..
Access to electricity (% of population),EG.ELC.ACCS.ZS,Spain,ESP,100,100,100,100,100,100,100,100,100,..
Access to electricity (% of population),EG.ELC.ACCS.ZS,Sri Lanka,LKA,94.3,97.5,97.5,99.6,99.8,100,100,100,100,..
Access to electricity (% of population),EG.ELC.ACCS.ZS,St. Kitts and Nevis,KNA,100,100,100,100,100,100,100,100,100,..
Access to electricity (% of population),EG.ELC.ACCS.ZS,St. Lucia,LCA,99,99.8,99.9,100,100,100,100,100,100,..
Access to electricity (% of population),EG.ELC.ACCS.ZS,St. Martin (French part),MAF,100,100,100,100,100,100,100,100,100,..
Access to electricity (% of population),EG.ELC.ACCS.ZS,St. Vincent and the Grenadines,VCT,99.4,99.7,100,100,100,100,100,100,100,..
Access to electricity (% of population),EG.ELC.ACCS.ZS,Sudan,SDN,48,50.5,53,55.3,57.6,59.7,61.8,63.2,66,..
Access to electricity (% of population),EG.ELC.ACCS.ZS,Suriname,SUR,95,95.8,96.6,97.4,97.9,98.4,98.8,99,99.6,..
Access to electricity (% of population),EG.ELC.ACCS.ZS,Sweden,SWE,100,100,100,100,100,100,100,100,100,..
Access to electricity (% of population),EG.ELC.ACCS.ZS,Switzerland,CHE,100,100,100,100,100,100,100,100,100,..
Access to electricity (% of population),EG.ELC.ACCS.ZS,Syrian Arab Republic,SYR,90,89.8,89.6,86,89.2,89,88.8,89,88.4,..
Access to electricity (% of population),EG.ELC.ACCS.ZS,Tajikistan,TJK,98,99.3,99.3,99.3,99.4,99.5,99.6,100,100,..
Access to electricity (% of population),EG.ELC.ACCS.ZS,Tanzania,TZA,26.2,32.8,32.1,34.9,37.7,39.9,42.7,45.8,48.3,..
Access to electricity (% of population),EG.ELC.ACCS.ZS,Thailand,THA,99.6,99.9,99.9,99.8,99.9,100,100,99.9,100,..
Access to electricity (% of population),EG.ELC.ACCS.ZS,Timor-Leste,TLS,67.3,76.5,79.5,85.2,90.6,96,100,99.7,100,..
Access to electricity (% of population),EG.ELC.ACCS.ZS,Togo,TGO,44.7,46.8,48,50,52.5,54.1,55.7,57.2,59.2,..
Access to electricity (% of population),EG.ELC.ACCS.ZS,Tonga,TON,100,97,98.2,99,98.4,99.9,100,100,100,..
Access to electricity (% of population),EG.ELC.ACCS.ZS,Trinidad and Tobago,TTO,100,100,100,100,100,100,100,100,98.7,..
Access to electricity (% of population),EG.ELC.ACCS.ZS,Tunisia,TUN,99.9,100,100,99.8,100,99.9,99.9,100,100,..
Access to electricity (% of population),EG.ELC.ACCS.ZS,Turkiye,TUR,100,100,100,100,100,100,100,100,100,..
Access to electricity (% of population),EG.ELC.ACCS.ZS,Turkmenistan,TKM,100,100,100,100,99.9,100,100,100,100,..
Access to electricity (% of population),EG.ELC.ACCS.ZS,Turks and Caicos Islands,TCA,100,100,100,100,100,99.4,100,99.9,100,..
Access to electricity (% of population),EG.ELC.ACCS.ZS,Tuvalu,TUV,98.1,97.3,98.7,99,99.7,99.4,99.7,100,100,..
Access to electricity (% of population),EG.ELC.ACCS.ZS,Uganda,UGA,18.5,26.7,32.4,41.9,41.3,42.1,45.2,47.1,51.5,..
Access to electricity (% of population),EG.ELC.ACCS.ZS,Ukraine,UKR,100,100,100,100,100,100,100,100,100,..
Access to electricity (% of population),EG.ELC.ACCS.ZS,United Arab Emirates,ARE,100,100,100,100,100,100,100,100,100,..
Access to electricity (% of population),EG.ELC.ACCS.ZS,United Kingdom,GBR,100,100,100,100,100,100,100,100,100,..
Access to electricity (% of population),EG.ELC.ACCS.ZS,United States,USA,100,100,100,100,100,100,100,100,100,..
Access to electricity (% of population),EG.ELC.ACCS.ZS,Uruguay,URY,99.7,99.7,99.8,99.8,99.9,100,100,100,100,..
Access to electricity (% of population),EG.ELC.ACCS.ZS,Uzbekistan,UZB,99.9,99.9,100,100,100,100,99.9,100,100,..
Access to electricity (% of population),EG.ELC.ACCS.ZS,Vanuatu,VUT,52.3,57.8,62.8,61.6,64.5,67.3,70,71.6,61.6,..
Access to electricity (% of population),EG.ELC.ACCS.ZS,"Venezuela, RB",VEN,100,99.4,99.2,99.9,99.8,99.9,100,100,100,..
Access to electricity (% of population),EG.ELC.ACCS.ZS,Viet Nam,VNM,99.3,99.2,100,100,99.4,99.8,100,100,99.8,..
Access to electricity (% of population),EG.ELC.ACCS.ZS,Virgin Islands (U.S.),VIR,100,100,100,100,100,100,100,100,100,..
Access to electricity (% of population),EG.ELC.ACCS.ZS,West Bank and Gaza,PSE,99.9,100,99.9,100,100,100,100,100,100,..
Access to electricity (% of population),EG.ELC.ACCS.ZS,"Yemen, Rep.",YEM,67.4,68.9,79.2,62,72.8,73.9,74.9,76,83.6,..
Access to electricity (% of population),EG.ELC.ACCS.ZS,Zambia,ZMB,31.1,35.4,40.3,40.2,43,44.6,46.7,47.8,51.1,..
Access to electricity (% of population),EG.ELC.ACCS.ZS,Zimbabwe,ZWE,33.7,42.5,44,45.4,46.7,52.7,49,50.1,62,..
Access to electricity (% of population),EG.ELC.ACCS.ZS,Africa Eastern and Southern,AFE,33.9222756622758,38.8595976583714,40.2237441730368,43.0350733507835,44.390860533364,46.2823709455637,48.1272110400485,48.8012579607658,50.6675157944854,..
Access to electricity (% of population),EG.ELC.ACCS.ZS,Africa Western and Central,AFW,46.8624182524845,51.0451271925992,48.9007280475057,51.3358293517534,51.2915769115352,51.8560428463068,54.368598708444,55.6866829669796,57.0692665803595,..
Access to electricity (% of population),EG.ELC.ACCS.ZS,Arab World,ARB,88.6616431398725,89.1861710572826,90.3510669396465,88.6898406472267,89.9289963083413,90.2417769685806,90.4340947732985,90.6545179070033,91.6454299444509,..
Access to electricity (% of population),EG.ELC.ACCS.ZS,Caribbean small states,CSS,96.2001948453372,96.6656867832991,97.0542900594117,97.0878277080481,97.3685903913769,97.9333626877032,98.174699090255,98.3064221501297,99.168477538461,..
Access to electricity (% of population),EG.ELC.ACCS.ZS,Central Europe and the Baltics,CEB,99.5384709863299,99.6459138297945,99.8736866830469,99.8763758983526,99.9480349626799,99.98058396497,99.9870121182289,100,100,..
Access to electricity (% of population),EG.ELC.ACCS.ZS,Early-demographic dividend,EAR,86.8271544642577,88.3494481253503,90.5086728796454,91.9927109222766,92.7976553013368,93.4557810564296,95.2423338887017,95.1575744950744,95.7044381043822,..
Access to electricity (% of population),EG.ELC.ACCS.ZS,East Asia & Pacific,EAS,96.9500599621312,97.0343965831866,97.6915359289014,97.66096406877,97.8752477120245,97.7976042617313,98.1534049450822,98.2139059282726,98.4044624957692,..
Access to electricity (% of population),EG.ELC.ACCS.ZS,East Asia & Pacific (excluding high income),EAP,96.6218250728069,96.7165341917277,97.4453072983769,97.4123829747175,97.650096061791,97.5651849682476,97.9599209910295,98.0273720891056,98.2376383007189,..
Access to electricity (% of population),EG.ELC.ACCS.ZS,East Asia & Pacific (IDA & IBRD countries),TEA,97.3350470103173,97.4026392373466,98.1121893727336,98.0512297506321,98.2647901194399,98.1521712499121,98.5259377999818,98.5687468444318,98.7474424069608,..
Access to electricity (% of population),EG.ELC.ACCS.ZS,Euro area,EMU,100,100,100,100,100,100,100,100,100,..
Access to electricity (% of population),EG.ELC.ACCS.ZS,Europe & Central Asia,ECS,99.1677802593579,99.8289902167753,99.9641487037409,99.9707833919463,99.9534523781205,99.9760274293182,99.9881931172392,99.9977315530878,100,..
Access to electricity (% of population),EG.ELC.ACCS.ZS,Europe & Central Asia (excluding high income),ECA,99.7676589877916,99.8659600305289,99.9182925529991,99.9420709286304,99.9657744725899,99.9774302018769,99.9616464835516,99.9915875475848,100,..
Access to electricity (% of population),EG.ELC.ACCS.ZS,Europe & Central Asia (IDA & IBRD countries),TEC,98.3318925466179,99.6574040765117,99.9282316965341,99.941528994937,99.906919460474,99.9520668153849,99.9763873001269,99.9954427619778,100,..
Access to electricity (% of population),EG.ELC.ACCS.ZS,European Union,EUU,99.8929116032593,99.9182637194093,99.9709724278479,99.9717275681447,99.9881556120147,99.9956022901904,99.9970834145942,100,100,..
Access to electricity (% of population),EG.ELC.ACCS.ZS,Fragile and conflict affected situations,FCS,50.0432237711859,54.1757718946072,54.5377495544254,54.5154686576955,55.4514164250793,56.3010490504136,57.8332255929662,57.9458706435872,58.950109305747,..
Access to electricity (% of population),EG.ELC.ACCS.ZS,Heavily indebted poor countries (HIPC),HPC,35.4532334232963,40.5879143859095,41.4761400082642,43.9780559155511,45.0224569328403,46.3405988685198,48.0199412207435,48.7171277289384,50.5311127498598,..
Access to electricity (% of population),EG.ELC.ACCS.ZS,High income,HIC,99.4412560088473,99.8749399241358,99.9597217667473,99.9626510693694,99.949609679301,99.9683059772886,99.9798909354785,99.9797997493664,99.9884002141209,..
Access to electricity (% of population),EG.ELC.ACCS.ZS,IBRD only,IBD,95.1768053412642,95.836371597902,96.6040591336246,97.7498443251445,97.87719934712,98.0570730806839,99.1094167920247,98.9686574577803,99.0885820346684,..
Access to electricity (% of population),EG.ELC.ACCS.ZS,IDA & IBRD total,IBT,84.8020928694012,86.1979701404555,87.1780648108782,88.2029739724979,88.5717841906219,88.9116377393905,90.0199738356034,89.9613796377975,90.3146248872835,..
Access to electricity (% of population),EG.ELC.ACCS.ZS,IDA blend,IDB,68.7868324940631,72.5460349141719,71.6466137332559,73.151878223369,73.9089088089712,74.4924621989682,76.4698873250238,77.0721324965067,77.9201343756954,..
Access to electricity (% of population),EG.ELC.ACCS.ZS,IDA only,IDX,46.705998397654,50.6602264813623,54.1427240952534,54.9412739063695,56.734623782158,58.2365188467346,59.7411600659608,60.2901358794059,61.9201921189084,..
Access to electricity (% of population),EG.ELC.ACCS.ZS,IDA total,IDA,54.5223994493809,58.3948761048664,60.3179355432413,61.3544488370868,62.769644320149,63.9370743593769,65.598211852635,66.1569043335558,67.5014937828868,..
Access to electricity (% of population),EG.ELC.ACCS.ZS,Late-demographic dividend,LTE,98.7802217306047,99.1163496922603,99.2721123074965,99.2806763593238,99.3289771232339,99.3868589990754,99.4116181588713,99.4771148303382,99.457096381276,..
Access to electricity (% of population),EG.ELC.ACCS.ZS,Latin America & Caribbean,LCN,97.2847276074314,97.4783821342287,97.7105992174177,97.756715207991,97.9982113870485,98.1499942926253,98.2756305609279,98.5788786006825,98.4226177260083,..
Access to electricity (% of population),EG.ELC.ACCS.ZS,Latin America & Caribbean (excluding high income),LAC,97.0444842543207,97.2783725152738,97.5494520001496,97.5550235798694,97.83219501534,97.9857774825804,98.1210875680183,98.4626020716217,98.2687443423624,..
Access to electricity (% of population),EG.ELC.ACCS.ZS,Latin America & the Caribbean (IDA & IBRD countries),TLA,97.2323920529293,97.4280893456675,97.6633402843345,97.7078847938323,97.9522021469941,98.106453253093,98.2338083621938,98.5448799242171,98.3852491204833,..
Access to electricity (% of population),EG.ELC.ACCS.ZS,Least developed countries: UN classification,LDC,42.3127281274977,46.3458332429442,50.2044940868735,51.0874202600401,52.8787122662405,54.4736840146264,56.1055373553461,56.7383129284796,58.4341452966049,..
Access to electricity (% of population),EG.ELC.ACCS.ZS,Low & middle income,LMY,85.0403535635607,86.205662408907,87.2277670796171,88.3266471423387,88.6903151850414,89.015749732089,90.1519963114906,90.0927677222263,90.491567372195,..
Access to electricity (% of population),EG.ELC.ACCS.ZS,Low income,LIC,33.0702183882953,36.4336124161591,38.1792563861523,39.6838027900568,40.7021444975815,41.7368456716846,43.015465793649,43.0060882829376,45.2721918756793,..
Access to electricity (% of population),EG.ELC.ACCS.ZS,Lower middle income,LMC,80.658695354603,82.7167145232316,84.659238704957,86.9121805698534,87.6135221862236,88.3804143922632,90.555734236785,90.5768405981587,91.2680749757223,..
Access to electricity (% of population),EG.ELC.ACCS.ZS,"Middle East, North Africa, Afghanistan & Pakistan",MEA,93.4360655461117,95.158764819742,96.0012431691978,94.9706861712286,96.0087072984602,96.2621204422818,96.4166690553693,95.8637945014964,96.4226367435274,..
Access to electricity (% of population),EG.ELC.ACCS.ZS,"Middle East, North Africa, Afghanistan & Pakistan (excluding high income)",MNA,92.8277634911895,94.704907124104,95.6230221837644,94.5093636648155,95.6437471934695,95.9173702775193,96.0956018888668,95.483714372763,96.0854287468734,..
Access to electricity (% of population),EG.ELC.ACCS.ZS,"Middle East, North Africa, Afghanistan & Pakistan (IDA & IBRD)",TMN,92.7799106414588,94.6688585064836,95.593813647771,94.4715748209862,95.6135456463624,95.8888561743117,96.0681260042218,95.4516981935493,96.0574946837091,..
Access to electricity (% of population),EG.ELC.ACCS.ZS,Middle income,MIC,89.6958037766237,90.7291286306228,91.7558824062698,92.8949172748869,93.2810806550699,93.6244047915351,94.8333917992069,94.8579251685419,95.1581054427171,..
Access to electricity (% of population),EG.ELC.ACCS.ZS,North America,NAC,100,100,100,100,100,100,100,100,100,..
Access to electricity (% of population),EG.ELC.ACCS.ZS,Not classified,INX,..,..,..,..,..,..,..,..,..,..
Access to electricity (% of population),EG.ELC.ACCS.ZS,OECD members,OED,99.8393577437036,99.8959370066929,99.9408590340957,99.8987734342049,99.9400725167424,99.9329794930067,100,100,99.9229486259415,..
Access to electricity (% of population),EG.ELC.ACCS.ZS,Other small states,OSS,86.4520330481869,87.8544041310444,89.3280026877149,90.472453074168,91.8035513133262,92.8384985004429,93.8560728212473,93.9605317818207,94.4954692175265,..
Access to electricity (% of population),EG.ELC.ACCS.ZS,Pacific island small states,PSS,78.5477895035505,79.9083422592839,82.1041734677982,82.69782730903,84.3434350882329,86.1939811336602,85.6708178235478,85.7923885063867,88.8705713618501,..
Access to electricity (% of population),EG.ELC.ACCS.ZS,Post-demographic dividend,PST,99.9447341881081,99.9577816688383,99.9711225773329,99.9821644449028,99.9932424809452,99.9972400863322,99.9988344256857,100,100,..
Access to electricity (% of population),EG.ELC.ACCS.ZS,Pre-demographic dividend,PRE,40.1196686715573,44.6718700054727,44.3587801999364,47.1055374833379,47.5891649924098,48.3865766205334,50.5171178994713,51.1433191693417,52.5309883201788,..
Access to electricity (% of population),EG.ELC.ACCS.ZS,Small states,SST,87.6813928879402,88.8486713357501,90.1550278534803,90.9647335432231,92.0919222790738,93.1195945831784,93.7468179373385,93.8522236444989,94.7947483488559,..
Access to electricity (% of population),EG.ELC.ACCS.ZS,South Asia,SAS,86.5327784624672,88.3184480403398,91.3983728307397,94.8192024055978,95.4698953988653,96.4013617397441,99.3693129133951,99.0895114731934,99.4087889697405,..
Access to electricity (% of population),EG.ELC.ACCS.ZS,South Asia (IDA & IBRD),TSA,86.5327784624672,88.3184480403398,91.3983728307397,94.8192024055978,95.4698953988653,96.4013617397441,99.3693129133951,99.0895114731934,99.4087889697405,..
Access to electricity (% of population),EG.ELC.ACCS.ZS,Sub-Saharan Africa,SSF,39.1996500160838,43.8301651403807,43.7628194566177,46.4166752425457,47.1974168154517,48.5450389491045,50.6566448640617,51.5873775845363,53.2558710664349,..
Access to electricity (% of population),EG.ELC.ACCS.ZS,Sub-Saharan Africa (excluding high income),SSA,40.343402663759,43.9294742312831,43.6966106335647,46.5941222062837,47.1016223972235,48.2508517332199,50.2501732333213,51.1489934048537,53.0069667981858,..
Access to electricity (% of population),EG.ELC.ACCS.ZS,Sub-Saharan Africa (IDA & IBRD countries),TSS,39.1996500160838,43.8301651403807,43.7628194566177,46.4166752425457,47.1974168154518,48.5450389491045,50.6566448640617,51.5873775845363,53.2558710664349,..
Access to electricity (% of population),EG.ELC.ACCS.ZS,Upper middle income,UMC,98.9983511185364,99.0344942337774,99.1608269162572,99.1796087241328,99.2771270394009,99.2175769160247,99.4356373038317,99.5088717815517,99.4286124139067,..
Access to electricity (% of population),EG.ELC.ACCS.ZS,World,WLD,86.9239995427518,88.1044791994569,88.9317628469647,89.7973878560124,90.1083920202658,90.3956876080963,91.3342664591051,91.2883104888965,91.5991774421991,..
"Electricity production from renewable sources, excluding hydroelectric (% of total)",EG.ELC.RNWX.ZS,Afghanistan,AFG,2.83229014034404,3.19005850365957,3.16865225907967,3.47404347045087,3.82453122312059,5.43252738169043,6.57829189006628,..,..,..
"Electricity production from renewable sources, excluding hydroelectric (% of total)",EG.ELC.RNWX.ZS,Albania,ALB,0.0242578456318914,0.013621177075302,0.0481661511268228,0.017303869987139,0.442758355743373,0.624317711274233,0.465409506806516,..,..,..
"Electricity production from renewable sources, excluding hydroelectric (% of total)",EG.ELC.RNWX.ZS,Algeria,DZA,0.263844879211605,0.299308421482598,0.761806414270304,0.866989290792168,0.843951622795182,1.00020213505148,0.900702658390912,..,..,..
"Electricity production from renewable sources, excluding hydroelectric (% of total)",EG.ELC.RNWX.ZS,American Samoa,ASM,1.51931173347977,1.83115895395776,4.58748221906117,4.7562283943259,4.27379925222893,3.87100430741329,3.8725406815218,..,..,..
"Electricity production from renewable sources, excluding hydroelectric (% of total)",EG.ELC.RNWX.ZS,Andorra,AND,14.0894504612916,14.4662921348315,16.3889928865593,14.9964412811388,13.5352061291499,14.2270018494417,17.4766624963911,..,..,..
"Electricity production from renewable sources, excluding hydroelectric (% of total)",EG.ELC.RNWX.ZS,Angola,AGO,-2.02336352408399,0.72992299229923,12.9602383834621,8.7914499847048,13.4239253582139,9.68738673432403,18.8968817134301,..,..,..
"Electricity production from renewable sources, excluding hydroelectric (% of total)",EG.ELC.RNWX.ZS,Antigua and Barbuda,ATG,1.55200370627751,1.55959364715982,1.84609239021885,2.82657253950307,3.68746637977407,4.9484175555167,5.65579264886605,..,..,..
"Electricity production from renewable sources, excluding hydroelectric (% of total)",EG.ELC.RNWX.ZS,Argentina,ARG,-3.80281477101625,-2.9382760494498,-3.09416110516053,-2.69236376021798,1.5032854430153,6.17318136617456,9.06192102050542,..,..,..
"Electricity production from renewable sources, excluding hydroelectric (% of total)",EG.ELC.RNWX.ZS,Armenia,ARM,0.0423131170662906,0.0323991797676008,0.0321957501609788,0.275959440379926,0.36202630550853,0.750191375350855,2.10305876380251,..,..,..
"Electricity production from renewable sources, excluding hydroelectric (% of total)",EG.ELC.RNWX.ZS,Aruba,ABW,18.9002071637882,15.7270434965329,14.6995368050798,14.6470009449678,15.0205308345377,14.7971787957078,14.7971787957078,..,..,..
"Electricity production from renewable sources, excluding hydroelectric (% of total)",EG.ELC.RNWX.ZS,Australia,AUS,7.98431659191756,8.61820532591848,9.36755170930399,10.9604835744055,13.656230825752,16.8875246061136,20.937361139354,..,..,..
"Electricity production from renewable sources, excluding hydroelectric (% of total)",EG.ELC.RNWX.ZS,Austria,AUT,15.9661097413437,16.2666012765708,17.892616790982,18.094276928458,18.6002370881267,18.5045480856694,19.7907315280683,..,..,..
"Electricity production from renewable sources, excluding hydroelectric (% of total)",EG.ELC.RNWX.ZS,Azerbaijan,AZE,0.775599481529488,0.933031420327028,0.945723684210526,1.12648143010028,1.32824486038662,1.33209489531329,1.21956467171083,..,..,..
"Electricity production from renewable sources, excluding hydroelectric (% of total)",EG.ELC.RNWX.ZS,"Bahamas, The",BHS,0.187146837890514,0.212265020515441,0.22405023958657,0.21874610832264,0.259294143719874,0.314668862486766,0.480875807854305,..,..,..
"Electricity production from renewable sources, excluding hydroelectric (% of total)",EG.ELC.RNWX.ZS,Bahrain,BHR,0.0331765201516641,0.0331462644686075,0.0323353293413174,0.0319742852309254,0.0338337914992599,0.0335510155173447,0.0374420435657423,..,..,..
"Electricity production from renewable sources, excluding hydroelectric (% of total)",EG.ELC.RNWX.ZS,Bangladesh,BGD,0.811231737012987,0.343846377654932,0.432246974885066,0.212492872980678,0.514082597469966,0.447563019301309,0.778793284365163,..,..,..
"Electricity production from renewable sources, excluding hydroelectric (% of total)",EG.ELC.RNWX.ZS,Barbados,BRB,1.34096311632544,1.32797236458363,2.31115908273211,2.30119275563441,3.40916985064258,5.44542672560354,7.32507956609401,..,..,..
"Electricity production from renewable sources, excluding hydroelectric (% of total)",EG.ELC.RNWX.ZS,Belarus,BLR,0.510856170412535,0.744831079068105,1.0111545704766,1.15505566100652,1.6384529840603,2.45927155753865,2.24690220422416,..,..,..
"Electricity production from renewable sources, excluding hydroelectric (% of total)",EG.ELC.RNWX.ZS,Belgium,BEL,20.2893623126031,16.2257318412261,17.9413292695598,22.5176241687656,20.4847080432275,25.9354074206567,22.2006150416497,..,..,..
"Electricity production from renewable sources, excluding hydroelectric (% of total)",EG.ELC.RNWX.ZS,Belize,BLZ,29.6657822350965,26.4837239283577,25.9492036160138,28.323770744648,42.0471943425114,50.5651859877212,59.4581971041569,..,..,..
"Electricity production from renewable sources, excluding hydroelectric (% of total)",EG.ELC.RNWX.ZS,Benin,BEN,0.821212121212121,0.123188405797101,1.33232628398792,2.67821782178218,1.02462121212121,0.539939332659252,0.251332149200711,..,..,..
"Electricity production from renewable sources, excluding hydroelectric (% of total)",EG.ELC.RNWX.ZS,Bermuda,BMU,..,..,..,..,..,..,..,..,..,..
"Electricity production from renewable sources, excluding hydroelectric (% of total)",EG.ELC.RNWX.ZS,Bhutan,BTN,0.00503387539996721,0.0136935533514658,0.0194227054015839,0.021838547046983,0.00451055295909622,0.013191069118564,0.00813068223815507,..,..,..
"Electricity production from renewable sources, excluding hydroelectric (% of total)",EG.ELC.RNWX.ZS,Bolivia,BOL,2.18036959167865,2.32578116611189,1.97173144876325,3.55408786150305,4.63639906469213,6.42047275641026,8.50588019110621,..,..,..
"Electricity production from renewable sources, excluding hydroelectric (% of total)",EG.ELC.RNWX.ZS,Bosnia and Herzegovina,BIH,0.065775161558641,0.141048010356278,0.169120330940504,0.688935281837161,1.66923912422112,1.89640867606969,2.67587397496763,..,..,..
"Electricity production from renewable sources, excluding hydroelectric (% of total)",EG.ELC.RNWX.ZS,Botswana,BWA,0.117584745762712,0.192364170337739,0.158919233004067,0.190779014308426,0.236653386454183,0.258936355710549,0.248679398618448,..,..,..
"Electricity production from renewable sources, excluding hydroelectric (% of total)",EG.ELC.RNWX.ZS,Brazil,BRA,12.2029459455312,14.5316279595064,16.1410907796512,17.5136091224846,18.5776469435984,20.1348423255784,22.0769155734794,..,..,..
"Electricity production from renewable sources, excluding hydroelectric (% of total)",EG.ELC.RNWX.ZS,British Virgin Islands,VGB,0.891131123579612,1.19460149553164,1.57719660472585,1.70542635658915,1.93062025006129,2.26009406878016,2.2534386889084,..,..,..
"Electricity production from renewable sources, excluding hydroelectric (% of total)",EG.ELC.RNWX.ZS,Brunei Darussalam,BRN,0.0311904761904762,0.0255269320843091,0.0377676208804426,0.037037037037037,0.0218889339278476,0.0193548387096774,0.0196525706264257,..,..,..
"Electricity production from renewable sources, excluding hydroelectric (% of total)",EG.ELC.RNWX.ZS,Bulgaria,BGR,6.30694537550531,6.99176218556063,7.24359817591862,9.04116403697931,10.2896377269853,11.3987829415517,11.5396905482677,..,..,..
"Electricity production from renewable sources, excluding hydroelectric (% of total)",EG.ELC.RNWX.ZS,Burkina Faso,BFA,0.256871035940803,0.322934719815136,0.909489851892485,4.64406779661017,6.27078085642317,6.13584905660377,6.36428571428571,..,..,..
"Electricity production from renewable sources, excluding hydroelectric (% of total)",EG.ELC.RNWX.ZS,Burundi,BDI,3.3399486906433,4.35690693607927,4.2463317029791,2.85733205310731,2.3884081074926,2.2209352101327,1.73876633536814,..,..,..
"Electricity production from renewable sources, excluding hydroelectric (% of total)",EG.ELC.RNWX.ZS,Cabo Verde,CPV,20.2655352418182,18.5976845803865,17.6363978722403,20.7974489083376,18.6581628053728,16.8181059359424,18.2655949281105,..,..,..
"Electricity production from renewable sources, excluding hydroelectric (% of total)",EG.ELC.RNWX.ZS,Cambodia,KHM,4.33376539209332,-0.409802235597592,0.699739658663581,-1.06715893108298,0.306217444308988,2.41618115862372,4.9734651914227,..,..,..
"Electricity production from renewable sources, excluding hydroelectric (% of total)",EG.ELC.RNWX.ZS,Cameroon,CMR,0.299059561128527,-4.87770836102619,0.208086053412463,1.0062893081761,-1.41004480075454,1.90210355987055,-3.99067231980618,..,..,..
"Electricity production from renewable sources, excluding hydroelectric (% of total)",EG.ELC.RNWX.ZS,Canada,CAN,6.0617768124307,7.04207360965633,7.05301713153478,7.37402019926093,7.36629991725152,7.75691631401914,7.92363867255995,..,..,..
"Electricity production from renewable sources, excluding hydroelectric (% of total)",EG.ELC.RNWX.ZS,Cayman Islands,CYM,0,0.311500602234498,1.29345969474902,2.14078884484552,2.27562739259889,2.69075693126238,2.93933111462709,..,..,..
"Electricity production from renewable sources, excluding hydroelectric (% of total)",EG.ELC.RNWX.ZS,Central African Republic,CAF,0.309330264009783,0.312250381235931,0.292775924286784,0.292775924286784,0.292775924286784,0.292775924286784,0.292775924286784,..,..,..
"Electricity production from renewable sources, excluding hydroelectric (% of total)",EG.ELC.RNWX.ZS,Chad,TCD,3.23448275862069,6.26190476190476,6.23154362416107,5.85669781931464,5.5786350148368,5.66076696165192,4.61004784688995,..,..,..
"Electricity production from renewable sources, excluding hydroelectric (% of total)",EG.ELC.RNWX.ZS,Channel Islands,CHI,..,..,..,..,..,..,..,..,..,..
"Electricity production from renewable sources, excluding hydroelectric (% of total)",EG.ELC.RNWX.ZS,Chile,CHL,11.9805341183335,14.1250913857867,17.271276260967,17.9372593789091,18.807244731427,22.7416094198326,26.1014678815697,..,..,..
"Electricity production from renewable sources, excluding hydroelectric (% of total)",EG.ELC.RNWX.ZS,China,CHN,4.55807103746262,5.9539883138882,7.19946452516446,8.56768880402383,9.50765506036168,10.6602772642896,12.856523818733,..,..,..
"Electricity production from renewable sources, excluding hydroelectric (% of total)",EG.ELC.RNWX.ZS,Colombia,COL,-2.95292381291669,-0.916666666666667,-3.01333249243189,-1.7138176406588,2.30789031897034,2.45172158040956,0.984188735812692,..,..,..
"Electricity production from renewable sources, excluding hydroelectric (% of total)",EG.ELC.RNWX.ZS,Comoros,COM,0,0,0,0,0,0,0,..,..,..
"Electricity production from renewable sources, excluding hydroelectric (% of total)",EG.ELC.RNWX.ZS,"Congo, Dem. Rep.",COD,-1.65237297599107,-2.92143560564613,3.54386886623936,1.08926595352269,1.15431523672398,-4.22328854766475,-9.18054923380367,..,..,..
"Electricity production from renewable sources, excluding hydroelectric (% of total)",EG.ELC.RNWX.ZS,"Congo, Rep.",COG,1.13181654026724,1.23848238482385,1.05264934188323,-0.634351145038168,7.74524207011686,5.45404411764706,2.61823529411765,..,..,..
"Electricity production from renewable sources, excluding hydroelectric (% of total)",EG.ELC.RNWX.ZS,Costa Rica,CRI,23.7778394376619,23.810464690816,22.3441049572951,25.2969360298585,30.2267861804891,28.2283229601842,26.4689487320405,..,..,..
"Electricity production from renewable sources, excluding hydroelectric (% of total)",EG.ELC.RNWX.ZS,Cote d'Ivoire,CIV,0.00573986913098381,0.00104854776135053,0.00556947925368978,0.0059624366491106,0.257567211881933,0.219458018658374,0.204169910891946,..,..,..
"Electricity production from renewable sources, excluding hydroelectric (% of total)",EG.ELC.RNWX.ZS,Croatia,HRV,9.81233008857318,11.7807332293292,15.0963865476091,15.2688724231531,19.7594043887147,21.5808741128129,22.3596318211703,..,..,..
"Electricity production from renewable sources, excluding hydroelectric (% of total)",EG.ELC.RNWX.ZS,Cuba,CUB,3.71870070977918,3.65602698210969,3.4391964198852,2.95037673369487,3.59813966665093,3.98603583809384,4.157938101859,..,..,..
"Electricity production from renewable sources, excluding hydroelectric (% of total)",EG.ELC.RNWX.ZS,Curacao,CUW,16.6400911161731,14.9287330316742,20.2839506172839,29.006936416185,27.7758816837315,24.7008343265793,18.2624113475177,..,..,..
"Electricity production from renewable sources, excluding hydroelectric (% of total)",EG.ELC.RNWX.ZS,Cyprus,CYP,8.81164534627261,8.68917536320851,8.69724220623501,9.43537549407115,10.0128379692667,12.3048051144566,15.1349873022075,..,..,..
"Electricity production from renewable sources, excluding hydroelectric (% of total)",EG.ELC.RNWX.ZS,Czechia,CZE,9.09053306632337,8.863940270559,8.91174646204742,8.86310301350569,9.27101740679037,10.1230189882734,9.76659413044757,..,..,..
"Electricity production from renewable sources, excluding hydroelectric (% of total)",EG.ELC.RNWX.ZS,Denmark,DNK,65.3734277816171,60.1579016307551,70.2111727161369,68.3113372188745,78.1176311153273,81.5576093010304,78.9104689863843,..,..,..
"Electricity production from renewable sources, excluding hydroelectric (% of total)",EG.ELC.RNWX.ZS,Djibouti,DJI,0.280112044817927,0.677200902934537,1.00671140939597,1.07913669064748,0.655021834061135,0.477707006369427,35.3535353535354,..,..,..
"Electricity production from renewable sources, excluding hydroelectric (% of total)",EG.ELC.RNWX.ZS,Dominica,DMA,0.889300602130616,0.851441241685144,1.10841704191202,1.17860380779692,0.830140485312899,0.794216474900723,0.768170179239708,..,..,..
"Electricity production from renewable sources, excluding hydroelectric (% of total)",EG.ELC.RNWX.ZS,Dominican Republic,DOM,2.51366970437875,3.18636751225751,3.72036062327375,4.8794058408862,6.10528041980977,8.23111069576188,9.05764594454968,..,..,..
"Electricity production from renewable sources, excluding hydroelectric (% of total)",EG.ELC.RNWX.ZS,Ecuador,ECU,2.092408477842,2.24435250613261,2.0339956479863,1.86801162591896,1.8561739292019,1.84190988223246,1.55742844725896,..,..,..
"Electricity production from renewable sources, excluding hydroelectric (% of total)",EG.ELC.RNWX.ZS,"Egypt, Arab Rep.",EGY,1.12558481809539,1.72659124623206,1.65107456341094,1.41264841531751,1.48541341337281,4.54901136925358,5.13248677350747,..,..,..
"Electricity production from renewable sources, excluding hydroelectric (% of total)",EG.ELC.RNWX.ZS,El Salvador,SLV,35.1713153985806,36.7846103255508,44.1040577096483,48.180807706558,47.4598155467721,53.3756329113924,66.8595744680851,..,..,..
"Electricity production from renewable sources, excluding hydroelectric (% of total)",EG.ELC.RNWX.ZS,Equatorial Guinea,GNQ,-26.1739799846035,-24.5929899856938,-23.2985746436609,-23.3064992614476,-22.8829407566024,-25.6825284090909,-23.7704576976422,..,..,..
"Electricity production from renewable sources, excluding hydroelectric (% of total)",EG.ELC.RNWX.ZS,Eritrea,ERI,5.95454545454546,6.56655290102389,6.22849462365591,6.04859335038363,5.89526184538653,5.73300970873786,5.05022831050228,..,..,..
"Electricity production from renewable sources, excluding hydroelectric (% of total)",EG.ELC.RNWX.ZS,Estonia,EST,15.1611154907371,12.7593886104035,13.9249240121581,15.9640892914914,27.886014445174,48.3825271470879,39.638117712382,..,..,..
"Electricity production from renewable sources, excluding hydroelectric (% of total)",EG.ELC.RNWX.ZS,Eswatini,SWZ,79.8263157894737,61.5156695156695,22.8368298368298,22.6864754098361,38.4753086419753,28.8857677902622,27.4765342960289,..,..,..
"Electricity production from renewable sources, excluding hydroelectric (% of total)",EG.ELC.RNWX.ZS,Ethiopia,ETH,-1.05729316116691,-9.90445859872612,-0.762009063444109,-2.72527018654918,0.996209350269336,0.822832900652188,6.04250920602106,..,..,..
"Electricity production from renewable sources, excluding hydroelectric (% of total)",EG.ELC.RNWX.ZS,Faroe Islands,FRO,17.7742448330684,16.4461247637051,17.8582111875561,18.125,13.6234136234136,11.9714847590954,14.4171779141104,..,..,..
"Electricity production from renewable sources, excluding hydroelectric (% of total)",EG.ELC.RNWX.ZS,Fiji,FJI,7.95721085431081,5.67636836689125,7.04117694666511,8.56686612736238,8.85082665840959,9.86987851595928,9.95641327887278,..,..,..
"Electricity production from renewable sources, excluding hydroelectric (% of total)",EG.ELC.RNWX.ZS,Finland,FIN,20.0562253094068,21.2534578297482,24.7370229403314,26.810696952877,28.3501966496722,28.9380079980366,31.0340672748953,..,..,..
"Electricity production from renewable sources, excluding hydroelectric (% of total)",EG.ELC.RNWX.ZS,France,FRA,6.2562290589978,6.75997569625276,7.57946312853234,8.33158544691332,9.85332525979413,11.7659779691869,11.2953633731132,..,..,..
"Electricity production from renewable sources, excluding hydroelectric (% of total)",EG.ELC.RNWX.ZS,French Polynesia,PYF,4.78034051331111,4.79374400418617,5.20063550366581,5.42857970510704,5.77671442160791,6.24578544348373,0.621904502396256,..,..,..
"Electricity production from renewable sources, excluding hydroelectric (% of total)",EG.ELC.RNWX.ZS,Gabon,GAB,-12.0314699792961,-10.6188605108055,-11.1824953445065,-11.3603603603604,-16.2470823607869,-17.3153003650846,-17.1922336328626,..,..,..
"Electricity production from renewable sources, excluding hydroelectric (% of total)",EG.ELC.RNWX.ZS,"Gambia, The",GMB,1.61640740418875,1.42922770659997,1.42922770659997,1.42922770659997,1.63007488156487,1.63007488156487,1.60250694249828,..,..,..
"Electricity production from renewable sources, excluding hydroelectric (% of total)",EG.ELC.RNWX.ZS,Georgia,GEO,-0.00221545278316256,0.084326939692414,0.770791778683549,0.707770826473494,0.750168690958165,0.869253517340264,0.844760775009885,..,..,..
"Electricity production from renewable sources, excluding hydroelectric (% of total)",EG.ELC.RNWX.ZS,Germany,DEU,26.1924483541027,26.0014236319834,30.0085816163727,31.9113523236134,36.3478037359309,40.4475013119893,35.618008802309,..,..,..
"Electricity production from renewable sources, excluding hydroelectric (% of total)",EG.ELC.RNWX.ZS,Ghana,GHA,0.295069204152249,0.519695044472681,0.464036958066809,0.435192023633678,0.531416634599527,0.508451891141625,0.768976149451347,..,..,..
"Electricity production from renewable sources, excluding hydroelectric (% of total)",EG.ELC.RNWX.ZS,Gibraltar,GIB,0,..,..,..,..,..,..,..,..,..
"Electricity production from renewable sources, excluding hydroelectric (% of total)",EG.ELC.RNWX.ZS,Greece,GRC,16.8716119828816,17.176053492046,17.8035501031376,19.5371559460779,24.8796322954798,29.451845557605,29.6693776843644,..,..,..
"Electricity production from renewable sources, excluding hydroelectric (% of total)",EG.ELC.RNWX.ZS,Greenland,GRL,2.33734399005679,2.37003892466077,2.30911220758937,2.38015251788894,2.63786423225943,2.44468564749102,2.5368995746,..,..,..
"Electricity production from renewable sources, excluding hydroelectric (% of total)",EG.ELC.RNWX.ZS,Grenada,GRD,0.752932091317149,1.15667718191377,1.47065357444351,1.54196374881883,1.62491258381669,1.96742957746479,1.96573875802998,..,..,..
"Electricity production from renewable sources, excluding hydroelectric (% of total)",EG.ELC.RNWX.ZS,Guam,GUM,1.79760629627905,3.8231588592372,3.57076194731811,4.29443620433928,4.46821357715863,4.69573717836819,4.80077087647049,..,..,..
"Electricity production from renewable sources, excluding hydroelectric (% of total)",EG.ELC.RNWX.ZS,Guatemala,GTM,26.9475709887102,28.1051998074145,21.2990827102444,25.601697912982,30.4666087837349,25.12382725242,17.6277989288249,..,..,..
"Electricity production from renewable sources, excluding hydroelectric (% of total)",EG.ELC.RNWX.ZS,Guinea,GIN,0.0151136636409705,0.0256942137883925,0.0411412114943974,1.04564228577404,1.02741229674945,0.898180378778295,0.744174980255571,..,..,..
"Electricity production from renewable sources, excluding hydroelectric (% of total)",EG.ELC.RNWX.ZS,Guinea-Bissau,GNB,1.91938579654511,1.97784810126582,1.97784810126582,7.08661417322835,7.08661417322835,7.08661417322835,7.08661417322835,..,..,..
"Electricity production from renewable sources, excluding hydroelectric (% of total)",EG.ELC.RNWX.ZS,Guyana,GUY,6.7408082067015,7.83812993532867,7.8252957233849,7.92429147122944,7.11173319336483,7.22518578930286,7.10534573018678,..,..,..
"Electricity production from renewable sources, excluding hydroelectric (% of total)",EG.ELC.RNWX.ZS,Haiti,HTI,0.288739172281039,0.313364055299539,0.383380547686497,0.431839847473785,2.86261682242991,6.14157527417747,7.20160481444333,..,..,..
"Electricity production from renewable sources, excluding hydroelectric (% of total)",EG.ELC.RNWX.ZS,Honduras,HND,19.8525478059025,28.0333440548944,29.6924710629712,34.4255100994566,34.3990235658624,30.7994662976873,30.7630395683453,..,..,..
"Electricity production from renewable sources, excluding hydroelectric (% of total)",EG.ELC.RNWX.ZS,"Hong Kong SAR, China",HKG,0.202520986289834,0.376313725490196,0.387134250128333,0.393265495924285,0.42231248307609,0.544822518652498,0.831898054996646,..,..,..
"Electricity production from renewable sources, excluding hydroelectric (% of total)",EG.ELC.RNWX.ZS,Hungary,HUN,9.86505270092227,9.40069588113598,9.90429895184566,11.0518601677737,13.0384065789857,15.1302605210421,18.5575858250277,..,..,..
"Electricity production from renewable sources, excluding hydroelectric (% of total)",EG.ELC.RNWX.ZS,Iceland,ISL,26.680302143731,27.3790835579515,26.9352323526354,30.3543295173735,30.945197044335,31.2315052020704,29.6429081268482,..,..,..
"Electricity production from renewable sources, excluding hydroelectric (% of total)",EG.ELC.RNWX.ZS,India,IND,4.84184605005476,3.9832387575032,4.77156485415497,5.60539679737644,6.35327384440851,9.28554258342319,9.20447543029223,..,..,..
"Electricity production from renewable sources, excluding hydroelectric (% of total)",EG.ELC.RNWX.ZS,Indonesia,IDN,8.08662643566284,8.02110060254748,8.98691311092176,8.5965183727374,8.09560604666851,8.4805233601994,8.65237684146036,..,..,..
"Electricity production from renewable sources, excluding hydroelectric (% of total)",EG.ELC.RNWX.ZS,"Iran, Islamic Rep.",IRN,0.0916036246628159,0.099988239119456,0.0235204068394697,0.268613430994503,0.327941568122055,0.328551778919303,0.79148438795092,..,..,..
"Electricity production from renewable sources, excluding hydroelectric (% of total)",EG.ELC.RNWX.ZS,Iraq,IRQ,0.086988144592334,0.0714106859670669,0.0651529031976617,0.385744916520166,0.329091950631,0.324937286495835,0.995172017680404,..,..,..
"Electricity production from renewable sources, excluding hydroelectric (% of total)",EG.ELC.RNWX.ZS,Ireland,IRL,24.7599747341825,22.3216933982295,26.4255573119979,30.4071551889507,35.0717521930529,38.6185957669676,33.9226301985763,..,..,..
"Electricity production from renewable sources, excluding hydroelectric (% of total)",EG.ELC.RNWX.ZS,Isle of Man,IMN,..,..,..,..,..,..,..,..,..,..
"Electricity production from renewable sources, excluding hydroelectric (% of total)",EG.ELC.RNWX.ZS,Israel,ISR,2.02318375735683,2.6341172079134,2.87841711735674,3.10037304225393,4.71589495507947,6.20373803331304,7.63056263212098,..,..,..
"Electricity production from renewable sources, excluding hydroelectric (% of total)",EG.ELC.RNWX.ZS,Italy,ITA,22.3967306611824,22.6403075574513,22.8889226920867,22.6578762063871,23.6654279520713,24.7302009403595,24.5491180306432,..,..,..
"Electricity production from renewable sources, excluding hydroelectric (% of total)",EG.ELC.RNWX.ZS,Jamaica,JAM,4.01795245026686,5.60562414266118,8.17085427135678,8.19813678709384,8.54912907548012,9.94583137070184,9.56257228776313,..,..,..
"Electricity production from renewable sources, excluding hydroelectric (% of total)",EG.ELC.RNWX.ZS,Japan,JPN,5.55725588882088,6.69775835351678,7.76675220406082,8.7805746797831,10.1388571940274,11.6827700825577,12.6418714359476,..,..,..
"Electricity production from renewable sources, excluding hydroelectric (% of total)",EG.ELC.RNWX.ZS,Jordan,JOR,0.93550423483613,4.18355202929509,6.49754003472892,10.5029696166495,14.5379105350356,20.5964446162021,24.8339650896158,..,..,..
"Electricity production from renewable sources, excluding hydroelectric (% of total)",EG.ELC.RNWX.ZS,Kazakhstan,KAZ,0.237979147167019,0.432830304246354,0.468564673049343,0.58462510687335,1.22624138027826,2.22015510866625,2.99615912685309,..,..,..
"Electricity production from renewable sources, excluding hydroelectric (% of total)",EG.ELC.RNWX.ZS,Kenya,KEN,50.0650097565985,44.9603275173019,54.6664413979533,44.1002390861596,53.8508134302527,46.9406931964056,48.3876050420168,..,..,..
"Electricity production from renewable sources, excluding hydroelectric (% of total)",EG.ELC.RNWX.ZS,Kiribati,KIR,16.207322089675,18.5948835433372,16.9038528288789,17.8853754940711,16.3652802893309,16.3652802893309,16.3652802893309,..,..,..
"Electricity production from renewable sources, excluding hydroelectric (% of total)",EG.ELC.RNWX.ZS,"Korea, Dem. People's Rep.",PRK,0.156578947368421,0.171673640167364,0.195022509131063,0.199447203973722,0.230079973202696,0.22799883822248,0.26471850493543,..,..,..
"Electricity production from renewable sources, excluding hydroelectric (% of total)",EG.ELC.RNWX.ZS,"Korea, Rep.",KOR,1.54467671967099,2.33748898796017,2.75473216478576,3.31399440372008,4.20412213714381,5.02715264887679,5.51298275297892,..,..,..
"Electricity production from renewable sources, excluding hydroelectric (% of total)",EG.ELC.RNWX.ZS,Kosovo,XKX,0.00571962714567727,0.00417954663621728,0.0194310914359577,0.537259940492291,1.59352763243049,1.50135742021617,2.06562524485407,..,..,..
"Electricity production from renewable sources, excluding hydroelectric (% of total)",EG.ELC.RNWX.ZS,Kuwait,KWT,0.00745372539831303,0.069644003709781,0.0704099576853327,0.0744504271082142,0.0828282559177312,0.0806490448927176,0.265012812418762,..,..,..
"Electricity production from renewable sources, excluding hydroelectric (% of total)",EG.ELC.RNWX.ZS,Kyrgyz Republic,KGZ,-0.0560245587106677,0.0286532951289398,0.00322310320376458,0.00193236714975845,0.00132318888521336,0.00077901843676967,0.000924824943849914,..,..,..
"Electricity production from renewable sources, excluding hydroelectric (% of total)",EG.ELC.RNWX.ZS,Lao PDR,LAO,12.0675907752699,-0.367039301990418,-1.84822635678877,-3.15826334602307,23.2467183197797,-5.24748561421066,-9.99576997573302,..,..,..
"Electricity production from renewable sources, excluding hydroelectric (% of total)",EG.ELC.RNWX.ZS,Latvia,LVA,16.5685884691849,14.8161581569116,14.3632983667508,15.8774538964902,16.8547685616651,18.2831935709294,17.2909681833732,..,..,..
"Electricity production from renewable sources, excluding hydroelectric (% of total)",EG.ELC.RNWX.ZS,Lebanon,LBN,0.177849289353714,0.270867683429514,0.436264356994916,0.548717948717949,0.666574022605151,0.627447753825901,-0.85743400621118,..,..,..
"Electricity production from renewable sources, excluding hydroelectric (% of total)",EG.ELC.RNWX.ZS,Lesotho,LSO,0.142159705205664,0.148356367611462,0.150973381009138,0.146905323385008,0.193398987200041,0.177727889247463,0.146248171897851,..,..,..
"Electricity production from renewable sources, excluding hydroelectric (% of total)",EG.ELC.RNWX.ZS,Liberia,LBR,0.177875656445875,0.299304319689371,1.59620737647877,1.69881821341675,1.69881821341675,1.69881821341675,1.69881821341675,..,..,..
"Electricity production from renewable sources, excluding hydroelectric (% of total)",EG.ELC.RNWX.ZS,Libya,LBY,0.020767241609128,0.0247931253978358,0.0234067485952946,0.0227971086593895,0.0224962458126372,0.0264076748364351,0.0223947103636625,..,..,..
"Electricity production from renewable sources, excluding hydroelectric (% of total)",EG.ELC.RNWX.ZS,Liechtenstein,LIE,..,..,..,..,..,..,..,..,..,..
"Electricity production from renewable sources, excluding hydroelectric (% of total)",EG.ELC.RNWX.ZS,Lithuania,LTU,26.9410095276708,38.4669479606188,46.2347743014091,50.5326117915124,53.497859481239,41.2307413449338,44.0901929893659,..,..,..
"Electricity production from renewable sources, excluding hydroelectric (% of total)",EG.ELC.RNWX.ZS,Luxembourg,LUX,12.0086767895879,15.564406008193,23.0738255033557,26.8867667121419,36.1687631027254,39.604297224709,39.9950226244344,..,..,..
"Electricity production from renewable sources, excluding hydroelectric (% of total)",EG.ELC.RNWX.ZS,"Macao SAR, China",MAC,..,..,..,..,..,..,..,..,..,..
"Electricity production from renewable sources, excluding hydroelectric (% of total)",EG.ELC.RNWX.ZS,Madagascar,MDG,2.17769376181475,15.7693977211069,2.22425828970332,3.63298097251586,3.54880518428514,4.19757688723206,3.5647152528873,..,..,..
"Electricity production from renewable sources, excluding hydroelectric (% of total)",EG.ELC.RNWX.ZS,Malawi,MWI,3.47745648896807,3.33534039423941,3.81511185295255,4.6598801760246,7.4876834617512,7.60059612518629,7.600563575708,..,..,..
"Electricity production from renewable sources, excluding hydroelectric (% of total)",EG.ELC.RNWX.ZS,Malaysia,MYS,1.86509332160985,0.892476206889948,0.888957782438224,1.27171650237206,1.51020671327574,1.89665330592275,-0.280070227294193,..,..,..
"Electricity production from renewable sources, excluding hydroelectric (% of total)",EG.ELC.RNWX.ZS,Maldives,MDV,1.5101116576872,2.17712587601507,2.83466002309048,3.8740471610743,4.41901990609087,5.58478879892923,5.82133253659994,..,..,..
"Electricity production from renewable sources, excluding hydroelectric (% of total)",EG.ELC.RNWX.ZS,Mali,MLI,3.5554122817398,3.26162593820586,3.13740888061867,3.12351669665999,3.16749494839168,5.73223856692374,5.73223856692374,..,..,..
"Electricity production from renewable sources, excluding hydroelectric (% of total)",EG.ELC.RNWX.ZS,Malta,MLT,7.82592024539877,15.8996499416569,10.4215626892792,10.1427115188583,9.80330257406508,11.3308446103593,11.8897922312556,..,..,..
"Electricity production from renewable sources, excluding hydroelectric (% of total)",EG.ELC.RNWX.ZS,Marshall Islands,MHL,1.72945435044912,2.14507479537115,2.40139355480901,2.4256748351785,2.4256748351785,2.4256748351785,2.4256748351785,..,..,..
"Electricity production from renewable sources, excluding hydroelectric (% of total)",EG.ELC.RNWX.ZS,Mauritania,MRT,13.4185763996129,15.718966846569,13.9114686433896,19.2089904677665,19.7933163529678,18.9100619853438,19.3554142491133,..,..,..
"Electricity production from renewable sources, excluding hydroelectric (% of total)",EG.ELC.RNWX.ZS,Mauritius,MUS,18.6923590256924,18.6150558842867,17.3456235973068,16.9671031619291,18.9239802224969,20.1235253296322,18.1400401069519,..,..,..
"Electricity production from renewable sources, excluding hydroelectric (% of total)",EG.ELC.RNWX.ZS,Mexico,MEX,5.34818035250541,5.9096242443943,5.89875330679655,6.67321287626273,9.87361010225177,12.5898417467586,13.3777425127653,..,..,..
"Electricity production from renewable sources, excluding hydroelectric (% of total)",EG.ELC.RNWX.ZS,"Micronesia, Fed. Sts.",FSM,2.75555555555556,4.39106487148103,4.45966514459665,4.29399780598652,4.70658325886208,4.41525778957664,3.52914898369444,..,..,..
"Electricity production from renewable sources, excluding hydroelectric (% of total)",EG.ELC.RNWX.ZS,Moldova,MDA,0.308048256486531,0.322740474970101,0.64665592264303,1.05194805194805,1.35310635310635,1.31229773462783,1.77133413461538,..,..,..
"Electricity production from renewable sources, excluding hydroelectric (% of total)",EG.ELC.RNWX.ZS,Monaco,MCO,..,..,..,..,..,..,..,..,..,..
"Electricity production from renewable sources, excluding hydroelectric (% of total)",EG.ELC.RNWX.ZS,Mongolia,MNG,2.9773263196082,2.96964884418564,3.09258337481334,6.14521805661821,8.39840579710145,8.74000605693519,9.89896407910669,..,..,..
"Electricity production from renewable sources, excluding hydroelectric (% of total)",EG.ELC.RNWX.ZS,Montenegro,MNE,0,0.00604902897166507,3.94439967767929,3.75328083989501,8.6192834255753,9.42307692307692,8.54608050847458,..,..,..
"Electricity production from renewable sources, excluding hydroelectric (% of total)",EG.ELC.RNWX.ZS,Morocco,MAR,8.22940893801057,10.7426962446719,10.6521346148052,13.6131598782837,15.2803121248499,15.4651238266427,16.4714879819553,..,..,..
"Electricity production from renewable sources, excluding hydroelectric (% of total)",EG.ELC.RNWX.ZS,Mozambique,MOZ,0.335421504563374,0.35195324839423,0.402675433624306,0.452890729829065,0.052731391244798,0.719676266554551,0.72144182348264,..,..,..
"Electricity production from renewable sources, excluding hydroelectric (% of total)",EG.ELC.RNWX.ZS,Myanmar,MMR,9.12554085795525,14.2782072768557,13.0881935287555,12.2904090909091,11.7046547578152,11.2843466368271,11.326171875,..,..,..
"Electricity production from renewable sources, excluding hydroelectric (% of total)",EG.ELC.RNWX.ZS,Namibia,NAM,-2.10709677419355,12.0247592847318,-5.79633867276888,12.7239396117901,49.5501474926254,8.85670731707317,25.5812324929972,..,..,..
"Electricity production from renewable sources, excluding hydroelectric (% of total)",EG.ELC.RNWX.ZS,Nauru,NRU,0.661703887510339,0.806227411731999,3.13121272365805,3.09251559251559,3.85956175298805,6.69456066945607,9.82367758186398,..,..,..
"Electricity production from renewable sources, excluding hydroelectric (% of total)",EG.ELC.RNWX.ZS,Nepal,NPL,8.21922965537214,-4.49844162071446,2.83723986856517,4.0115990057995,-5.3027881950106,4.66467356173239,-15.1222291278227,..,..,..
"Electricity production from renewable sources, excluding hydroelectric (% of total)",EG.ELC.RNWX.ZS,Netherlands,NLD,12.3386896282653,12.7462963927821,14.8291754504255,16.465120345518,18.7152988270954,26.5202550333393,33.055169026766,..,..,..
"Electricity production from renewable sources, excluding hydroelectric (% of total)",EG.ELC.RNWX.ZS,New Caledonia,NCL,2.36257092363501,1.82431029249669,2.26815109442472,2.64609611892515,5.1979685686088,6.16967376141,7.87484105983023,..,..,..
"Electricity production from renewable sources, excluding hydroelectric (% of total)",EG.ELC.RNWX.ZS,New Zealand,NZL,25.5812392311307,25.8474288431492,25.1254480286738,24.918333557077,25.328932795818,25.9477182896155,27.116630427473,..,..,..
"Electricity production from renewable sources, excluding hydroelectric (% of total)",EG.ELC.RNWX.ZS,Nicaragua,NIC,43.6627373935822,43.491396209976,45.731270718232,50.1418134937688,52.2079142982073,55.077552097072,55.2914787562307,..,..,..
"Electricity production from renewable sources, excluding hydroelectric (% of total)",EG.ELC.RNWX.ZS,Niger,NER,2.14689265536723,1.89033189033189,2.63345195729537,8.59888059701493,6.87910447761194,6.84843982169391,7.8251273344652,..,..,..
"Electricity production from renewable sources, excluding hydroelectric (% of total)",EG.ELC.RNWX.ZS,Nigeria,NGA,0.0827909456427572,0.0885909116956048,0.164596361974928,0.177013377013377,0.462077493816983,-0.769960054608889,-0.406522880183232,..,..,..
"Electricity production from renewable sources, excluding hydroelectric (% of total)",EG.ELC.RNWX.ZS,North Macedonia,MKD,2.89691817215728,3.01208029845443,3.3225,3.11307294453362,3.08076333276538,5.18477651019263,4.73368287832218,..,..,..
"Electricity production from renewable sources, excluding hydroelectric (% of total)",EG.ELC.RNWX.ZS,Northern Mariana Islands,MNP,..,..,..,..,..,..,..,..,..,..
"Electricity production from renewable sources, excluding hydroelectric (% of total)",EG.ELC.RNWX.ZS,Norway,NOR,1.92426632352331,1.59207471719381,2.10935242172866,2.81597857196272,4.36238566112701,6.62982054834241,7.68654778941503,..,..,..
"Electricity production from renewable sources, excluding hydroelectric (% of total)",EG.ELC.RNWX.ZS,Oman,OMN,0.0127586838410353,0.0122692217807899,0.0430812650452395,0.12955551432585,0.151316297382846,0.413562831629352,1.93992360506721,..,..,..
"Electricity production from renewable sources, excluding hydroelectric (% of total)",EG.ELC.RNWX.ZS,Pakistan,PAK,2.01272260058581,4.63535634157602,6.41277723616866,7.59848932727612,6.63771335397687,8.51887092555545,7.8082244932443,..,..,..
"Electricity production from renewable sources, excluding hydroelectric (% of total)",EG.ELC.RNWX.ZS,Palau,PLW,1.84130829800121,3.26275598750434,3.37038365005378,3.58557208605373,3.50894731580526,3.92137197873834,4.59829235675342,..,..,..
"Electricity production from renewable sources, excluding hydroelectric (% of total)",EG.ELC.RNWX.ZS,Panama,PAN,6.98193297717339,9.00321513871027,8.46477087484151,10.3075069177899,11.1883585164835,11.2227405781193,10.3735646427096,..,..,..
"Electricity production from renewable sources, excluding hydroelectric (% of total)",EG.ELC.RNWX.ZS,Papua New Guinea,PNG,8.307169849012,7.40108112453027,6.78156732228184,5.19995396007315,4.82024016866807,4.60341972315196,4.67103081085799,..,..,..
"Electricity production from renewable sources, excluding hydroelectric (% of total)",EG.ELC.RNWX.ZS,Paraguay,PRY,0.262019230769231,0.266202505841213,0.236893691882383,0.226525028710397,0.285497603494651,0.551712240144915,0.66614385491974,..,..,..
"Electricity production from renewable sources, excluding hydroelectric (% of total)",EG.ELC.RNWX.ZS,Peru,PER,1.71855453733142,3.51871222026415,3.30999870122641,5.02511191178076,4.94812214812215,6.22523277290124,5.77832961864481,..,..,..
"Electricity production from renewable sources, excluding hydroelectric (% of total)",EG.ELC.RNWX.ZS,Philippines,PHL,15.0141115088273,15.3916783224485,14.5021510617556,14.0838035862843,13.3668558713157,14.3198785532509,13.9807315418535,..,..,..
"Electricity production from renewable sources, excluding hydroelectric (% of total)",EG.ELC.RNWX.ZS,Poland,POL,12.7178800077602,12.4176553545174,12.6692693514798,11.5744917342492,14.3516049954875,16.5417800331557,15.7342385223041,..,..,..
"Electricity production from renewable sources, excluding hydroelectric (% of total)",EG.ELC.RNWX.ZS,Portugal,PRT,29.9731018695154,27.4953173432346,28.0608941461527,28.52132939835,34.9706701283064,33.9457402313576,38.5149179073736,..,..,..
"Electricity production from renewable sources, excluding hydroelectric (% of total)",EG.ELC.RNWX.ZS,Puerto Rico (US),PRI,2.20553779706657,2.35681664037628,3.04892668817941,2.43241913844543,3.51196129257394,3.74866927665784,4.37589948053246,..,..,..
"Electricity production from renewable sources, excluding hydroelectric (% of total)",EG.ELC.RNWX.ZS,Qatar,QAT,0.30323622255958,0.309972345002009,0.301422487597137,0.298213391217232,0.252506416426051,0.289800641520159,0.276427644700916,..,..,..
"Electricity production from renewable sources, excluding hydroelectric (% of total)",EG.ELC.RNWX.ZS,Romania,ROU,14.4331332207071,13.7336989078844,15.2229998755755,13.1492231333621,15.1878165777733,16.494010798441,15.0188498402556,..,..,..
"Electricity production from renewable sources, excluding hydroelectric (% of total)",EG.ELC.RNWX.ZS,Russian Federation,RUS,0.169662327735438,0.160007626219897,0.176730440249733,0.202496114673843,0.268245337461168,0.401953991448764,0.490596127705673,..,..,..
"Electricity production from renewable sources, excluding hydroelectric (% of total)",EG.ELC.RNWX.ZS,Rwanda,RWA,12.5123339658444,3.9788838612368,8.22374429223744,7.47820512820513,4.22053675612602,3.77853107344633,5.16498993963783,..,..,..
"Electricity production from renewable sources, excluding hydroelectric (% of total)",EG.ELC.RNWX.ZS,Samoa,WSM,5.88922133839305,10.8108108108108,13.5376008326828,14.0184010941191,14.0385855861139,17.9154537400329,20.3842376626565,..,..,..
"Electricity production from renewable sources, excluding hydroelectric (% of total)",EG.ELC.RNWX.ZS,San Marino,SMR,..,..,..,..,..,..,..,..,..,..
"Electricity production from renewable sources, excluding hydroelectric (% of total)",EG.ELC.RNWX.ZS,Sao Tome and Principe,STP,0,0.150588235294118,0.327958458595245,0.364889519562133,0.331583310306715,0.322046374677954,0.204798127559977,..,..,..
"Electricity production from renewable sources, excluding hydroelectric (% of total)",EG.ELC.RNWX.ZS,Saudi Arabia,SAU,0.0127345044562439,0.0124340760896077,0.0184114400771668,0.0562251679456406,0.068837561920283,0.06764821408208,0.0652981651937175,..,..,..
"Electricity production from renewable sources, excluding hydroelectric (% of total)",EG.ELC.RNWX.ZS,Senegal,SEN,1.63358226933269,1.63293695310747,3.69584939895668,6.27113203509523,6.30777518405459,9.23380427291523,13.2915360501567,..,..,..
"Electricity production from renewable sources, excluding hydroelectric (% of total)",EG.ELC.RNWX.ZS,Serbia,SRB,0.121729594234686,0.209394540186061,0.405695775408287,0.749018036072144,2.83095744680851,3.17169880914743,3.63917876291356,..,..,..
"Electricity production from renewable sources, excluding hydroelectric (% of total)",EG.ELC.RNWX.ZS,Seychelles,SYC,2.23434108116694,2.25974913368149,2.28811360366098,2.73889511011571,2.30110159118727,2.96433325061475,4.51403741810568,..,..,..
"Electricity production from renewable sources, excluding hydroelectric (% of total)",EG.ELC.RNWX.ZS,Sierra Leone,SLE,3.713298791019,3.29840900271634,4.60609812722489,4.75940291127113,4.76528940943787,4.76528940943787,4.7829445388537,..,..,..
"Electricity production from renewable sources, excluding hydroelectric (% of total)",EG.ELC.RNWX.ZS,Singapore,SGP,4.17967076556922,4.59045610232792,4.27901206291037,4.11612199206036,4.17542088160238,4.08125772500843,4.02215992761209,..,..,..
"Electricity production from renewable sources, excluding hydroelectric (% of total)",EG.ELC.RNWX.ZS,Sint Maarten (Dutch part),SXM,0,0,0,0,0,0,0,..,..,..
"Electricity production from renewable sources, excluding hydroelectric (% of total)",EG.ELC.RNWX.ZS,Slovak Republic,SVK,8.08088317288035,8.3875258646172,7.96019900497512,8.21623224945312,8.04670464936344,8.11429364033567,8.3955223880597,..,..,..
"Electricity production from renewable sources, excluding hydroelectric (% of total)",EG.ELC.RNWX.ZS,Slovenia,SVN,3.6187417218543,3.36078787878788,3.55524929560211,3.24292539507534,3.48325982980309,3.77678883071553,4.63750314940791,..,..,..
"Electricity production from renewable sources, excluding hydroelectric (% of total)",EG.ELC.RNWX.ZS,Solomon Islands,SLB,6.34609093882892,6.62368722054695,6.92554043234588,5.55283037378593,5.79571537872992,5.15490533562823,5.69467272551484,..,..,..
"Electricity production from renewable sources, excluding hydroelectric (% of total)",EG.ELC.RNWX.ZS,"Somalia, Fed. Rep.",SOM,1.45841545132046,3.3683048039757,4.62695514741948,4.69707283866576,4.69707283866576,8.22221022512552,11.2132448947616,..,..,..
"Electricity production from renewable sources, excluding hydroelectric (% of total)",EG.ELC.RNWX.ZS,South Africa,ZAF,1.17749294025756,1.52918135526831,2.10801774753659,2.6560763191457,2.94907438559548,3.40421090426309,3.67059683870362,..,..,..
"Electricity production from renewable sources, excluding hydroelectric (% of total)",EG.ELC.RNWX.ZS,South Sudan,SSD,0.041522491349481,0.127490039840637,0.123616236162362,0.20479704797048,0.227272727272727,0.226039783001808,0.335664335664336,..,..,..
"Electricity production from renewable sources, excluding hydroelectric (% of total)",EG.ELC.RNWX.ZS,Spain,ESP,24.5450302764933,24.8413296890865,25.2504297744863,25.3490592161835,27.9378021423056,31.619034601117,35.0405924640555,..,..,..
"Electricity production from renewable sources, excluding hydroelectric (% of total)",EG.ELC.RNWX.ZS,Sri Lanka,LKA,3.1935214686694,3.07266872024643,3.45124207188161,3.86002059467113,4.65626351894197,4.9782582290781,7.77126133363939,..,..,..
"Electricity production from renewable sources, excluding hydroelectric (% of total)",EG.ELC.RNWX.ZS,St. Kitts and Nevis,KNA,4.50787851107559,4.64632454923717,3.66546653363987,3.63286318168501,3.49980023971235,4.41465289044488,4.52674897119342,..,..,..
"Electricity production from renewable sources, excluding hydroelectric (% of total)",EG.ELC.RNWX.ZS,St. Lucia,LCA,0.308537063668453,0.994030756778632,0.975355520810066,2.1902638606463,2.57230886813633,2.7505168668708,2.54489148622662,..,..,..
"Electricity production from renewable sources, excluding hydroelectric (% of total)",EG.ELC.RNWX.ZS,St. Martin (French part),MAF,2.10837438423645,1.40885157250605,0.0970818342755982,0.0136286201022146,0.267873087683791,0.685086626656098,0.811168745171615,..,..,..
"Electricity production from renewable sources, excluding hydroelectric (% of total)",EG.ELC.RNWX.ZS,St. Vincent and the Grenadines,VCT,0.59483112265828,0.52951559129241,0.54637526652452,0.76702461148536,1.08440031356154,2.52652519893899,1.62369337979094,..,..,..
"Electricity production from renewable sources, excluding hydroelectric (% of total)",EG.ELC.RNWX.ZS,Sudan,SDN,1.0056657223796,0.958610188261351,0.963629353553528,0.873433275989187,0.810392996833675,0.768055718131804,-4.28573052870949,..,..,..
"Electricity production from renewable sources, excluding hydroelectric (% of total)",EG.ELC.RNWX.ZS,Suriname,SUR,0.591937069813176,0.765774861181222,0.90807651434644,0.985668789808917,0.916500994035785,-13.8684729064039,-6.05665859564165,..,..,..
"Electricity production from renewable sources, excluding hydroelectric (% of total)",EG.ELC.RNWX.ZS,Sweden,SWE,16.769178099092,17.3762322928017,18.2131506849315,17.713035495716,19.9253142087046,24.2649527262517,24.3611683488748,..,..,..
"Electricity production from renewable sources, excluding hydroelectric (% of total)",EG.ELC.RNWX.ZS,Switzerland,CHE,4.20987326065763,5.04692420909364,5.81785917992268,5.6279560871892,5.71327520302532,6.58867766868602,7.62737458850533,..,..,..
"Electricity production from renewable sources, excluding hydroelectric (% of total)",EG.ELC.RNWX.ZS,Syrian Arab Republic,SYR,0.173744590922814,0.181259842519685,0.160782862166289,0.139360337934676,0.14528125584003,0.211973546815176,0.371048519572098,..,..,..
"Electricity production from renewable sources, excluding hydroelectric (% of total)",EG.ELC.RNWX.ZS,Tajikistan,TJK,-0.582682671017364,0.991643454038997,0.98862758087667,0.908114679363793,0.84926277616071,6.14417910447761,3.33983300352334,..,..,..
"Electricity production from renewable sources, excluding hydroelectric (% of total)",EG.ELC.RNWX.ZS,Tanzania,TZA,3.28296115019884,3.41230904817861,3.4546870574908,3.45737704918033,3.21223241590214,3.2230415860735,3.50960698689956,..,..,..
"Electricity production from renewable sources, excluding hydroelectric (% of total)",EG.ELC.RNWX.ZS,Thailand,THA,10.9237564959169,18.9619482005576,17.5784530448113,19.638923446039,21.8353127893136,16.1636964774532,17.2997083499576,..,..,..
"Electricity production from renewable sources, excluding hydroelectric (% of total)",EG.ELC.RNWX.ZS,Timor-Leste,TLS,0.261818181818182,0.220978501063588,0.115842454262203,0.109852645933558,0.0960869421159007,0.10147317302988,0.102282515073213,..,..,..
"Electricity production from renewable sources, excluding hydroelectric (% of total)",EG.ELC.RNWX.ZS,Togo,TGO,0.18,0.03125,13.8634423897582,-15.2934232715008,2.495,2.45008183306056,11.7008,..,..,..
"Electricity production from renewable sources, excluding hydroelectric (% of total)",EG.ELC.RNWX.ZS,Tonga,TON,7.89246941237291,8.43941537010844,9.32611311672684,10.8752544344286,12.7067254685777,14.2141600108298,14.2006227155814,..,..,..
"Electricity production from renewable sources, excluding hydroelectric (% of total)",EG.ELC.RNWX.ZS,Trinidad and Tobago,TTO,0.0654127481713689,0.0664614077927593,0.0671457685294433,0.0678590785907859,0.0681323465389639,0.0678590785907859,0.067595292085088,..,..,..
"Electricity production from renewable sources, excluding hydroelectric (% of total)",EG.ELC.RNWX.ZS,Tunisia,TUN,2.53477376715811,2.74022628548338,2.60081863366144,2.71869024856597,2.93036249659308,2.89142135068096,2.69209684787574,..,..,..
"Electricity production from renewable sources, excluding hydroelectric (% of total)",EG.ELC.RNWX.ZS,Turkiye,TUR,6.30874808524618,8.38776566280866,9.76210403092066,12.4123575710053,14.2949255833391,16.3852782659446,18.7108026636951,..,..,..
"Electricity production from renewable sources, excluding hydroelectric (% of total)",EG.ELC.RNWX.ZS,Turkmenistan,TKM,0.000665660779266886,0.000633258749525056,0.000627720120522263,0.000591412687773528,0.000666666666666667,0.000582252930673084,-0.00651408450704225,..,..,..
"Electricity production from renewable sources, excluding hydroelectric (% of total)",EG.ELC.RNWX.ZS,Turks and Caicos Islands,TCA,0.0217344055640078,0.02040399918384,0.102284350494374,0.267763591912763,0.562205989214824,0.573166452216634,1.48336829487564,..,..,..
"Electricity production from renewable sources, excluding hydroelectric (% of total)",EG.ELC.RNWX.ZS,Tuvalu,TUV,11.4613180515759,23.6276849642005,23.2667450058754,19.2525481313703,19.2307692307692,15.8385093167702,15.8385093167702,..,..,..
"Electricity production from renewable sources, excluding hydroelectric (% of total)",EG.ELC.RNWX.ZS,Uganda,UGA,8.90081028220173,6.6768260641093,6.86636912575479,7.69055374592834,8.22438704028021,7.80457516339869,2.0631159969674,..,..,..
"Electricity production from renewable sources, excluding hydroelectric (% of total)",EG.ELC.RNWX.ZS,Ukraine,UKR,1.47999780061338,1.38412133217478,2.0667350273977,2.08499496349315,4.10417734411999,7.68713739917928,5.47085755537824,..,..,..
"Electricity production from renewable sources, excluding hydroelectric (% of total)",EG.ELC.RNWX.ZS,United Arab Emirates,ARE,0.240204736895818,0.248154120342867,0.557695737471018,0.885151528519123,2.64586794169905,3.78319860170417,4.20134583903604,..,..,..
"Electricity production from renewable sources, excluding hydroelectric (% of total)",EG.ELC.RNWX.ZS,United Kingdom,GBR,22.797935125061,23.0155435498123,27.5604645718062,31.3778034424785,35.1429075020641,41.1642719597097,37.8311738385223,..,..,..
"Electricity production from renewable sources, excluding hydroelectric (% of total)",EG.ELC.RNWX.ZS,United States,USA,7.35254388360494,8.50075843849591,9.700691811457,10.0478956277699,10.8666213545367,12.6817482828225,14.0077934914494,..,..,..
"Electricity production from renewable sources, excluding hydroelectric (% of total)",EG.ELC.RNWX.ZS,Uruguay,URY,32.8262072984194,39.9671517072468,45.9444328389388,52.5272876487485,47.6687368028816,63.6309050772627,51.393497968115,..,..,..
"Electricity production from renewable sources, excluding hydroelectric (% of total)",EG.ELC.RNWX.ZS,Uzbekistan,UZB,2.22458719431478,2.11972682528058,0.291499506741204,0.0113361740015263,0.0103886291731596,0.0252631578947368,0.109580594986197,..,..,..
"Electricity production from renewable sources, excluding hydroelectric (% of total)",EG.ELC.RNWX.ZS,Vanuatu,VUT,18.9709172259508,14.0425531914894,11.5297946920381,13.8510612194823,17.9051663128096,17.8013741411618,14.4229553785868,..,..,..
"Electricity production from renewable sources, excluding hydroelectric (% of total)",EG.ELC.RNWX.ZS,"Venezuela, RB",VEN,0.230403551392069,0.09843146169584,-8.00910496186448,-7.6635580048043,-17.2964440497806,-6.17218310808988,-6.82761231042314,..,..,..
"Electricity production from renewable sources, excluding hydroelectric (% of total)",EG.ELC.RNWX.ZS,Viet Nam,VNM,0.733762784722565,0.597059752522706,1.32019593836106,1.30389576930863,2.94445992972498,5.37810936985936,10.1722062845034,..,..,..
"Electricity production from renewable sources, excluding hydroelectric (% of total)",EG.ELC.RNWX.ZS,Virgin Islands (U.S.),VIR,1.95512172582089,1.97789412449098,1.43454757311226,2.41666120898553,2.38156705821608,2.27230740809163,2.50440255203672,..,..,..
"Electricity production from renewable sources, excluding hydroelectric (% of total)",EG.ELC.RNWX.ZS,West Bank and Gaza,PSE,1.79744277330846,7.91330739009813,8.3498023715415,14.3281595398255,15.1699595042336,21.2691007759318,24.4633507853403,..,..,..
"Electricity production from renewable sources, excluding hydroelectric (% of total)",EG.ELC.RNWX.ZS,"Yemen, Rep.",YEM,2.01735809755251,3.23035230352304,4.88401412002017,8.89511388684791,7.68650793650794,10.1597548518897,10.4517755831057,..,..,..
"Electricity production from renewable sources, excluding hydroelectric (% of total)",EG.ELC.RNWX.ZS,Zambia,ZMB,0.47700851536468,0.542609287293757,0.367943340438699,0.383225806451613,0.984934468315093,1.57779089597271,1.34233980144404,..,..,..
"Electricity production from renewable sources, excluding hydroelectric (% of total)",EG.ELC.RNWX.ZS,Zimbabwe,ZWE,2.63989290495315,0.252967154292023,2.632101708383,9.15348489700075,14.6058452722063,-0.65832614322692,24.2186079545455,..,..,..
"Electricity production from renewable sources, excluding hydroelectric (% of total)",EG.ELC.RNWX.ZS,Africa Eastern and Southern,AFE,2.56892369207893,2.46989096363573,3.78389814132683,3.94859026174593,5.08754635514056,4.49718013313305,5.30096305358396,..,..,..
"Electricity production from renewable sources, excluding hydroelectric (% of total)",EG.ELC.RNWX.ZS,Africa Western and Central,AFW,-0.0940054551520296,-0.365331328745162,0.257857000181396,0.429383435826366,0.63965511786657,0.534586327460861,0.515488314606178,..,..,..
"Electricity production from renewable sources, excluding hydroelectric (% of total)",EG.ELC.RNWX.ZS,Arab World,ARB,0.569675301315456,0.806960504574608,0.89461755774035,1.11925732140354,1.48131334552344,2.18655778496935,2.469037054181,..,..,..
"Electricity production from renewable sources, excluding hydroelectric (% of total)",EG.ELC.RNWX.ZS,Caribbean small states,CSS,1.42109345485252,1.54542183866693,1.67846111672752,1.86750158837633,2.11946462202255,1.2000431803107,2.24952159806895,..,..,..
"Electricity production from renewable sources, excluding hydroelectric (% of total)",EG.ELC.RNWX.ZS,Central Europe and the Baltics,CEB,11.0713147401859,10.9577853144732,11.4601418333614,11.1004335425223,13.0000839560071,14.6660579215746,14.4657169725317,..,..,..
"Electricity production from renewable sources, excluding hydroelectric (% of total)",EG.ELC.RNWX.ZS,Early-demographic dividend,EAR,3.48945451945451,3.58054808757428,3.82554872458336,4.56309704277792,5.38109417232873,6.95663191896709,7.32757258635333,..,..,..
"Electricity production from renewable sources, excluding hydroelectric (% of total)",EG.ELC.RNWX.ZS,East Asia & Pacific,EAS,4.80055549647621,6.03188507960079,6.99991096590984,8.11551483664931,9.168873495012,10.1356822849281,11.9697821825448,..,..,..
"Electricity production from renewable sources, excluding hydroelectric (% of total)",EG.ELC.RNWX.ZS,East Asia & Pacific (excluding high income),EAP,4.84609453385223,6.21417291569623,7.2584536275619,8.45661994077792,9.4437729463245,10.3062348859707,12.3288625713211,..,..,..
"Electricity production from renewable sources, excluding hydroelectric (% of total)",EG.ELC.RNWX.ZS,East Asia & Pacific (IDA & IBRD countries),TEA,4.85929785922643,6.23434485372004,7.28000830261852,8.48168803413261,9.46921589595843,10.3335119468216,12.3604309017169,..,..,..
"Electricity production from renewable sources, excluding hydroelectric (% of total)",EG.ELC.RNWX.ZS,Euro area,EMU,18.5375831359982,18.6218876361653,20.4487983864082,21.4184811656517,23.7718182809261,26.7724438348339,26.1077845948838,..,..,..
"Electricity production from renewable sources, excluding hydroelectric (% of total)",EG.ELC.RNWX.ZS,Europe & Central Asia,ECS,11.8428730123442,11.9335860987292,13.242014888432,13.8475140122677,15.5491373797082,17.6598208169341,17.1596422499927,..,..,..
"Electricity production from renewable sources, excluding hydroelectric (% of total)",EG.ELC.RNWX.ZS,Europe & Central Asia (excluding high income),ECA,2.66520512794269,3.44868796424485,4.12717864882731,5.04092849646711,6.36733155564591,8.0519354234569,8.65890842314953,..,..,..
"Electricity production from renewable sources, excluding hydroelectric (% of total)",EG.ELC.RNWX.ZS,Europe & Central Asia (IDA & IBRD countries),TEC,2.68150572331485,2.92067946917088,3.27912574728491,3.53339402954204,4.30239487191705,5.2529469052475,5.52156425493103,..,..,..
"Electricity production from renewable sources, excluding hydroelectric (% of total)",EG.ELC.RNWX.ZS,European Union,EUU,17.911123662679,17.9691406839536,19.6251094877694,20.2603476846501,22.6275094828861,25.5470366479913,24.9307765446013,..,..,..
"Electricity production from renewable sources, excluding hydroelectric (% of total)",EG.ELC.RNWX.ZS,Fragile and conflict affected situations,FCS,0.896413874609089,0.730328812923972,-0.336311660739876,0.258461708357784,-0.0494782040558644,1.95590674653171,1.54699864601737,..,..,..
"Electricity production from renewable sources, excluding hydroelectric (% of total)",EG.ELC.RNWX.ZS,Heavily indebted poor countries (HIPC),HPC,3.5065787392595,3.04270364048052,4.32049523865011,4.57169764246583,5.16911020217995,4.70573583803077,4.3371570503318,..,..,..
"Electricity production from renewable sources, excluding hydroelectric (% of total)",EG.ELC.RNWX.ZS,High income,HIC,8.63440963349841,9.2388334374077,10.3086083002622,10.8011899508748,11.9551461536379,13.6324123412992,14.0891456640562,..,..,..
"Electricity production from renewable sources, excluding hydroelectric (% of total)",EG.ELC.RNWX.ZS,IBRD only,IBD,4.42189901487908,5.33092315908776,6.10553650177018,7.11477632144914,8.05833294048927,9.41449992979103,10.8548898891384,..,..,..
"Electricity production from renewable sources, excluding hydroelectric (% of total)",EG.ELC.RNWX.ZS,IDA & IBRD total,IBT,4.37964016345132,5.24074997753859,6.0147570247226,6.98173536430678,7.94566025276626,9.17736278501713,10.5353875827932,..,..,..
"Electricity production from renewable sources, excluding hydroelectric (% of total)",EG.ELC.RNWX.ZS,IDA blend,IDB,3.67598802832927,4.28731847487862,5.50328003923983,5.87198547062814,6.11070340937229,6.05534348605923,6.31818261910715,..,..,..
"Electricity production from renewable sources, excluding hydroelectric (% of total)",EG.ELC.RNWX.ZS,IDA only,IDX,3.23966871011222,2.48198358558493,2.89524305732008,2.78101592073149,5.05781041113983,2.8798930395798,1.97049846571533,..,..,..
"Electricity production from renewable sources, excluding hydroelectric (% of total)",EG.ELC.RNWX.ZS,IDA total,IDA,3.44032856559285,3.30603752363983,4.02573590755373,4.07171847522397,5.49096226854412,4.19380175985195,3.78701490490498,..,..,..
"Electricity production from renewable sources, excluding hydroelectric (% of total)",EG.ELC.RNWX.ZS,Late-demographic dividend,LTE,4.71951233049041,5.92374571611253,6.8718183732578,7.93687024412698,8.90559599715017,9.91376134240316,11.6527779054118,..,..,..
"Electricity production from renewable sources, excluding hydroelectric (% of total)",EG.ELC.RNWX.ZS,Latin America & Caribbean,LCN,6.90573184130569,8.35304577367049,8.41280416771319,9.7485848317668,11.5051726086776,13.9045051240626,15.1321199441586,..,..,..
"Electricity production from renewable sources, excluding hydroelectric (% of total)",EG.ELC.RNWX.ZS,Latin America & Caribbean (excluding high income),LAC,6.92263924721343,8.3511344793925,8.93878239089841,10.0043729757031,12.25009516849,14.1293443405757,15.4576039738954,..,..,..
"Electricity production from renewable sources, excluding hydroelectric (% of total)",EG.ELC.RNWX.ZS,Latin America & the Caribbean (IDA & IBRD countries),TLA,7.0159439898132,8.50709318614324,8.54128594791462,9.92378835453524,11.7183651611634,14.1786416793029,15.418072985648,..,..,..
"Electricity production from renewable sources, excluding hydroelectric (% of total)",EG.ELC.RNWX.ZS,Least developed countries: UN classification,LDC,2.56799266235334,1.21480425943233,2.33334430462432,1.8576066276499,5.19609875274706,1.97584495587575,1.02907863878289,..,..,..
"Electricity production from renewable sources, excluding hydroelectric (% of total)",EG.ELC.RNWX.ZS,Low & middle income,LMY,4.5152533005529,5.47064741262899,6.35679299672635,7.39583004472682,8.42790283767041,9.64193072562608,11.1229784348543,..,..,..
"Electricity production from renewable sources, excluding hydroelectric (% of total)",EG.ELC.RNWX.ZS,Low income,LIC,0.898778197599755,0.95232209061757,1.47028881272901,1.44228783212212,1.5554372191363,1.22432944957555,-0.113925018692552,..,..,..
"Electricity production from renewable sources, excluding hydroelectric (% of total)",EG.ELC.RNWX.ZS,Lower middle income,LMC,4.36702858092055,4.01888373420905,4.63554816896469,5.17890337220369,6.15477381482538,7.89869554814502,8.30877042863018,..,..,..
"Electricity production from renewable sources, excluding hydroelectric (% of total)",EG.ELC.RNWX.ZS,"Middle East, North Africa, Afghanistan & Pakistan",MEA,0.640882106818216,1.04256502245551,1.23668432676837,1.51950712121793,1.78321732173587,2.49596462936461,2.85934764090963,..,..,..
"Electricity production from renewable sources, excluding hydroelectric (% of total)",EG.ELC.RNWX.ZS,"Middle East, North Africa, Afghanistan & Pakistan (excluding high income)",MNA,0.956523570896006,1.62487896170971,1.89600450125239,2.32829407760142,2.40643471765478,3.4017119476723,3.81940029967014,..,..,..
"Electricity production from renewable sources, excluding hydroelectric (% of total)",EG.ELC.RNWX.ZS,"Middle East, North Africa, Afghanistan & Pakistan (IDA & IBRD)",TMN,0.956025400950724,1.62114473481363,1.89233001173212,2.32313534105029,2.39633025544305,3.38733227125541,3.80204594174301,..,..,..
"Electricity production from renewable sources, excluding hydroelectric (% of total)",EG.ELC.RNWX.ZS,Middle income,MIC,4.54739885767793,5.5109379241895,6.39893522613894,7.44877491350659,8.48868559526581,9.71517717533477,11.215264714196,..,..,..
"Electricity production from renewable sources, excluding hydroelectric (% of total)",EG.ELC.RNWX.ZS,North America,NAC,7.18174750865687,8.30614037145509,9.34594737221722,9.70339394486871,10.4137891181007,12.0280742163706,13.2235950574745,..,..,..
"Electricity production from renewable sources, excluding hydroelectric (% of total)",EG.ELC.RNWX.ZS,Not classified,INX,..,..,..,..,..,..,..,..,..,..
"Electricity production from renewable sources, excluding hydroelectric (% of total)",EG.ELC.RNWX.ZS,OECD members,OED,9.92256525340633,10.7023446524714,11.9301578355819,12.5735492779542,14.0578287745107,16.0819700774984,16.732630511338,..,..,..
"Electricity production from renewable sources, excluding hydroelectric (% of total)",EG.ELC.RNWX.ZS,Other small states,OSS,14.5180838620584,14.0745964947955,14.3036781789406,15.9281065645184,17.5448398736076,18.6762693123749,18.0576359435626,..,..,..
"Electricity production from renewable sources, excluding hydroelectric (% of total)",EG.ELC.RNWX.ZS,Pacific island small states,PSS,7.32265446224256,6.51252747252747,7.54288666706975,8.61721945057063,9.06669614858889,9.9859129779171,10.2163178932518,..,..,..
"Electricity production from renewable sources, excluding hydroelectric (% of total)",EG.ELC.RNWX.ZS,Post-demographic dividend,PST,9.87497088786195,10.6229765340355,11.9060162430513,12.4841631168998,13.8437332685736,15.836033567769,16.4117868929291,..,..,..
"Electricity production from renewable sources, excluding hydroelectric (% of total)",EG.ELC.RNWX.ZS,Pre-demographic dividend,PRE,2.36955171000621,2.04973092532812,3.37735557930768,3.00106460170288,3.64319017652746,3.00875947456168,3.14962413174244,..,..,..
"Electricity production from renewable sources, excluding hydroelectric (% of total)",EG.ELC.RNWX.ZS,Small states,SST,11.2859150824795,11.0579776469299,11.3720963841246,12.6975712941229,13.8520733687602,14.5651035314959,14.4262478438965,..,..,..
"Electricity production from renewable sources, excluding hydroelectric (% of total)",EG.ELC.RNWX.ZS,South Asia,SAS,4.64209233981888,3.76652179463182,4.53273175014391,5.31367336189204,5.98427522543522,8.70495815084142,8.54637507854835,..,..,..
"Electricity production from renewable sources, excluding hydroelectric (% of total)",EG.ELC.RNWX.ZS,South Asia (IDA & IBRD),TSA,4.64209233981888,3.76652179463182,4.53273175014391,5.31367336189204,5.98427522543522,8.70495815084142,8.54637507854835,..,..,..
"Electricity production from renewable sources, excluding hydroelectric (% of total)",EG.ELC.RNWX.ZS,Sub-Saharan Africa,SSF,2.0316612587837,1.85776796489379,3.10789659926456,3.26839634260868,4.1981836687379,3.63981611454569,4.24307642267285,..,..,..
"Electricity production from renewable sources, excluding hydroelectric (% of total)",EG.ELC.RNWX.ZS,Sub-Saharan Africa (excluding high income),SSA,2.10315929710825,2.17648279474993,3.22047785270428,3.45341433348486,4.30109575164086,3.73459327516101,4.18583700165962,..,..,..
"Electricity production from renewable sources, excluding hydroelectric (% of total)",EG.ELC.RNWX.ZS,Sub-Saharan Africa (IDA & IBRD countries),TSS,2.0316612587837,1.85776796489379,3.10789659926456,3.26839634260868,4.1981836687379,3.63981611454569,4.24307642267285,..,..,..
"Electricity production from renewable sources, excluding hydroelectric (% of total)",EG.ELC.RNWX.ZS,Upper middle income,UMC,4.59383976367316,5.90101647941259,6.85469725000061,8.03802749314013,9.0902340209384,10.1611021082672,11.9103415356067,..,..,..
"Electricity production from renewable sources, excluding hydroelectric (% of total)",EG.ELC.RNWX.ZS,World,WLD,6.62894752049487,7.357428807255,8.24362756072412,8.9931692685583,10.0257728750493,11.4542533147266,12.4213916892576,..,..,..
Renewable energy consumption (% of total final energy consumption),EG.FEC.RNEW.ZS,Afghanistan,AFG,17.7,20.2,19.5,18.3,18.9,18.2,20,20,..,..
Renewable energy consumption (% of total final energy consumption),EG.FEC.RNEW.ZS,Albania,ALB,38.5,39.4,36.9,37.8,40.1,44.4,41.9,..,..,..
Renewable energy consumption (% of total final energy consumption),EG.FEC.RNEW.ZS,Algeria,DZA,0.1,0.1,0.1,0.2,0.2,0.1,0.1,..,..,..
Renewable energy consumption (% of total final energy consumption),EG.FEC.RNEW.ZS,American Samoa,ASM,0.2,0.2,0.3,0.3,0.4,0.4,0.4,0.4,..,..
Renewable energy consumption (% of total final energy consumption),EG.FEC.RNEW.ZS,Andorra,AND,19,18.9,18,17.6,17.2,20.9,18.4,18.7,..,..
Renewable energy consumption (% of total final energy consumption),EG.FEC.RNEW.ZS,Angola,AGO,47.1,48.1,52.5,52.5,51,60.1,52.9,..,..,..
Renewable energy consumption (% of total final energy consumption),EG.FEC.RNEW.ZS,Antigua and Barbuda,ATG,0.4,0.4,0.4,0.7,0.7,0.9,0.9,0.9,..,..
Renewable energy consumption (% of total final energy consumption),EG.FEC.RNEW.ZS,Argentina,ARG,9.4,9.4,10.4,10.5,10.7,9.8,9.2,..,..,..
Renewable energy consumption (% of total final energy consumption),EG.FEC.RNEW.ZS,Armenia,ARM,10.7,13.2,12.6,11.1,10.3,8.4,9.1,..,..,..
Renewable energy consumption (% of total final energy consumption),EG.FEC.RNEW.ZS,Aruba,ABW,6.7,7,6.8,8.6,8.3,9.1,8.8,8.8,..,..
Renewable energy consumption (% of total final energy consumption),EG.FEC.RNEW.ZS,Australia,AUS,9.4,9.6,9.9,9.8,10.3,11.2,12.3,..,..,..
Renewable energy consumption (% of total final energy consumption),EG.FEC.RNEW.ZS,Austria,AUT,34.8,34.6,34,34.1,34,35.8,36,..,..,..
Renewable energy consumption (% of total final energy consumption),EG.FEC.RNEW.ZS,Azerbaijan,AZE,2.3,1.9,1.9,1.9,1.7,1.3,1.3,..,..,..
Renewable energy consumption (% of total final energy consumption),EG.FEC.RNEW.ZS,"Bahamas, The",BHS,1.4,1.2,1.1,1.1,1.1,1.4,1.1,1.1,..,..
Renewable energy consumption (% of total final energy consumption),EG.FEC.RNEW.ZS,Bahrain,BHR,0,0,0,0,0,0,0,..,..,..
Renewable energy consumption (% of total final energy consumption),EG.FEC.RNEW.ZS,Bangladesh,BGD,33.1,30.2,28.1,27,26.1,27.2,25,..,..,..
Renewable energy consumption (% of total final energy consumption),EG.FEC.RNEW.ZS,Barbados,BRB,3,2.8,4.3,4.9,3.4,4.7,5.5,5.5,..,..
Renewable energy consumption (% of total final energy consumption),EG.FEC.RNEW.ZS,Belarus,BLR,6.8,6.7,7.3,7.2,7.8,8.4,8.2,..,..,..
Renewable energy consumption (% of total final energy consumption),EG.FEC.RNEW.ZS,Belgium,BEL,9.4,9.2,9.7,10.7,10.2,12.3,11.7,..,..,..
Renewable energy consumption (% of total final energy consumption),EG.FEC.RNEW.ZS,Belize,BLZ,30.3,33.3,37.2,35.5,30.4,31.4,26.6,30.8,..,..
Renewable energy consumption (% of total final energy consumption),EG.FEC.RNEW.ZS,Benin,BEN,49.9,45.4,45.4,44,46.5,46.2,54.5,..,..,..
Renewable energy consumption (% of total final energy consumption),EG.FEC.RNEW.ZS,Bermuda,BMU,0.6,1.1,0.6,0.7,0.8,0.9,0.9,0.9,..,..
Renewable energy consumption (% of total final energy consumption),EG.FEC.RNEW.ZS,Bhutan,BTN,81.6,80.8,79.7,80,81,83.9,81.8,82.5,..,..
Renewable energy consumption (% of total final energy consumption),EG.FEC.RNEW.ZS,Bolivia,BOL,14.2,13.6,14.3,14.3,13.5,16.9,12.8,..,..,..
Renewable energy consumption (% of total final energy consumption),EG.FEC.RNEW.ZS,Bosnia and Herzegovina,BIH,25.2,23,18.5,35.4,36.8,37.7,36.6,..,..,..
Renewable energy consumption (% of total final energy consumption),EG.FEC.RNEW.ZS,Botswana,BWA,26.1,26.7,26.7,25.6,26.2,27.7,27.4,..,..,..
Renewable energy consumption (% of total final energy consumption),EG.FEC.RNEW.ZS,Brazil,BRA,43.7,45.4,45.3,46.9,47.5,50,46.5,..,..,..
Renewable energy consumption (% of total final energy consumption),EG.FEC.RNEW.ZS,British Virgin Islands,VGB,1,1,1.1,1.2,1.2,1.3,1.3,1.3,..,..
Renewable energy consumption (% of total final energy consumption),EG.FEC.RNEW.ZS,Brunei Darussalam,BRN,0,0,0,0,0,0,0,..,..,..
Renewable energy consumption (% of total final energy consumption),EG.FEC.RNEW.ZS,Bulgaria,BGR,17.9,17.7,17.1,19.6,19.3,21.1,20.4,..,..,..
Renewable energy consumption (% of total final energy consumption),EG.FEC.RNEW.ZS,Burkina Faso,BFA,78.8,77.1,74.6,73.7,72.7,73.1,71.2,71.4,..,..
Renewable energy consumption (% of total final energy consumption),EG.FEC.RNEW.ZS,Burundi,BDI,91.2,89.6,88.2,85.7,84.8,83.4,83.1,83,..,..
Renewable energy consumption (% of total final energy consumption),EG.FEC.RNEW.ZS,Cabo Verde,CPV,26.4,23.9,21.8,21.9,19.7,23.4,22.6,21.8,..,..
Renewable energy consumption (% of total final energy consumption),EG.FEC.RNEW.ZS,Cambodia,KHM,60.6,58,56.3,58.1,53,51.4,52.4,..,..,..
Renewable energy consumption (% of total final energy consumption),EG.FEC.RNEW.ZS,Cameroon,CMR,78.1,78.8,79.2,78.7,78.9,78.9,79.2,..,..,..
Renewable energy consumption (% of total final energy consumption),EG.FEC.RNEW.ZS,Canada,CAN,22.3,22.1,22.8,22.3,22.4,23.9,23.8,..,..,..
Renewable energy consumption (% of total final energy consumption),EG.FEC.RNEW.ZS,Cayman Islands,CYM,0,0,0,0,0,0,0,0,..,..
Renewable energy consumption (% of total final energy consumption),EG.FEC.RNEW.ZS,Central African Republic,CAF,92.9,92.1,91.6,91.4,91.3,90.9,90.9,90.9,..,..
Renewable energy consumption (% of total final energy consumption),EG.FEC.RNEW.ZS,Chad,TCD,72.7,72.7,72.8,73.1,72.8,71.9,69.9,70,..,..
Renewable energy consumption (% of total final energy consumption),EG.FEC.RNEW.ZS,Channel Islands,CHI,..,..,..,..,..,..,..,..,..,..
Renewable energy consumption (% of total final energy consumption),EG.FEC.RNEW.ZS,Chile,CHL,25.1,24.6,24.1,25.5,25.3,26.7,24.2,..,..,..
Renewable energy consumption (% of total final energy consumption),EG.FEC.RNEW.ZS,China,CHN,12.2,12.6,13.1,13.5,14.3,14.9,15.2,..,..,..
Renewable energy consumption (% of total final energy consumption),EG.FEC.RNEW.ZS,Colombia,COL,31.1,30.5,32.2,30.4,31.5,32,29.7,..,..,..
Renewable energy consumption (% of total final energy consumption),EG.FEC.RNEW.ZS,Comoros,COM,67,64,59.5,57.7,55.3,50.8,41.2,39.3,..,..
Renewable energy consumption (% of total final energy consumption),EG.FEC.RNEW.ZS,"Congo, Dem. Rep.",COD,95.8,97,96.7,96.4,96.3,96.2,96.3,..,..,..
Renewable energy consumption (% of total final energy consumption),EG.FEC.RNEW.ZS,"Congo, Rep.",COG,64.2,67.7,69.8,70.6,69.8,71.4,71.4,..,..,..
Renewable energy consumption (% of total final energy consumption),EG.FEC.RNEW.ZS,Costa Rica,CRI,38.3,34.1,33.3,33.1,33.4,36.4,34.2,..,..,..
Renewable energy consumption (% of total final energy consumption),EG.FEC.RNEW.ZS,Cote d'Ivoire,CIV,64.5,64,62.5,60.5,61.1,61.8,58.2,..,..,..
Renewable energy consumption (% of total final energy consumption),EG.FEC.RNEW.ZS,Croatia,HRV,33.1,31.8,29.8,32.8,31.6,32.4,34.1,..,..,..
Renewable energy consumption (% of total final energy consumption),EG.FEC.RNEW.ZS,Cuba,CUB,21.1,19.2,22,24,23.1,24.5,20.9,..,..,..
Renewable energy consumption (% of total final energy consumption),EG.FEC.RNEW.ZS,Curacao,CUW,1.3,1.4,1.9,2.5,2.5,2.8,2.8,..,..,..
Renewable energy consumption (% of total final energy consumption),EG.FEC.RNEW.ZS,Cyprus,CYP,10.4,10.3,10.9,12,12,15,15.6,..,..,..
Renewable energy consumption (% of total final energy consumption),EG.FEC.RNEW.ZS,Czechia,CZE,14.8,14.8,14.5,14.7,15.9,17,17.2,..,..,..
Renewable energy consumption (% of total final energy consumption),EG.FEC.RNEW.ZS,Denmark,DNK,32.5,32,35,34.6,37.2,39.5,39.5,..,..,..
Renewable energy consumption (% of total final energy consumption),EG.FEC.RNEW.ZS,Djibouti,DJI,24.8,23.6,23.3,24.7,23.4,27.5,26.6,26.9,..,..
Renewable energy consumption (% of total final energy consumption),EG.FEC.RNEW.ZS,Dominica,DMA,8.7,10.7,9.7,7.9,7.6,8.6,8.8,8.9,..,..
Renewable energy consumption (% of total final energy consumption),EG.FEC.RNEW.ZS,Dominican Republic,DOM,14.9,15.3,16.9,15.9,14.4,16,14.8,..,..,..
Renewable energy consumption (% of total final energy consumption),EG.FEC.RNEW.ZS,Ecuador,ECU,13.1,14.8,17,16.3,17.7,20.2,18.9,..,..,..
Renewable energy consumption (% of total final energy consumption),EG.FEC.RNEW.ZS,"Egypt, Arab Rep.",EGY,5.3,5.1,4.9,5,6.2,6.7,6.1,..,..,..
Renewable energy consumption (% of total final energy consumption),EG.FEC.RNEW.ZS,El Salvador,SLV,21,20.7,25,23.2,19.4,23.7,21.9,..,..,..
Renewable energy consumption (% of total final energy consumption),EG.FEC.RNEW.ZS,Equatorial Guinea,GNQ,5.5,4.8,5,4.8,7.4,6.5,5.2,4.2,..,..
Renewable energy consumption (% of total final energy consumption),EG.FEC.RNEW.ZS,Eritrea,ERI,81.2,81.4,81.6,80.8,80.6,80.9,80.7,..,..,..
Renewable energy consumption (% of total final energy consumption),EG.FEC.RNEW.ZS,Estonia,EST,28.2,27.2,27.5,28.6,31.3,40.4,38,..,..,..
Renewable energy consumption (% of total final energy consumption),EG.FEC.RNEW.ZS,Eswatini,SWZ,68.8,64.3,65.3,65.7,64.4,63.7,65.4,64.7,..,..
Renewable energy consumption (% of total final energy consumption),EG.FEC.RNEW.ZS,Ethiopia,ETH,91.5,90.4,90.8,90,89.3,90.7,90.6,..,..,..
Renewable energy consumption (% of total final energy consumption),EG.FEC.RNEW.ZS,Faroe Islands,FRO,7.5,6.3,6,5.9,5.4,5.3,5.1,7.9,..,..
Renewable energy consumption (% of total final energy consumption),EG.FEC.RNEW.ZS,Fiji,FJI,32.7,27.7,28.6,25.8,26.5,31.8,29.7,28.4,..,..
Renewable energy consumption (% of total final energy consumption),EG.FEC.RNEW.ZS,Finland,FIN,43.2,42.4,44.4,44.2,45.4,47.3,50.2,..,..,..
Renewable energy consumption (% of total final energy consumption),EG.FEC.RNEW.ZS,France,FRA,13.3,14.2,14.1,15.2,15.5,16.8,16.2,..,..,..
Renewable energy consumption (% of total final energy consumption),EG.FEC.RNEW.ZS,French Polynesia,PYF,7.8,8.1,8.1,7.7,7.7,8.2,7.4,7,..,..
Renewable energy consumption (% of total final energy consumption),EG.FEC.RNEW.ZS,Gabon,GAB,81.9,81.5,90.2,90.3,90.2,91.3,91.3,..,..,..
Renewable energy consumption (% of total final energy consumption),EG.FEC.RNEW.ZS,"Gambia, The",GMB,49,48.6,48,48.1,47.4,49.8,48.6,47.7,..,..
Renewable energy consumption (% of total final energy consumption),EG.FEC.RNEW.ZS,Georgia,GEO,27.5,27.2,27.5,27.4,24.7,23.4,25.2,..,..,..
Renewable energy consumption (% of total final energy consumption),EG.FEC.RNEW.ZS,Germany,DEU,14.6,14.2,15.2,16,17.1,18.5,17.6,..,..,..
Renewable energy consumption (% of total final energy consumption),EG.FEC.RNEW.ZS,Ghana,GHA,44,45.2,45.3,42.1,42.6,40,39,..,..,..
Renewable energy consumption (% of total final energy consumption),EG.FEC.RNEW.ZS,Gibraltar,GIB,0,0,0,0,0,0,0,..,..,..
Renewable energy consumption (% of total final energy consumption),EG.FEC.RNEW.ZS,Greece,GRC,17.5,16.4,16.4,17.9,18.5,20.1,21.5,..,..,..
Renewable energy consumption (% of total final energy consumption),EG.FEC.RNEW.ZS,Greenland,GRL,13.1,12.4,11.3,11.4,10.9,11.8,11.6,11.7,..,..
Renewable energy consumption (% of total final energy consumption),EG.FEC.RNEW.ZS,Grenada,GRD,10.5,10.4,10.2,10.7,10.4,10.3,10.2,10,..,..
Renewable energy consumption (% of total final energy consumption),EG.FEC.RNEW.ZS,Guam,GUM,2.3,4.4,3.9,4.5,4.5,4.6,4.5,6.7,..,..
Renewable energy consumption (% of total final energy consumption),EG.FEC.RNEW.ZS,Guatemala,GTM,63.3,63.2,65,64,62.8,65.5,62.1,..,..,..
Renewable energy consumption (% of total final energy consumption),EG.FEC.RNEW.ZS,Guinea,GIN,76.2,75.3,72,73.2,68.3,65.8,66.8,66.6,..,..
Renewable energy consumption (% of total final energy consumption),EG.FEC.RNEW.ZS,Guinea-Bissau,GNB,87.2,86.8,86.8,86.6,86.2,87.2,87.4,87.4,..,..
Renewable energy consumption (% of total final energy consumption),EG.FEC.RNEW.ZS,Guyana,GUY,25,21.3,22.1,16.8,11.3,12,13.2,12.1,..,..
Renewable energy consumption (% of total final energy consumption),EG.FEC.RNEW.ZS,Haiti,HTI,76.1,76.1,76.2,76.2,76.4,76.3,76.7,..,..,..
Renewable energy consumption (% of total final energy consumption),EG.FEC.RNEW.ZS,Honduras,HND,50.8,52.7,45.6,48.9,46.2,50.2,45.9,..,..,..
Renewable energy consumption (% of total final energy consumption),EG.FEC.RNEW.ZS,"Hong Kong SAR, China",HKG,0.2,0.2,0.2,0.2,0.2,0.3,0.4,..,..,..
Renewable energy consumption (% of total final energy consumption),EG.FEC.RNEW.ZS,Hungary,HUN,15.6,15.3,14.6,13.6,13.6,14.8,15.3,..,..,..
Renewable energy consumption (% of total final energy consumption),EG.FEC.RNEW.ZS,Iceland,ISL,78,80.9,80.8,81.4,81.7,82.9,82.4,..,..,..
Renewable energy consumption (% of total final energy consumption),EG.FEC.RNEW.ZS,India,IND,33.4,33,32.5,32.9,33.5,36.1,34.9,..,..,..
Renewable energy consumption (% of total final energy consumption),EG.FEC.RNEW.ZS,Indonesia,IDN,26.6,27.8,25.2,22,19.8,21.9,20.2,..,..,..
Renewable energy consumption (% of total final energy consumption),EG.FEC.RNEW.ZS,"Iran, Islamic Rep.",IRN,0.9,1,1,1,1,0.9,0.9,..,..,..
Renewable energy consumption (% of total final energy consumption),EG.FEC.RNEW.ZS,Iraq,IRQ,0.8,0.9,0.5,0.5,0.9,1.1,1.1,..,..,..
Renewable energy consumption (% of total final energy consumption),EG.FEC.RNEW.ZS,Ireland,IRL,9.5,8.6,10.1,10.8,12.3,13.7,12.7,..,..,..
Renewable energy consumption (% of total final energy consumption),EG.FEC.RNEW.ZS,Isle of Man,IMN,2.2,1.9,1.9,2,1.9,2,3.2,2.7,..,..
Renewable energy consumption (% of total final energy consumption),EG.FEC.RNEW.ZS,Israel,ISR,3.7,4,3.9,3.8,4.5,5.6,6.2,..,..,..
Renewable energy consumption (% of total final energy consumption),EG.FEC.RNEW.ZS,Italy,ITA,16.6,16.1,16.4,17.1,17.3,18.7,17.5,..,..,..
Renewable energy consumption (% of total final energy consumption),EG.FEC.RNEW.ZS,Jamaica,JAM,12.1,11.1,11,8.9,9.2,11.7,10.5,..,..,..
Renewable energy consumption (% of total final energy consumption),EG.FEC.RNEW.ZS,Japan,JPN,6.2,6.4,6.9,7.3,7.8,8.5,8.8,..,..,..
Renewable energy consumption (% of total final energy consumption),EG.FEC.RNEW.ZS,Jordan,JOR,3.2,4.7,5.3,7.2,8.5,10.7,11.5,..,..,..
Renewable energy consumption (% of total final energy consumption),EG.FEC.RNEW.ZS,Kazakhstan,KAZ,1.7,2.1,2,1.9,1.9,1.8,2,..,..,..
Renewable energy consumption (% of total final energy consumption),EG.FEC.RNEW.ZS,Kenya,KEN,69.2,68.3,68.1,68.7,68.1,69,67.7,..,..,..
Renewable energy consumption (% of total final energy consumption),EG.FEC.RNEW.ZS,Kiribati,KIR,47.5,48.1,42.5,42.3,42.2,42.2,42.2,41.9,..,..
Renewable energy consumption (% of total final energy consumption),EG.FEC.RNEW.ZS,"Korea, Dem. People's Rep.",PRK,22.6,24,10.2,11.9,10,11.2,14.7,..,..,..
Renewable energy consumption (% of total final energy consumption),EG.FEC.RNEW.ZS,"Korea, Rep.",KOR,2.7,2.6,2.8,3.2,3.2,3.6,3.6,..,..,..
Renewable energy consumption (% of total final energy consumption),EG.FEC.RNEW.ZS,Kosovo,XKX,..,..,..,..,..,..,..,..,..,..
Renewable energy consumption (% of total final energy consumption),EG.FEC.RNEW.ZS,Kuwait,KWT,0,0,0,0,0.1,0.1,0.1,..,..,..
Renewable energy consumption (% of total final energy consumption),EG.FEC.RNEW.ZS,Kyrgyz Republic,KGZ,23.5,22.2,24.7,23.4,28.3,30,27.6,..,..,..
Renewable energy consumption (% of total final energy consumption),EG.FEC.RNEW.ZS,Lao PDR,LAO,53.3,51.7,50.6,50.2,50.5,50.6,51.5,49.2,..,..
Renewable energy consumption (% of total final energy consumption),EG.FEC.RNEW.ZS,Latvia,LVA,38.1,38.5,42.6,41,41.5,43.8,44,..,..,..
Renewable energy consumption (% of total final energy consumption),EG.FEC.RNEW.ZS,Lebanon,LBN,4.2,4,4,4.7,5.1,6.3,6.8,..,..,..
Renewable energy consumption (% of total final energy consumption),EG.FEC.RNEW.ZS,Lesotho,LSO,46,45.1,41.5,42.5,41.6,43.2,33.6,34.9,..,..
Renewable energy consumption (% of total final energy consumption),EG.FEC.RNEW.ZS,Liberia,LBR,91.9,92.8,93.6,94.4,89.7,93,93.2,92.8,..,..
Renewable energy consumption (% of total final energy consumption),EG.FEC.RNEW.ZS,Libya,LBY,2.9,2.8,2.9,2.9,3,3.2,3.1,..,..,..
Renewable energy consumption (% of total final energy consumption),EG.FEC.RNEW.ZS,Liechtenstein,LIE,55.5,55.8,55.3,56.8,56.1,55.2,53.6,56.9,..,..
Renewable energy consumption (% of total final energy consumption),EG.FEC.RNEW.ZS,Lithuania,LTU,29,31.5,33.8,33.7,33.5,31.7,33.2,..,..,..
Renewable energy consumption (% of total final energy consumption),EG.FEC.RNEW.ZS,Luxembourg,LUX,9.1,13.5,15.3,16,16.4,20.8,20.5,..,..,..
Renewable energy consumption (% of total final energy consumption),EG.FEC.RNEW.ZS,"Macao SAR, China",MAC,5.4,5.4,3.9,8.4,8.4,11,13.6,11,..,..
Renewable energy consumption (% of total final energy consumption),EG.FEC.RNEW.ZS,Madagascar,MDG,83.9,83.8,81.9,84.2,82.5,84.7,83.6,83.1,..,..
Renewable energy consumption (% of total final energy consumption),EG.FEC.RNEW.ZS,Malawi,MWI,81,78.9,76.9,73.2,70.9,71.5,71.1,62.9,..,..
Renewable energy consumption (% of total final energy consumption),EG.FEC.RNEW.ZS,Malaysia,MYS,3.4,4.4,5.2,5.3,5.7,7,7.5,..,..,..
Renewable energy consumption (% of total final energy consumption),EG.FEC.RNEW.ZS,Maldives,MDV,1.5,1.2,1.3,1.3,1.3,1.6,1.4,1.2,..,..
Renewable energy consumption (% of total final energy consumption),EG.FEC.RNEW.ZS,Mali,MLI,81.2,77.9,77,77.2,74.9,72.8,71.2,71.1,..,..
Renewable energy consumption (% of total final energy consumption),EG.FEC.RNEW.ZS,Malta,MLT,6,9.2,7.3,7.6,7.4,9.2,8.6,..,..,..
Renewable energy consumption (% of total final energy consumption),EG.FEC.RNEW.ZS,Marshall Islands,MHL,11.7,12.1,12,12,12.1,12,12.1,12.2,..,..
Renewable energy consumption (% of total final energy consumption),EG.FEC.RNEW.ZS,Mauritania,MRT,28.3,31.7,25.5,21.6,21.2,20.9,22.1,19.6,..,..
Renewable energy consumption (% of total final energy consumption),EG.FEC.RNEW.ZS,Mauritius,MUS,11.5,10.3,9.4,9.2,8.9,9.4,8.6,..,..,..
Renewable energy consumption (% of total final energy consumption),EG.FEC.RNEW.ZS,Mexico,MEX,9.2,9.2,10.1,10.3,10.3,12.3,13,..,..,..
Renewable energy consumption (% of total final energy consumption),EG.FEC.RNEW.ZS,"Micronesia, Fed. Sts.",FSM,1.7,1.9,1.7,2,2,2,2.1,2,..,..
Renewable energy consumption (% of total final energy consumption),EG.FEC.RNEW.ZS,Moldova,MDA,24.7,25.3,26.1,25.3,22,22.3,21.4,..,..,..
Renewable energy consumption (% of total final energy consumption),EG.FEC.RNEW.ZS,Monaco,MCO,..,..,..,..,..,..,..,..,..,..
Renewable energy consumption (% of total final energy consumption),EG.FEC.RNEW.ZS,Mongolia,MNG,3.5,3.4,1.8,2.1,2.3,2.9,3,..,..,..
Renewable energy consumption (% of total final energy consumption),EG.FEC.RNEW.ZS,Montenegro,MNE,43,43.9,37.8,40.6,38.7,39.6,39.6,..,..,..
Renewable energy consumption (% of total final energy consumption),EG.FEC.RNEW.ZS,Morocco,MAR,11.2,11.1,10.4,10.9,10.7,11.1,10.9,..,..,..
Renewable energy consumption (% of total final energy consumption),EG.FEC.RNEW.ZS,Mozambique,MOZ,80.1,77.4,78.2,79,77.5,80.2,76.9,..,..,..
Renewable energy consumption (% of total final energy consumption),EG.FEC.RNEW.ZS,Myanmar,MMR,70,68.8,59.5,59.4,58.5,59.2,62.9,..,..,..
Renewable energy consumption (% of total final energy consumption),EG.FEC.RNEW.ZS,Namibia,NAM,29.3,29.2,30.2,30.9,30.2,31.2,30,..,..,..
Renewable energy consumption (% of total final energy consumption),EG.FEC.RNEW.ZS,Nauru,NRU,0.1,0.2,0.6,0.7,0.6,1.3,1.6,1.9,..,..
Renewable energy consumption (% of total final energy consumption),EG.FEC.RNEW.ZS,Nepal,NPL,85.2,79.4,76.8,75,78.2,73.1,73.7,..,..,..
Renewable energy consumption (% of total final energy consumption),EG.FEC.RNEW.ZS,Netherlands,NLD,5.8,5.6,6.4,7.4,8.6,10.7,12.2,..,..,..
Renewable energy consumption (% of total final energy consumption),EG.FEC.RNEW.ZS,New Caledonia,NCL,5.1,3.7,5.1,4.6,5.2,6.1,8.3,9.6,..,..
Renewable energy consumption (% of total final energy consumption),EG.FEC.RNEW.ZS,New Zealand,NZL,29.3,30.1,28.4,28.9,28,28.7,28.9,..,..,..
Renewable energy consumption (% of total final energy consumption),EG.FEC.RNEW.ZS,Nicaragua,NIC,50,49.5,48.9,51.3,50.5,52.2,50.4,..,..,..
Renewable energy consumption (% of total final energy consumption),EG.FEC.RNEW.ZS,Niger,NER,78.9,80.2,82,82,80.7,81.9,79.6,..,..,..
Renewable energy consumption (% of total final energy consumption),EG.FEC.RNEW.ZS,Nigeria,NGA,81.3,81.1,81.6,80.8,80.1,81.8,80.3,..,..,..
Renewable energy consumption (% of total final energy consumption),EG.FEC.RNEW.ZS,North Macedonia,MKD,23.9,21.4,19,20.9,17,20,19.5,..,..,..
Renewable energy consumption (% of total final energy consumption),EG.FEC.RNEW.ZS,Northern Mariana Islands,MNP,0,0,0,0,0,0.3,0.5,0.5,..,..
Renewable energy consumption (% of total final energy consumption),EG.FEC.RNEW.ZS,Norway,NOR,56.5,57.7,58.9,58.9,59.8,60.9,61.4,..,..,..
Renewable energy consumption (% of total final energy consumption),EG.FEC.RNEW.ZS,Oman,OMN,0,0,0,0,0,0.1,0.1,..,..,..
Renewable energy consumption (% of total final energy consumption),EG.FEC.RNEW.ZS,Pakistan,PAK,45.9,43.7,42.1,43.4,45.9,42.7,41.6,..,..,..
Renewable energy consumption (% of total final energy consumption),EG.FEC.RNEW.ZS,Palau,PLW,0.4,0.6,0.6,0.6,0.9,0.9,0.9,0.9,..,..
Renewable energy consumption (% of total final energy consumption),EG.FEC.RNEW.ZS,Panama,PAN,22,22.1,23.6,24.5,19,28.5,28,..,..,..
Renewable energy consumption (% of total final energy consumption),EG.FEC.RNEW.ZS,Papua New Guinea,PNG,55.3,54.8,54.7,53.4,53.2,53.6,54.5,54.6,..,..
Renewable energy consumption (% of total final energy consumption),EG.FEC.RNEW.ZS,Paraguay,PRY,60.5,62.5,60.1,59.2,60.1,61.5,58.8,..,..,..
Renewable energy consumption (% of total final energy consumption),EG.FEC.RNEW.ZS,Peru,PER,27.4,27.2,27.6,27.9,27.1,31.6,30.6,..,..,..
Renewable energy consumption (% of total final energy consumption),EG.FEC.RNEW.ZS,Philippines,PHL,30.8,28.6,27.8,27.6,26.9,29.1,28,..,..,..
Renewable energy consumption (% of total final energy consumption),EG.FEC.RNEW.ZS,Poland,POL,11.9,11.3,11.1,15.1,15.6,16.1,15.2,..,..,..
Renewable energy consumption (% of total final energy consumption),EG.FEC.RNEW.ZS,Portugal,PRT,27.2,29,24.4,27.5,28.2,31.3,32.3,..,..,..
Renewable energy consumption (% of total final energy consumption),EG.FEC.RNEW.ZS,Puerto Rico (US),PRI,1.9,1.9,2.3,1.4,2.4,2.5,2.6,2.5,..,..
Renewable energy consumption (% of total final energy consumption),EG.FEC.RNEW.ZS,Qatar,QAT,0,0.1,0.1,0,0.1,0,0,..,..,..
Renewable energy consumption (% of total final energy consumption),EG.FEC.RNEW.ZS,Romania,ROU,23.7,24.4,23.4,23,23.5,24.1,23.6,..,..,..
Renewable energy consumption (% of total final energy consumption),EG.FEC.RNEW.ZS,Russian Federation,RUS,3.2,3.4,3.2,3.2,3.2,3.7,3.5,..,..,..
Renewable energy consumption (% of total final energy consumption),EG.FEC.RNEW.ZS,Rwanda,RWA,86.3,85.5,84.5,82.8,81.8,81.7,79.4,79.9,..,..
Renewable energy consumption (% of total final energy consumption),EG.FEC.RNEW.ZS,Samoa,WSM,37.1,36.8,35.8,36.6,34.2,35.6,36,35.9,..,..
Renewable energy consumption (% of total final energy consumption),EG.FEC.RNEW.ZS,San Marino,SMR,..,..,..,..,..,..,..,..,..,..
Renewable energy consumption (% of total final energy consumption),EG.FEC.RNEW.ZS,Sao Tome and Principe,STP,39.2,38.1,39.2,40.6,38.6,41.6,40.8,42.5,..,..
Renewable energy consumption (% of total final energy consumption),EG.FEC.RNEW.ZS,Saudi Arabia,SAU,0,0,0,0,0,0.1,0.1,..,..,..
Renewable energy consumption (% of total final energy consumption),EG.FEC.RNEW.ZS,Senegal,SEN,39.1,36.7,36.8,34.2,36.2,38.7,35.4,..,..,..
Renewable energy consumption (% of total final energy consumption),EG.FEC.RNEW.ZS,Serbia,SRB,21.2,20.9,20,21,21.4,26,27.2,..,..,..
Renewable energy consumption (% of total final energy consumption),EG.FEC.RNEW.ZS,Seychelles,SYC,1.4,1.2,1.2,1.2,1.2,1.3,1.7,1.9,..,..
Renewable energy consumption (% of total final energy consumption),EG.FEC.RNEW.ZS,Sierra Leone,SLE,74,73.6,74.6,75.9,75.4,75.1,71.1,71.6,..,..
Renewable energy consumption (% of total final energy consumption),EG.FEC.RNEW.ZS,Singapore,SGP,0.7,0.7,0.7,0.8,0.9,0.9,1.1,..,..,..
Renewable energy consumption (% of total final energy consumption),EG.FEC.RNEW.ZS,Sint Maarten (Dutch part),SXM,0,0,0,0,0,0,0,0,..,..
Renewable energy consumption (% of total final energy consumption),EG.FEC.RNEW.ZS,Slovak Republic,SVK,13.4,13.1,12.4,12.4,17.6,17.6,17.9,..,..,..
Renewable energy consumption (% of total final energy consumption),EG.FEC.RNEW.ZS,Slovenia,SVN,21.4,21,19.7,20.6,20.9,22.7,23.4,..,..,..
Renewable energy consumption (% of total final energy consumption),EG.FEC.RNEW.ZS,Solomon Islands,SLB,48.6,48.7,49,48.6,48.4,49,49.1,50.1,..,..
Renewable energy consumption (% of total final energy consumption),EG.FEC.RNEW.ZS,"Somalia, Fed. Rep.",SOM,94.5,94.8,94.9,94.9,95,95.5,95.4,95.4,..,..
Renewable energy consumption (% of total final energy consumption),EG.FEC.RNEW.ZS,South Africa,ZAF,7.6,7.8,7.9,8,8.7,9.8,9.7,..,..,..
Renewable energy consumption (% of total final energy consumption),EG.FEC.RNEW.ZS,South Sudan,SSD,27.5,28.7,35.1,31.5,31.4,32.8,32.4,..,..,..
Renewable energy consumption (% of total final energy consumption),EG.FEC.RNEW.ZS,Spain,ESP,16.3,16.7,15.2,16.9,16.7,19.3,19,..,..,..
Renewable energy consumption (% of total final energy consumption),EG.FEC.RNEW.ZS,Sri Lanka,LKA,51.3,45.1,45.8,47.9,46.1,49.3,48.8,..,..,..
Renewable energy consumption (% of total final energy consumption),EG.FEC.RNEW.ZS,St. Kitts and Nevis,KNA,1.6,1.7,1.3,1.3,1.3,1.6,1.6,1.5,..,..
Renewable energy consumption (% of total final energy consumption),EG.FEC.RNEW.ZS,St. Lucia,LCA,11.5,11.2,10.2,10.2,10,10,9.7,9.7,..,..
Renewable energy consumption (% of total final energy consumption),EG.FEC.RNEW.ZS,St. Martin (French part),MAF,..,..,..,..,..,..,..,..,..,..
Renewable energy consumption (% of total final energy consumption),EG.FEC.RNEW.ZS,St. Vincent and the Grenadines,VCT,4.3,4.1,5.3,4.9,5.4,5.2,5,5.1,..,..
Renewable energy consumption (% of total final energy consumption),EG.FEC.RNEW.ZS,Sudan,SDN,61.9,58.9,59.4,59.8,59.4,62.6,61,..,..,..
Renewable energy consumption (% of total final energy consumption),EG.FEC.RNEW.ZS,Suriname,SUR,11.6,11.1,15.5,18.3,14.9,14.6,14.5,..,..,..
Renewable energy consumption (% of total final energy consumption),EG.FEC.RNEW.ZS,Sweden,SWE,51.9,50.9,51.8,51.6,52.9,57.8,57.9,..,..,..
Renewable energy consumption (% of total final energy consumption),EG.FEC.RNEW.ZS,Switzerland,CHE,23.9,24.1,25,24.2,24.8,26.4,27.7,..,..,..
Renewable energy consumption (% of total final energy consumption),EG.FEC.RNEW.ZS,Syrian Arab Republic,SYR,0.6,1.3,1.1,0.9,1,1.1,1.1,..,..,..
Renewable energy consumption (% of total final energy consumption),EG.FEC.RNEW.ZS,Tajikistan,TJK,48.1,43.7,44.2,41.6,40.1,38.8,34.9,..,..,..
Renewable energy consumption (% of total final energy consumption),EG.FEC.RNEW.ZS,Tanzania,TZA,82.8,81.7,82,81.3,80.4,80.8,78.3,..,..,..
Renewable energy consumption (% of total final energy consumption),EG.FEC.RNEW.ZS,Thailand,THA,22.6,22.4,22.2,23.7,23.9,20.9,19,..,..,..
Renewable energy consumption (% of total final energy consumption),EG.FEC.RNEW.ZS,Timor-Leste,TLS,18,12.7,13.2,12.7,11.7,11.4,12.1,11.4,..,..
Renewable energy consumption (% of total final energy consumption),EG.FEC.RNEW.ZS,Togo,TGO,81,80.7,78.4,76.7,78.6,76.2,75.1,..,..,..
Renewable energy consumption (% of total final energy consumption),EG.FEC.RNEW.ZS,Tonga,TON,1.9,2,2,1.8,1.8,1.9,1.8,2.3,..,..
Renewable energy consumption (% of total final energy consumption),EG.FEC.RNEW.ZS,Trinidad and Tobago,TTO,0.4,0.4,0.4,0.5,0.4,0.5,0.5,..,..,..
Renewable energy consumption (% of total final energy consumption),EG.FEC.RNEW.ZS,Tunisia,TUN,12.5,12.4,11.8,11.9,12.2,12.9,11.6,..,..,..
Renewable energy consumption (% of total final energy consumption),EG.FEC.RNEW.ZS,Turkiye,TUR,13.3,13.2,11.4,11.8,14.1,13.7,12,..,..,..
Renewable energy consumption (% of total final energy consumption),EG.FEC.RNEW.ZS,Turkmenistan,TKM,0.1,0.1,0.1,0.1,0.1,0.1,0.1,..,..,..
Renewable energy consumption (% of total final energy consumption),EG.FEC.RNEW.ZS,Turks and Caicos Islands,TCA,0.4,0.4,0.3,0.4,0.5,0.5,0.8,0.8,..,..
Renewable energy consumption (% of total final energy consumption),EG.FEC.RNEW.ZS,Tuvalu,TUV,3,7.3,7,6.4,6.3,5,5,5.2,..,..
Renewable energy consumption (% of total final energy consumption),EG.FEC.RNEW.ZS,Uganda,UGA,91.7,91.4,91.3,90.5,90.5,91.6,91,90.9,..,..
Renewable energy consumption (% of total final energy consumption),EG.FEC.RNEW.ZS,Ukraine,UKR,4.2,5.5,6.5,6.9,7.4,8.7,8.9,..,..,..
Renewable energy consumption (% of total final energy consumption),EG.FEC.RNEW.ZS,United Arab Emirates,ARE,0.1,0.1,0.2,0.3,0.7,0.9,1,..,..,..
Renewable energy consumption (% of total final energy consumption),EG.FEC.RNEW.ZS,United Kingdom,GBR,7.7,7.7,8.8,10.2,11.4,13.6,12.2,..,..,..
Renewable energy consumption (% of total final energy consumption),EG.FEC.RNEW.ZS,United States,USA,8.9,9.3,9.7,9.9,10.2,11,10.9,..,..,..
Renewable energy consumption (% of total final energy consumption),EG.FEC.RNEW.ZS,Uruguay,URY,59.4,60.3,60.8,60.8,59.3,61.2,57.8,..,..,..
Renewable energy consumption (% of total final energy consumption),EG.FEC.RNEW.ZS,Uzbekistan,UZB,1.7,1.6,1.7,1.5,1.6,1,1,..,..,..
Renewable energy consumption (% of total final energy consumption),EG.FEC.RNEW.ZS,Vanuatu,VUT,35.6,33.1,35.7,29.7,31.6,26,24.6,25,..,..
Renewable energy consumption (% of total final energy consumption),EG.FEC.RNEW.ZS,"Venezuela, RB",VEN,15.4,14.6,14.3,14.6,15.8,31.2,33.7,..,..,..
Renewable energy consumption (% of total final energy consumption),EG.FEC.RNEW.ZS,Viet Nam,VNM,27.8,26.8,28.3,24.3,20.4,18.9,24.2,..,..,..
Renewable energy consumption (% of total final energy consumption),EG.FEC.RNEW.ZS,Virgin Islands (U.S.),VIR,5.6,5.7,5.3,5.8,6.2,5.9,5.9,5.9,..,..
Renewable energy consumption (% of total final energy consumption),EG.FEC.RNEW.ZS,West Bank and Gaza,PSE,11,12.3,10.5,12.7,13.9,15,15.4,15.4,..,..
Renewable energy consumption (% of total final energy consumption),EG.FEC.RNEW.ZS,"Yemen, Rep.",YEM,2,2.6,3,2.9,3,3.5,3.7,..,..,..
Renewable energy consumption (% of total final energy consumption),EG.FEC.RNEW.ZS,Zambia,ZMB,84,84,83.5,83.8,86.1,85.4,83,..,..,..
Renewable energy consumption (% of total final energy consumption),EG.FEC.RNEW.ZS,Zimbabwe,ZWE,80.8,81.7,82,79.7,81,84.1,82.4,..,..,..
Renewable energy consumption (% of total final energy consumption),EG.FEC.RNEW.ZS,Africa Eastern and Southern,AFE,61.6702780479896,61.8228841937413,61.4269497576408,61.5875298317964,62.6907096127666,65.7823798017466,..,..,..,..
Renewable energy consumption (% of total final energy consumption),EG.FEC.RNEW.ZS,Africa Western and Central,AFW,76.181670524591,75.7968398295924,76.1016805879549,75.4765777368905,75.0787881678252,75.846980103796,..,..,..,..
Renewable energy consumption (% of total final energy consumption),EG.FEC.RNEW.ZS,Arab World,ARB,4.21496941236506,4.29077756155343,4.3581617981618,4.50425823426351,4.70633158020559,5.17060073389405,..,..,..,..
Renewable energy consumption (% of total final energy consumption),EG.FEC.RNEW.ZS,Caribbean small states,CSS,6.1973602484472,6.68268450932684,7.41293833131802,7.1973830973831,5.88822815533981,6.28843567906768,..,..,..,..
Renewable energy consumption (% of total final energy consumption),EG.FEC.RNEW.ZS,Central Europe and the Baltics,CEB,17.1594982078853,16.8577627377285,16.4703987047156,18.1476863313142,18.8601539560352,19.6977838168354,..,..,..,..
Renewable energy consumption (% of total final energy consumption),EG.FEC.RNEW.ZS,Early-demographic dividend,EAR,23.2788830905664,23.2789953267586,22.9476250496601,23.0553629444334,23.4235915027361,24.9895503831566,..,..,..,..
Renewable energy consumption (% of total final energy consumption),EG.FEC.RNEW.ZS,East Asia & Pacific,EAS,12.9820393664344,13.3311956056945,13.5844394239657,13.7870493058758,14.2375892668268,14.8081424064458,..,..,..,..
Renewable energy consumption (% of total final energy consumption),EG.FEC.RNEW.ZS,East Asia & Pacific (excluding high income),EAP,14.5349935193322,14.9330102136904,15.1598217902853,15.2617412584325,15.6869369882801,16.1762699381612,..,..,..,..
Renewable energy consumption (% of total final energy consumption),EG.FEC.RNEW.ZS,East Asia & Pacific (IDA & IBRD countries),TEA,14.5102816361425,14.9020380294471,15.1902273112057,15.2801719188239,15.7206717226655,16.2041019103429,..,..,..,..
Renewable energy consumption (% of total final energy consumption),EG.FEC.RNEW.ZS,Euro area,EMU,16.3384695385984,16.3515161082474,16.5781248896323,17.5470865076425,18.1354055105348,19.8074872686191,..,..,..,..
Renewable energy consumption (% of total final energy consumption),EG.FEC.RNEW.ZS,Europe & Central Asia,ECS,12.8744480605886,12.8866548739741,12.8819075023182,13.4797382823169,14.0059727126658,15.106449203531,..,..,..,..
Renewable energy consumption (% of total final energy consumption),EG.FEC.RNEW.ZS,Europe & Central Asia (excluding high income),ECA,8.89374944135576,9.05362050305208,8.68104031424437,9.10455322874983,10.0324286162535,10.0604471757322,..,..,..,..
Renewable energy consumption (% of total final energy consumption),EG.FEC.RNEW.ZS,Europe & Central Asia (IDA & IBRD countries),TEC,6.91555148923036,7.04015093233689,6.75633843243037,7.25779989922942,7.59012527634488,8.02684416318492,..,..,..,..
Renewable energy consumption (% of total final energy consumption),EG.FEC.RNEW.ZS,European Union,EUU,17.6122764341327,17.523235814157,17.6857102209371,18.7249884796166,19.3440009483852,21.0591470733795,..,..,..,..
Renewable energy consumption (% of total final energy consumption),EG.FEC.RNEW.ZS,Fragile and conflict affected situations,FCS,57.6932200867948,58.0264070642556,58.2811879395165,57.5039867109635,58.3619072174114,61.665418044345,..,..,..,..
Renewable energy consumption (% of total final energy consumption),EG.FEC.RNEW.ZS,Heavily indebted poor countries (HIPC),HPC,76.5530574120486,76.0862841962469,75.9193473348398,75.2520183545811,74.8448133256749,76.0353291030768,..,..,..,..
Renewable energy consumption (% of total final energy consumption),EG.FEC.RNEW.ZS,High income,HIC,10.6050781624931,10.7845732962853,11.0890197580437,11.4686788378903,11.7839130112794,12.7831808525723,..,..,..,..
Renewable energy consumption (% of total final energy consumption),EG.FEC.RNEW.ZS,IBRD only,IBD,16.0209177851331,16.2845965537743,16.3923000534023,16.6268066421204,17.0666276982215,18.0085051596372,..,..,..,..
Renewable energy consumption (% of total final energy consumption),EG.FEC.RNEW.ZS,IDA & IBRD total,IBT,21.6163623919511,21.8132582722264,21.8333716725747,21.9590062576992,22.4318628279228,23.435247290857,..,..,..,..
Renewable energy consumption (% of total final energy consumption),EG.FEC.RNEW.ZS,IDA blend,IDB,61.7521936459909,60.4836460271951,59.7969449026188,60.0455922831853,60.7067624481493,60.0736911684857,..,..,..,..
Renewable energy consumption (% of total final energy consumption),EG.FEC.RNEW.ZS,IDA only,IDX,69.2695625897768,68.2872983784982,67.1926478978048,66.0568216095439,66.1344154982874,67.3560634206125,..,..,..,..
Renewable energy consumption (% of total final energy consumption),EG.FEC.RNEW.ZS,IDA total,IDA,65.4970691927081,64.3516706620498,63.4625486644428,63.0596732632859,63.4454503938806,63.7525629244284,..,..,..,..
Renewable energy consumption (% of total final energy consumption),EG.FEC.RNEW.ZS,Late-demographic dividend,LTE,13.7947562846974,14.1053604502349,14.3601698499908,14.7113402854056,15.1930553100861,15.8291260683112,..,..,..,..
Renewable energy consumption (% of total final energy consumption),EG.FEC.RNEW.ZS,Latin America & Caribbean,LCN,28.2446666189275,28.8850327404841,29.4068241645848,30.252639118551,30.6248117743588,34.1964972995889,..,..,..,..
Renewable energy consumption (% of total final energy consumption),EG.FEC.RNEW.ZS,Latin America & Caribbean (excluding high income),LAC,29.3653339575074,30.0701319995524,30.6421659951186,31.4749268035603,31.7254596724351,34.931181287891,..,..,..,..
Renewable energy consumption (% of total final energy consumption),EG.FEC.RNEW.ZS,Latin America & the Caribbean (IDA & IBRD countries),TLA,28.4881357094781,29.1484835734771,29.6408830785882,30.4953793252595,30.8730849505438,34.4989632470857,..,..,..,..
Renewable energy consumption (% of total final energy consumption),EG.FEC.RNEW.ZS,Least developed countries: UN classification,LDC,72.6420499355701,71.7069864304561,70.6528427025745,69.6689273124056,69.5024909470932,70.885707743194,..,..,..,..
Renewable energy consumption (% of total final energy consumption),EG.FEC.RNEW.ZS,Low & middle income,LMY,22.8201674163747,23.0608461717503,23.0974316930161,23.1935827555534,23.6991235791253,24.5991935538732,..,..,..,..
Renewable energy consumption (% of total final energy consumption),EG.FEC.RNEW.ZS,Low income,LIC,72.025105390618,72.3242852138885,68.0372933002885,67.4936095658543,67.0220084162203,69.2018592023965,..,..,..,..
Renewable energy consumption (% of total final energy consumption),EG.FEC.RNEW.ZS,Lower middle income,LMC,41.5090157779437,40.5515766783568,39.843846096,39.7446785945484,40.1472436736453,41.6375575764497,..,..,..,..
Renewable energy consumption (% of total final energy consumption),EG.FEC.RNEW.ZS,"Middle East, North Africa, Afghanistan & Pakistan",MEA,7.08007314623562,7.10925108984167,7.14927454903901,7.30858693459966,7.59670819188084,7.54675702757893,..,..,..,..
Renewable energy consumption (% of total final energy consumption),EG.FEC.RNEW.ZS,"Middle East, North Africa, Afghanistan & Pakistan (excluding high income)",MNA,11.2870521999878,11.1503064832308,10.9413685116146,10.9619732223084,11.4865470725413,11.2181326344417,..,..,..,..
Renewable energy consumption (% of total final energy consumption),EG.FEC.RNEW.ZS,"Middle East, North Africa, Afghanistan & Pakistan (IDA & IBRD)",TMN,11.2881808687104,11.1456851493979,10.943060961286,10.9557039236004,11.4771071770715,11.2025085485546,..,..,..,..
Renewable energy consumption (% of total final energy consumption),EG.FEC.RNEW.ZS,Middle income,MIC,21.5560536905019,21.7814211036831,21.8712431719356,21.9901982115892,22.4930680521439,23.3167480903784,..,..,..,..
Renewable energy consumption (% of total final energy consumption),EG.FEC.RNEW.ZS,North America,NAC,10.3923884465868,10.724670511025,11.2091690751112,11.3114262085469,11.5807525012806,12.4628823400948,..,..,..,..
Renewable energy consumption (% of total final energy consumption),EG.FEC.RNEW.ZS,Not classified,INX,..,..,..,..,..,..,..,..,..,..
Renewable energy consumption (% of total final energy consumption),EG.FEC.RNEW.ZS,OECD members,OED,12.2611450949417,12.432384629223,12.7954391065077,13.2024399046234,13.6864487000325,14.8380363213872,..,..,..,..
Renewable energy consumption (% of total final energy consumption),EG.FEC.RNEW.ZS,Other small states,OSS,42.5760198652004,42.1565383945673,41.4366535230585,42.3626099950191,42.3904707420726,45.4042214532872,..,..,..,..
Renewable energy consumption (% of total final energy consumption),EG.FEC.RNEW.ZS,Pacific island small states,PSS,31.3321759259259,28.8504854368932,28.9891402714932,27.3537444933921,27.3889848812095,29.425845410628,..,..,..,..
Renewable energy consumption (% of total final energy consumption),EG.FEC.RNEW.ZS,Post-demographic dividend,PST,11.8425604176608,12.0622071586832,12.4846381438532,12.8576178839564,13.2726556995631,14.4278548426441,..,..,..,..
Renewable energy consumption (% of total final energy consumption),EG.FEC.RNEW.ZS,Pre-demographic dividend,PRE,73.339891666412,72.8428194718611,72.7571519329351,71.906862473446,71.4398709500275,73.3285283869645,..,..,..,..
Renewable energy consumption (% of total final energy consumption),EG.FEC.RNEW.ZS,Small states,SST,31.1755146888735,31.3734949541816,31.1677364093193,32.2826634877384,31.6559924886778,34.2609139465875,..,..,..,..
Renewable energy consumption (% of total final energy consumption),EG.FEC.RNEW.ZS,South Asia,SAS,34.8834168535168,34.2074772429003,33.5888874710393,33.8834998158718,34.4293579877468,36.8864659122341,..,..,..,..
Renewable energy consumption (% of total final energy consumption),EG.FEC.RNEW.ZS,South Asia (IDA & IBRD),TSA,34.8834168535168,34.2074772429003,33.5888874710393,33.8834998158718,34.4293579877468,36.8864659122341,..,..,..,..
Renewable energy consumption (% of total final energy consumption),EG.FEC.RNEW.ZS,Sub-Saharan Africa,SSF,68.0255515815612,67.9625238161754,67.8175544668556,67.6660713231228,68.1693850218034,70.2701133853785,..,..,..,..
Renewable energy consumption (% of total final energy consumption),EG.FEC.RNEW.ZS,Sub-Saharan Africa (excluding high income),SSA,65.7662775656608,65.7628766382921,65.5572534348578,65.4505889650284,66.056261685499,68.169313816785,..,..,..,..
Renewable energy consumption (% of total final energy consumption),EG.FEC.RNEW.ZS,Sub-Saharan Africa (IDA & IBRD countries),TSS,68.0255515815612,67.9625238161754,67.8175544668556,67.6660713231228,68.1693850218034,70.2701133853785,..,..,..,..
Renewable energy consumption (% of total final energy consumption),EG.FEC.RNEW.ZS,Upper middle income,UMC,14.5429189160572,14.9096847055022,15.1318149947337,15.3128112264645,15.8640951439244,16.5853427587953,..,..,..,..
Renewable energy consumption (% of total final energy consumption),EG.FEC.RNEW.ZS,World,WLD,17.4035082673572,17.6281084915531,17.8541835016377,18.1052270747944,18.5751641385934,19.7355641050053,..,..,..,..
,,,,,,,,,,,,,
,,,,,,,,,,,,,
,,,,,,,,,,,,,
Data from database: World Development Indicators,,,,,,,,,,,,,
Last Updated: 04/08/2026,,,,,,,,,,,,,
